[2025-06-25 14:38:51] [INFO] El servidor está escuchando en el puerto 9000
[2025-06-25 14:38:51] [INFO] Conexión exitosa a MongoDB
[2025-06-25 14:38:51] [INFO] Base de datos conectada
[2025-06-25 14:38:52] [INFO] Conexión establecida con la base de datos
[2025-06-25 14:38:55] [INFO] Database synchronized
[2025-06-25 14:53:28] [INFO] El servidor está escuchando en el puerto 9000
[2025-06-25 14:53:28] [INFO] Conexión exitosa a MongoDB
[2025-06-25 14:53:28] [INFO] Base de datos conectada
[2025-06-25 14:53:29] [INFO] Conexión establecida con la base de datos
[2025-06-25 14:53:32] [INFO] Database synchronized
[2025-06-25 15:00:27] [INFO] El servidor está escuchando en el puerto 9000
[2025-06-25 15:00:27] [INFO] Conexión exitosa a MongoDB
[2025-06-25 15:00:27] [INFO] Base de datos conectada
[2025-06-25 15:00:28] [INFO] Conexión establecida con la base de datos
[2025-06-25 15:00:31] [INFO] Database synchronized
[2025-06-25 15:05:59] [INFO] El servidor está escuchando en el puerto 9000
[2025-06-25 15:05:59] [INFO] Conexión exitosa a MongoDB
[2025-06-25 15:05:59] [INFO] Base de datos conectada
[2025-06-25 15:06:00] [INFO] Conexión establecida con la base de datos
[2025-06-25 15:06:08] [INFO] El servidor está escuchando en el puerto 9000
[2025-06-25 15:06:08] [INFO] Conexión exitosa a MongoDB
[2025-06-25 15:06:09] [INFO] Base de datos conectada
[2025-06-25 15:06:09] [INFO] Conexión establecida con la base de datos
[2025-06-25 15:06:13] [INFO] Database synchronized
[2025-06-25 15:30:03] [INFO] El servidor está escuchando en el puerto 9000
[2025-06-25 15:30:03] [INFO] Conexión exitosa a MongoDB
[2025-06-25 15:30:03] [INFO] Base de datos conectada
[2025-06-25 15:30:04] [INFO] Conexión establecida con la base de datos
[2025-06-25 15:30:07] [INFO] Database synchronized
[2025-06-25 15:33:43] [INFO] El servidor está escuchando en el puerto 9000
[2025-06-25 15:33:43] [INFO] Conexión exitosa a MongoDB
[2025-06-25 15:33:44] [INFO] Base de datos conectada
[2025-06-25 15:33:44] [INFO] Conexión establecida con la base de datos
[2025-06-25 15:33:48] [INFO] Database synchronized
[2025-06-25 15:34:33] [INFO] DEBUG - Correo recibido: jeremy@gmail.com
[2025-06-25 15:34:33] [INFO] DEBUG - Correo cifrado para búsqueda: U2FsdGVkX19/SCyI7INgZymgHnmwkomRxQkae6+5wgpPnCV4s+PDA+vnnXBZdOs1
[2025-06-25 15:34:33] [INFO] DEBUG - Usuario NO encontrado con ese correo cifrado
[2025-06-25 15:44:45] [INFO] El servidor está escuchando en el puerto 9000
[2025-06-25 15:44:45] [INFO] Conexión exitosa a MongoDB
[2025-06-25 15:44:46] [INFO] Base de datos conectada
[2025-06-25 15:44:46] [INFO] Conexión establecida con la base de datos
[2025-06-25 15:44:50] [INFO] Database synchronized
[2025-06-25 15:45:02] [INFO] DEBUG - Correo recibido: jeremy@gmail.com
[2025-06-25 15:45:02] [INFO] DEBUG - Correo cifrado para búsqueda: U2FsdGVkX1+VnSf/D0GyVU7OmExVrWtNFr0O1G1O6Qb0KvmZ1EbO9A6v+eR5X970
[2025-06-25 15:45:02] [INFO] DEBUG - Usuario NO encontrado con ese correo cifrado
[2025-06-25 15:53:57] [INFO] El servidor está escuchando en el puerto 9000
[2025-06-25 15:53:57] [INFO] Conexión exitosa a MongoDB
[2025-06-25 15:53:57] [INFO] Base de datos conectada
[2025-06-25 15:53:58] [INFO] Conexión establecida con la base de datos
[2025-06-25 15:53:58] [ERROR] Error synchronizing the database: SequelizeDatabaseError: Data truncated for column 'cedula_identidad' at row 1
[2025-06-25 15:54:29] [INFO] El servidor está escuchando en el puerto 9000
[2025-06-25 15:54:29] [INFO] Conexión exitosa a MongoDB
[2025-06-25 15:54:29] [INFO] Base de datos conectada
[2025-06-25 15:54:30] [INFO] Conexión establecida con la base de datos
[2025-06-25 15:54:33] [INFO] Database synchronized
[2025-06-25 15:56:04] [INFO] El servidor está escuchando en el puerto 9000
[2025-06-25 15:56:04] [INFO] Conexión exitosa a MongoDB
[2025-06-25 15:56:04] [INFO] Base de datos conectada
[2025-06-25 15:56:05] [INFO] Conexión establecida con la base de datos
[2025-06-25 15:56:05] [ERROR] Error synchronizing the database: SequelizeDatabaseError: Data truncated for column 'cedula_identidad' at row 1
[2025-06-25 15:59:10] [INFO] El servidor está escuchando en el puerto 9000
[2025-06-25 15:59:10] [INFO] Conexión exitosa a MongoDB
[2025-06-25 15:59:10] [INFO] Base de datos conectada
[2025-06-25 15:59:11] [INFO] Conexión establecida con la base de datos
[2025-06-25 15:59:11] [ERROR] Error synchronizing the database: SequelizeDatabaseError: Truncated incorrect INTEGER value: 'U2FsdGVkX18NOKwwwniHW06iJmfyXY6d8KrmAMYICU8mSiauNUcR671i9Vz/kJsE7l9S9d1EQdGrD9eotGUA5C10muGALVU6YSH0ufxGpqDw9qHT538C0wx0RBPHd...'
[2025-06-25 16:03:10] [INFO] El servidor está escuchando en el puerto 9000
[2025-06-25 16:03:10] [INFO] Conexión exitosa a MongoDB
[2025-06-25 16:03:10] [INFO] Base de datos conectada
[2025-06-25 16:03:11] [INFO] Conexión establecida con la base de datos
[2025-06-25 16:03:11] [ERROR] Error synchronizing the database: SequelizeDatabaseError: Truncated incorrect INTEGER value: 'U2FsdGVkX18NOKwwwniHW06iJmfyXY6d8KrmAMYICU8mSiauNUcR671i9Vz/kJsE7l9S9d1EQdGrD9eotGUA5C10muGALVU6YSH0ufxGpqDw9qHT538C0wx0RBPHd...'
[2025-06-25 16:04:50] [INFO] El servidor está escuchando en el puerto 9000
[2025-06-25 16:04:50] [INFO] Conexión exitosa a MongoDB
[2025-06-25 16:04:50] [INFO] Base de datos conectada
[2025-06-25 16:04:51] [INFO] Conexión establecida con la base de datos
[2025-06-25 16:04:52] [ERROR] Error synchronizing the database: SequelizeDatabaseError: Truncated incorrect INTEGER value: 'U2FsdGVkX18NOKwwwniHW06iJmfyXY6d8KrmAMYICU8mSiauNUcR671i9Vz/kJsE7l9S9d1EQdGrD9eotGUA5C10muGALVU6YSH0ufxGpqDw9qHT538C0wx0RBPHd...'
[2025-06-25 16:06:35] [INFO] El servidor está escuchando en el puerto 9000
[2025-06-25 16:06:35] [INFO] Conexión exitosa a MongoDB
[2025-06-25 16:06:35] [INFO] Base de datos conectada
[2025-06-25 16:06:36] [INFO] Conexión establecida con la base de datos
[2025-06-25 16:06:36] [ERROR] Error synchronizing the database: SequelizeDatabaseError: Truncated incorrect INTEGER value: 'U2FsdGVkX18NOKwwwniHW06iJmfyXY6d8KrmAMYICU8mSiauNUcR671i9Vz/kJsE7l9S9d1EQdGrD9eotGUA5C10muGALVU6YSH0ufxGpqDw9qHT538C0wx0RBPHd...'
[2025-06-25 16:08:57] [INFO] El servidor está escuchando en el puerto 9000
[2025-06-25 16:08:57] [INFO] Conexión exitosa a MongoDB
[2025-06-25 16:08:57] [INFO] Base de datos conectada
[2025-06-25 16:08:58] [INFO] Conexión establecida con la base de datos
[2025-06-25 16:08:58] [ERROR] Error synchronizing the database: SequelizeDatabaseError: Truncated incorrect INTEGER value: 'U2FsdGVkX18NOKwwwniHW06iJmfyXY6d8KrmAMYICU8mSiauNUcR671i9Vz/kJsE7l9S9d1EQdGrD9eotGUA5C10muGALVU6YSH0ufxGpqDw9qHT538C0wx0RBPHd...'
[2025-06-25 16:17:22] [INFO] El servidor está escuchando en el puerto 9000
[2025-06-25 16:17:22] [INFO] Conexión exitosa a MongoDB
[2025-06-25 16:17:22] [INFO] Base de datos conectada
[2025-06-25 16:17:23] [INFO] Conexión establecida con la base de datos
[2025-06-25 16:17:34] [INFO] Database synchronized
[2025-06-25 16:20:55] [INFO] El servidor está escuchando en el puerto 9000
[2025-06-25 16:20:55] [INFO] Conexión exitosa a MongoDB
[2025-06-25 16:20:55] [INFO] Base de datos conectada
[2025-06-25 16:20:56] [INFO] Conexión establecida con la base de datos
[2025-06-25 16:21:07] [INFO] Database synchronized
[2025-06-25 16:21:51] [INFO] DEBUG - Correo recibido: alexander@gmail.com
[2025-06-25 16:21:51] [INFO] DEBUG - Hash para búsqueda: c77f8a5c2a308519d7da9507965bb0bd3c79ee20f2cca7831d617b402ba71abc
[2025-06-25 16:21:52] [INFO] DEBUG - Usuario encontrado: 1
[2025-06-25 16:21:52] [INFO] DEBUG - Password match: true
[2025-06-25 16:35:59] [INFO] DEBUG - Correo recibido: alexander@gmail.com
[2025-06-25 16:35:59] [INFO] DEBUG - Hash para búsqueda: c77f8a5c2a308519d7da9507965bb0bd3c79ee20f2cca7831d617b402ba71abc
[2025-06-25 16:35:59] [INFO] DEBUG - Usuario encontrado: 1
[2025-06-25 16:35:59] [INFO] DEBUG - Password match: true
[2025-06-25 16:36:21] [INFO] DEBUG - Correo recibido: alexander@gmail.com
[2025-06-25 16:36:21] [INFO] DEBUG - Hash para búsqueda: c77f8a5c2a308519d7da9507965bb0bd3c79ee20f2cca7831d617b402ba71abc
[2025-06-25 16:36:21] [INFO] DEBUG - Usuario encontrado: 1
[2025-06-25 16:36:21] [INFO] DEBUG - Password match: true
[2025-06-25 16:36:48] [INFO] DEBUG - Correo recibido: alexander@gmail.com
[2025-06-25 16:36:48] [INFO] DEBUG - Hash para búsqueda: c77f8a5c2a308519d7da9507965bb0bd3c79ee20f2cca7831d617b402ba71abc
[2025-06-25 16:36:48] [INFO] DEBUG - Usuario encontrado: 1
[2025-06-25 16:36:48] [INFO] DEBUG - Password match: true
[2025-06-25 16:37:01] [INFO] DEBUG - Correo recibido: aleander@gmail.com
[2025-06-25 16:37:01] [INFO] DEBUG - Hash para búsqueda: ae129e34ecbe25a43b1525181d696b27821cec1de3a7c198a0ce6f17b5332367
[2025-06-25 16:37:02] [INFO] DEBUG - Usuario NO encontrado con ese hash
[2025-06-25 16:37:19] [INFO] El servidor está escuchando en el puerto 9000
[2025-06-25 16:37:19] [INFO] Conexión exitosa a MongoDB
[2025-06-25 16:37:19] [INFO] Base de datos conectada
[2025-06-25 16:37:20] [INFO] Conexión establecida con la base de datos
[2025-06-25 16:37:29] [INFO] Database synchronized
[2025-06-25 16:37:34] [INFO] DEBUG - Correo recibido: alexander@gmail.com
[2025-06-25 16:37:34] [INFO] DEBUG - Hash para búsqueda: c77f8a5c2a308519d7da9507965bb0bd3c79ee20f2cca7831d617b402ba71abc
[2025-06-25 16:37:34] [INFO] DEBUG - Usuario NO encontrado con ese hash
[2025-06-25 16:37:41] [INFO] DEBUG - Correo recibido: alexander@gmail.com
[2025-06-25 16:37:41] [INFO] DEBUG - Hash para búsqueda: c77f8a5c2a308519d7da9507965bb0bd3c79ee20f2cca7831d617b402ba71abc
[2025-06-25 16:37:41] [INFO] DEBUG - Usuario NO encontrado con ese hash
[2025-06-25 16:37:53] [INFO] El servidor está escuchando en el puerto 9000
[2025-06-25 16:37:53] [INFO] Conexión exitosa a MongoDB
[2025-06-25 16:37:53] [INFO] Base de datos conectada
[2025-06-25 16:37:54] [INFO] Conexión establecida con la base de datos
[2025-06-25 16:38:05] [INFO] Database synchronized
[2025-06-25 16:38:21] [INFO] DEBUG - Correo recibido: alexander@gmail.com
[2025-06-25 16:38:21] [INFO] DEBUG - Hash para búsqueda: c77f8a5c2a308519d7da9507965bb0bd3c79ee20f2cca7831d617b402ba71abc
[2025-06-25 16:38:21] [INFO] DEBUG - Usuario NO encontrado con ese hash
[2025-06-25 16:39:27] [INFO] El servidor está escuchando en el puerto 9000
[2025-06-25 16:39:27] [INFO] Conexión exitosa a MongoDB
[2025-06-25 16:39:27] [INFO] Base de datos conectada
[2025-06-25 16:39:28] [INFO] Conexión establecida con la base de datos
[2025-06-25 16:39:47] [INFO] Database synchronized
[2025-06-25 16:39:54] [INFO] DEBUG - Correo recibido: alexander@gmail.com
[2025-06-25 16:39:54] [INFO] DEBUG - Hash para búsqueda: c77f8a5c2a308519d7da9507965bb0bd3c79ee20f2cca7831d617b402ba71abc
[2025-06-25 16:39:54] [INFO] DEBUG - Usuario encontrado: 1
[2025-06-25 16:39:54] [INFO] DEBUG - Password match: true
[2025-06-25 16:40:11] [INFO] DEBUG - Correo recibido: alexander@gmail.com
[2025-06-25 16:40:11] [INFO] DEBUG - Hash para búsqueda: c77f8a5c2a308519d7da9507965bb0bd3c79ee20f2cca7831d617b402ba71abc
[2025-06-25 16:40:11] [INFO] DEBUG - Usuario encontrado: 1
[2025-06-25 16:40:12] [INFO] DEBUG - Password match: true
[2025-06-25 16:40:22] [INFO] DEBUG - Correo recibido: alexander@gmail.com
[2025-06-25 16:40:22] [INFO] DEBUG - Hash para búsqueda: c77f8a5c2a308519d7da9507965bb0bd3c79ee20f2cca7831d617b402ba71abc
[2025-06-25 16:40:22] [INFO] DEBUG - Usuario encontrado: 1
[2025-06-25 16:40:22] [INFO] DEBUG - Password match: true
[2025-06-25 16:41:06] [INFO] DEBUG - Correo recibido: alexander@gmail.com
[2025-06-25 16:41:06] [INFO] DEBUG - Hash para búsqueda: c77f8a5c2a308519d7da9507965bb0bd3c79ee20f2cca7831d617b402ba71abc
[2025-06-25 16:41:06] [INFO] DEBUG - Usuario encontrado: 1
[2025-06-25 16:41:06] [INFO] DEBUG - Password match: true
[2025-06-25 16:41:17] [INFO] DEBUG - Correo recibido: alexander@gmail.com
[2025-06-25 16:41:17] [INFO] DEBUG - Hash para búsqueda: c77f8a5c2a308519d7da9507965bb0bd3c79ee20f2cca7831d617b402ba71abc
[2025-06-25 16:41:17] [INFO] DEBUG - Usuario encontrado: 1
[2025-06-25 16:41:17] [INFO] DEBUG - Password match: true
[2025-06-25 16:41:33] [INFO] DEBUG - Correo recibido: alexander@gmail.com
[2025-06-25 16:41:33] [INFO] DEBUG - Hash para búsqueda: c77f8a5c2a308519d7da9507965bb0bd3c79ee20f2cca7831d617b402ba71abc
[2025-06-25 16:41:33] [INFO] DEBUG - Usuario encontrado: 1
[2025-06-25 16:41:33] [INFO] DEBUG - Password match: true
[2025-06-25 16:41:58] [INFO] DEBUG - Correo recibido: alexander@gmail.com
[2025-06-25 16:41:58] [INFO] DEBUG - Hash para búsqueda: c77f8a5c2a308519d7da9507965bb0bd3c79ee20f2cca7831d617b402ba71abc
[2025-06-25 16:41:58] [INFO] DEBUG - Usuario encontrado: 1
[2025-06-25 16:41:58] [INFO] DEBUG - Password match: true
[2025-06-25 16:42:10] [INFO] DEBUG - Correo recibido: alexander@gmail.com
[2025-06-25 16:42:10] [INFO] DEBUG - Hash para búsqueda: c77f8a5c2a308519d7da9507965bb0bd3c79ee20f2cca7831d617b402ba71abc
[2025-06-25 16:42:10] [INFO] DEBUG - Usuario encontrado: 1
[2025-06-25 16:42:10] [INFO] DEBUG - Password match: true
[2025-06-25 16:43:57] [ERROR] invalid csrf token
STACK:
ForbiddenError: invalid csrf token
    at csrf (C:\Users\USUARIO\Desktop\sos-semana4\back_sos911\node_modules\csurf\index.js:112:19)
    at Layer.handle [as handle_request] (C:\Users\USUARIO\Desktop\sos-semana4\back_sos911\node_modules\express\lib\router\layer.js:95:5)
    at trim_prefix (C:\Users\USUARIO\Desktop\sos-semana4\back_sos911\node_modules\express\lib\router\index.js:328:13)
    at C:\Users\USUARIO\Desktop\sos-semana4\back_sos911\node_modules\express\lib\router\index.js:286:9
    at Function.process_params (C:\Users\USUARIO\Desktop\sos-semana4\back_sos911\node_modules\express\lib\router\index.js:346:12)
    at next (C:\Users\USUARIO\Desktop\sos-semana4\back_sos911\node_modules\express\lib\router\index.js:280:10)
    at C:\Users\USUARIO\Desktop\sos-semana4\back_sos911\src\app.js:127:5
    at Layer.handle [as handle_request] (C:\Users\USUARIO\Desktop\sos-semana4\back_sos911\node_modules\express\lib\router\layer.js:95:5)
    at trim_prefix (C:\Users\USUARIO\Desktop\sos-semana4\back_sos911\node_modules\express\lib\router\index.js:328:13)
    at C:\Users\USUARIO\Desktop\sos-semana4\back_sos911\node_modules\express\lib\router\index.js:286:9
[2025-06-25 16:43:57] [WARN] Error de validación CSRF
[2025-06-25 16:49:02] [INFO] El servidor está escuchando en el puerto 9000
[2025-06-25 16:49:02] [INFO] Conexión exitosa a MongoDB
[2025-06-25 16:49:02] [INFO] Base de datos conectada
[2025-06-25 16:49:03] [INFO] Conexión establecida con la base de datos
[2025-06-25 16:49:14] [INFO] DEBUG - Correo recibido: alexander@gmail.com
[2025-06-25 16:49:14] [INFO] DEBUG - Hash para búsqueda: c77f8a5c2a308519d7da9507965bb0bd3c79ee20f2cca7831d617b402ba71abc
[2025-06-25 16:49:14] [INFO] DEBUG - Usuario encontrado: 1
[2025-06-25 16:49:14] [INFO] DEBUG - Password match: true
[2025-06-25 16:49:21] [INFO] Database synchronized
[2025-06-25 16:51:10] [INFO] El servidor está escuchando en el puerto 9000
[2025-06-25 16:51:10] [INFO] Conexión exitosa a MongoDB
[2025-06-25 16:51:11] [INFO] Base de datos conectada
[2025-06-25 16:51:11] [INFO] Conexión establecida con la base de datos
[2025-06-25 16:51:29] [INFO] Database synchronized
[2025-06-25 16:54:11] [INFO] DEBUG - Correo recibido: oscar7896@gmail.com
[2025-06-25 16:54:11] [INFO] DEBUG - Hash para búsqueda: 39bad662b55aa05f35301c26c7de51424071f5a756b49fbd3d4f52502138e551
[2025-06-25 16:54:12] [INFO] DEBUG - Usuario encontrado: 2
[2025-06-25 16:54:12] [INFO] DEBUG - Password match: true
[2025-06-25 16:54:57] [INFO] DEBUG - Correo recibido: oscar7896@gmail.com
[2025-06-25 16:54:57] [INFO] DEBUG - Hash para búsqueda: 39bad662b55aa05f35301c26c7de51424071f5a756b49fbd3d4f52502138e551
[2025-06-25 16:54:58] [INFO] DEBUG - Usuario encontrado: 2
[2025-06-25 16:54:58] [INFO] DEBUG - Password match: true
[2025-06-25 16:59:12] [INFO] DEBUG - Correo recibido: oscar7896@gmail.com
[2025-06-25 16:59:12] [INFO] DEBUG - Hash para búsqueda: 39bad662b55aa05f35301c26c7de51424071f5a756b49fbd3d4f52502138e551
[2025-06-25 16:59:12] [INFO] DEBUG - Usuario encontrado: 2
[2025-06-25 16:59:12] [INFO] DEBUG - Password match: true
[2025-06-25 16:59:29] [INFO] El servidor está escuchando en el puerto 9000
[2025-06-25 16:59:29] [INFO] Conexión exitosa a MongoDB
[2025-06-25 16:59:29] [INFO] Base de datos conectada
[2025-06-25 16:59:30] [INFO] Conexión establecida con la base de datos
[2025-06-25 16:59:41] [INFO] DEBUG - Correo recibido: oscar7896@gmail.com
[2025-06-25 16:59:41] [INFO] DEBUG - Hash para búsqueda: 39bad662b55aa05f35301c26c7de51424071f5a756b49fbd3d4f52502138e551
[2025-06-25 16:59:42] [INFO] DEBUG - Usuario encontrado: 2
[2025-06-25 16:59:42] [INFO] DEBUG - Password match: true
[2025-06-25 16:59:46] [INFO] DEBUG - Correo recibido: oscar7896@gmail.com
[2025-06-25 16:59:46] [INFO] DEBUG - Hash para búsqueda: 39bad662b55aa05f35301c26c7de51424071f5a756b49fbd3d4f52502138e551
[2025-06-25 16:59:46] [INFO] DEBUG - Usuario encontrado: 2
[2025-06-25 16:59:46] [INFO] DEBUG - Password match: true
[2025-06-25 16:59:48] [INFO] Database synchronized
[2025-06-25 17:00:30] [INFO] DEBUG - Correo recibido: oscar7896@gmail.com
[2025-06-25 17:00:30] [INFO] DEBUG - Hash para búsqueda: 39bad662b55aa05f35301c26c7de51424071f5a756b49fbd3d4f52502138e551
[2025-06-25 17:00:30] [INFO] DEBUG - Usuario encontrado: 2
[2025-06-25 17:00:30] [INFO] DEBUG - Password match: true
[2025-06-25 17:01:22] [INFO] DEBUG - Correo recibido: oscar7896@gmail.com
[2025-06-25 17:01:22] [INFO] DEBUG - Hash para búsqueda: 39bad662b55aa05f35301c26c7de51424071f5a756b49fbd3d4f52502138e551
[2025-06-25 17:01:22] [INFO] DEBUG - Usuario encontrado: 2
[2025-06-25 17:01:22] [INFO] DEBUG - Password match: true
[2025-06-25 17:01:34] [INFO] DEBUG - Correo recibido: oscar7896@gmail.com
[2025-06-25 17:01:34] [INFO] DEBUG - Hash para búsqueda: 39bad662b55aa05f35301c26c7de51424071f5a756b49fbd3d4f52502138e551
[2025-06-25 17:01:34] [INFO] DEBUG - Usuario encontrado: 2
[2025-06-25 17:01:34] [INFO] DEBUG - Password match: true
[2025-06-25 17:12:25] [INFO] El servidor está escuchando en el puerto 9000
[2025-06-25 17:12:25] [INFO] Conexión exitosa a MongoDB
[2025-06-25 17:12:26] [INFO] Base de datos conectada
[2025-06-25 17:12:26] [INFO] Conexión establecida con la base de datos
[2025-06-25 17:12:30] [INFO] Database synchronized
[2025-06-25 17:13:25] [INFO] DEBUG - Correo recibido: oscar7896@gmail.com
[2025-06-25 17:13:25] [INFO] DEBUG - Hash para búsqueda: 39bad662b55aa05f35301c26c7de51424071f5a756b49fbd3d4f52502138e551
[2025-06-25 17:13:25] [INFO] DEBUG - Usuario encontrado: 2
[2025-06-25 17:13:26] [INFO] DEBUG - Password match: true
[2025-06-25 17:23:37] [INFO] El servidor está escuchando en el puerto 9000
[2025-06-25 17:23:37] [INFO] Conexión exitosa a MongoDB
[2025-06-25 17:23:38] [INFO] Base de datos conectada
[2025-06-25 17:23:38] [INFO] Conexión establecida con la base de datos
[2025-06-25 17:23:42] [INFO] Database synchronized
[2025-06-25 17:24:50] [INFO] DEBUG - Correo recibido: isabel@gmail.com
[2025-06-25 17:24:50] [INFO] DEBUG - Hash para búsqueda: fa2af95cbd81fdacf2a31a0f77f759fbb3a08d6913a69a360473785dd693f67a
[2025-06-25 17:24:50] [INFO] DEBUG - Usuario encontrado: 3
[2025-06-25 17:24:51] [INFO] DEBUG - Password match: true
[2025-06-25 17:25:08] [INFO] El servidor está escuchando en el puerto 9000
[2025-06-25 17:25:08] [INFO] Conexión exitosa a MongoDB
[2025-06-25 17:25:09] [INFO] Base de datos conectada
[2025-06-25 17:25:09] [INFO] Conexión establecida con la base de datos
[2025-06-25 17:25:13] [INFO] Database synchronized
[2025-06-25 17:25:24] [INFO] DEBUG - Correo recibido: isabel@gmail.com
[2025-06-25 17:25:24] [INFO] DEBUG - Hash para búsqueda: fa2af95cbd81fdacf2a31a0f77f759fbb3a08d6913a69a360473785dd693f67a
[2025-06-25 17:25:25] [INFO] DEBUG - Usuario encontrado: 3
[2025-06-25 17:25:25] [INFO] DEBUG - Password match: true
[2025-06-25 17:26:11] [INFO] DEBUG - Correo recibido: isabel@gmail.com
[2025-06-25 17:26:11] [INFO] DEBUG - Hash para búsqueda: fa2af95cbd81fdacf2a31a0f77f759fbb3a08d6913a69a360473785dd693f67a
[2025-06-25 17:26:11] [INFO] DEBUG - Usuario encontrado: 3
[2025-06-25 17:26:11] [INFO] DEBUG - Password match: true
[2025-06-25 17:26:17] [INFO] DEBUG - Correo recibido: isabel@gmail.com
[2025-06-25 17:26:17] [INFO] DEBUG - Hash para búsqueda: fa2af95cbd81fdacf2a31a0f77f759fbb3a08d6913a69a360473785dd693f67a
[2025-06-25 17:26:17] [INFO] DEBUG - Usuario encontrado: 3
[2025-06-25 17:26:17] [INFO] DEBUG - Password match: true
[2025-06-25 17:26:28] [INFO] El servidor está escuchando en el puerto 9000
[2025-06-25 17:26:28] [INFO] Conexión exitosa a MongoDB
[2025-06-25 17:26:28] [INFO] Base de datos conectada
[2025-06-25 17:26:29] [INFO] Conexión establecida con la base de datos
[2025-06-25 17:26:32] [INFO] Database synchronized
[2025-06-25 17:26:34] [INFO] DEBUG - Correo recibido: isabel@gmail.com
[2025-06-25 17:26:34] [INFO] DEBUG - Hash para búsqueda: fa2af95cbd81fdacf2a31a0f77f759fbb3a08d6913a69a360473785dd693f67a
[2025-06-25 17:26:34] [INFO] DEBUG - Usuario encontrado: 3
[2025-06-25 17:26:34] [INFO] DEBUG - Password match: true
[2025-06-25 17:31:41] [INFO] DEBUG - Correo recibido: isabel@gmail.com
[2025-06-25 17:31:41] [INFO] DEBUG - Hash para búsqueda: fa2af95cbd81fdacf2a31a0f77f759fbb3a08d6913a69a360473785dd693f67a
[2025-06-25 17:31:41] [INFO] DEBUG - Usuario encontrado: 3
[2025-06-25 17:31:41] [INFO] DEBUG - Password match: true
[2025-06-25 17:34:34] [INFO] DEBUG - Correo recibido: isabel@gmail.com
[2025-06-25 17:34:34] [INFO] DEBUG - Hash para búsqueda: fa2af95cbd81fdacf2a31a0f77f759fbb3a08d6913a69a360473785dd693f67a
[2025-06-25 17:34:34] [INFO] DEBUG - Usuario encontrado: 3
[2025-06-25 17:34:34] [INFO] DEBUG - Password match: true
[2025-06-25 17:34:50] [INFO] DEBUG - Correo recibido: isabel@gmail.com
[2025-06-25 17:34:50] [INFO] DEBUG - Hash para búsqueda: fa2af95cbd81fdacf2a31a0f77f759fbb3a08d6913a69a360473785dd693f67a
[2025-06-25 17:34:50] [INFO] DEBUG - Usuario encontrado: 3
[2025-06-25 17:34:50] [INFO] DEBUG - Password match: true
[2025-06-25 17:35:59] [INFO] DEBUG - Correo recibido: isabel@gmail.com
[2025-06-25 17:35:59] [INFO] DEBUG - Hash para búsqueda: fa2af95cbd81fdacf2a31a0f77f759fbb3a08d6913a69a360473785dd693f67a
[2025-06-25 17:35:59] [INFO] DEBUG - Usuario encontrado: 3
[2025-06-25 17:35:59] [INFO] DEBUG - Password match: true
[2025-06-25 17:36:42] [INFO] DEBUG - Correo recibido: isabel@gmail.com
[2025-06-25 17:36:42] [INFO] DEBUG - Hash para búsqueda: fa2af95cbd81fdacf2a31a0f77f759fbb3a08d6913a69a360473785dd693f67a
[2025-06-25 17:36:42] [INFO] DEBUG - Usuario encontrado: 3
[2025-06-25 17:36:42] [INFO] DEBUG - Password match: true
[2025-06-25 17:40:12] [INFO] DEBUG - Correo recibido: isabel@gmail.com
[2025-06-25 17:40:12] [INFO] DEBUG - Hash para búsqueda: fa2af95cbd81fdacf2a31a0f77f759fbb3a08d6913a69a360473785dd693f67a
[2025-06-25 17:40:13] [INFO] DEBUG - Usuario encontrado: 3
[2025-06-25 17:40:13] [INFO] DEBUG - Password match: true
[2025-06-25 17:44:27] [INFO] El servidor está escuchando en el puerto 9000
[2025-06-25 17:44:27] [INFO] Conexión exitosa a MongoDB
[2025-06-25 17:44:27] [INFO] Base de datos conectada
[2025-06-25 17:44:28] [INFO] Conexión establecida con la base de datos
[2025-06-25 17:44:31] [INFO] Database synchronized
[2025-06-25 17:44:54] [INFO] DEBUG - Correo recibido: isabel@gmail.com
[2025-06-25 17:44:54] [INFO] DEBUG - Hash para búsqueda: fa2af95cbd81fdacf2a31a0f77f759fbb3a08d6913a69a360473785dd693f67a
[2025-06-25 17:44:54] [INFO] DEBUG - Usuario encontrado: 3
[2025-06-25 17:44:54] [INFO] DEBUG - Password match: true
[2025-06-25 17:45:40] [INFO] DEBUG - Correo recibido: isabel@gmail.com
[2025-06-25 17:45:40] [INFO] DEBUG - Hash para búsqueda: fa2af95cbd81fdacf2a31a0f77f759fbb3a08d6913a69a360473785dd693f67a
[2025-06-25 17:45:40] [INFO] DEBUG - Usuario encontrado: 3
[2025-06-25 17:45:40] [INFO] DEBUG - Password match: true
[2025-06-25 17:46:05] [INFO] DEBUG - Correo recibido: isabel@gmail.com
[2025-06-25 17:46:05] [INFO] DEBUG - Hash para búsqueda: fa2af95cbd81fdacf2a31a0f77f759fbb3a08d6913a69a360473785dd693f67a
[2025-06-25 17:46:05] [INFO] DEBUG - Usuario encontrado: 3
[2025-06-25 17:46:05] [INFO] DEBUG - Password match: true
[2025-06-25 17:46:24] [INFO] DEBUG - Correo recibido: isabel@gmail.com
[2025-06-25 17:46:24] [INFO] DEBUG - Hash para búsqueda: fa2af95cbd81fdacf2a31a0f77f759fbb3a08d6913a69a360473785dd693f67a
[2025-06-25 17:46:24] [INFO] DEBUG - Usuario encontrado: 3
[2025-06-25 17:46:24] [INFO] DEBUG - Password match: true
[2025-06-25 17:46:38] [INFO] DEBUG - Correo recibido: isabel@gmail.com
[2025-06-25 17:46:38] [INFO] DEBUG - Hash para búsqueda: fa2af95cbd81fdacf2a31a0f77f759fbb3a08d6913a69a360473785dd693f67a
[2025-06-25 17:46:38] [INFO] DEBUG - Usuario encontrado: 3
[2025-06-25 17:46:38] [INFO] DEBUG - Password match: true
[2025-06-25 17:47:06] [INFO] DEBUG - Correo recibido: isabel@gmail.com
[2025-06-25 17:47:06] [INFO] DEBUG - Hash para búsqueda: fa2af95cbd81fdacf2a31a0f77f759fbb3a08d6913a69a360473785dd693f67a
[2025-06-25 17:47:06] [INFO] DEBUG - Usuario encontrado: 3
[2025-06-25 17:47:06] [INFO] DEBUG - Password match: true
[2025-06-25 17:47:19] [INFO] DEBUG - Correo recibido: isabel@gmail.com
[2025-06-25 17:47:19] [INFO] DEBUG - Hash para búsqueda: fa2af95cbd81fdacf2a31a0f77f759fbb3a08d6913a69a360473785dd693f67a
[2025-06-25 17:47:19] [INFO] DEBUG - Usuario encontrado: 3
[2025-06-25 17:47:19] [INFO] DEBUG - Password match: true
[2025-06-25 17:47:34] [INFO] DEBUG - Correo recibido: isabel@gmail.com
[2025-06-25 17:47:34] [INFO] DEBUG - Hash para búsqueda: fa2af95cbd81fdacf2a31a0f77f759fbb3a08d6913a69a360473785dd693f67a
[2025-06-25 17:47:34] [INFO] DEBUG - Usuario encontrado: 3
[2025-06-25 17:47:34] [INFO] DEBUG - Password match: true
[2025-06-25 17:47:47] [INFO] DEBUG - Correo recibido: isabel@gmail.com
[2025-06-25 17:47:47] [INFO] DEBUG - Hash para búsqueda: fa2af95cbd81fdacf2a31a0f77f759fbb3a08d6913a69a360473785dd693f67a
[2025-06-25 17:47:47] [INFO] DEBUG - Usuario encontrado: 3
[2025-06-25 17:47:47] [INFO] DEBUG - Password match: true
[2025-06-25 17:48:00] [INFO] DEBUG - Correo recibido: isabel@gmail.com
[2025-06-25 17:48:00] [INFO] DEBUG - Hash para búsqueda: fa2af95cbd81fdacf2a31a0f77f759fbb3a08d6913a69a360473785dd693f67a
[2025-06-25 17:48:00] [INFO] DEBUG - Usuario encontrado: 3
[2025-06-25 17:48:00] [INFO] DEBUG - Password match: true
[2025-06-25 17:48:16] [INFO] DEBUG - Correo recibido: isabel@gmail.com
[2025-06-25 17:48:16] [INFO] DEBUG - Hash para búsqueda: fa2af95cbd81fdacf2a31a0f77f759fbb3a08d6913a69a360473785dd693f67a
[2025-06-25 17:48:16] [INFO] DEBUG - Usuario encontrado: 3
[2025-06-25 17:48:16] [INFO] DEBUG - Password match: true
[2025-06-25 17:51:38] [INFO] El servidor está escuchando en el puerto 9000
[2025-06-25 17:51:38] [INFO] Conexión exitosa a MongoDB
[2025-06-25 17:51:38] [INFO] Base de datos conectada
[2025-06-25 17:51:39] [INFO] Conexión establecida con la base de datos
[2025-06-25 17:51:42] [INFO] Database synchronized
[2025-06-25 17:52:06] [INFO] DEBUG - Correo recibido: isabel@gmail.com
[2025-06-25 17:52:06] [INFO] DEBUG - Hash para búsqueda: fa2af95cbd81fdacf2a31a0f77f759fbb3a08d6913a69a360473785dd693f67a
[2025-06-25 17:52:06] [INFO] DEBUG - Usuario encontrado: 3
[2025-06-25 17:52:06] [INFO] DEBUG - Password match: true
[2025-06-25 17:52:17] [INFO] DEBUG - Correo recibido: isabel@gmail.com
[2025-06-25 17:52:17] [INFO] DEBUG - Hash para búsqueda: fa2af95cbd81fdacf2a31a0f77f759fbb3a08d6913a69a360473785dd693f67a
[2025-06-25 17:52:18] [INFO] DEBUG - Usuario encontrado: 3
[2025-06-25 17:52:18] [INFO] DEBUG - Password match: true
[2025-06-25 17:52:33] [INFO] DEBUG - Correo recibido: isabel@gmail.com
[2025-06-25 17:52:33] [INFO] DEBUG - Hash para búsqueda: fa2af95cbd81fdacf2a31a0f77f759fbb3a08d6913a69a360473785dd693f67a
[2025-06-25 17:52:33] [INFO] DEBUG - Usuario encontrado: 3
[2025-06-25 17:52:33] [INFO] DEBUG - Password match: true
[2025-06-25 17:53:37] [HTTP] GET /favicon.ico 404 150 - 1.799 ms - IP: ::1
[2025-06-25 18:03:52] [INFO] El servidor está escuchando en el puerto 9000
[2025-06-25 18:03:52] [INFO] Conexión exitosa a MongoDB
[2025-06-25 18:03:52] [INFO] Base de datos conectada
[2025-06-25 18:03:53] [INFO] Conexión establecida con la base de datos
[2025-06-25 18:03:57] [INFO] Database synchronized
[2025-06-25 18:04:15] [INFO] DEBUG - Correo recibido: isabel@gmail.com
[2025-06-25 18:04:15] [INFO] DEBUG - Hash para búsqueda: fa2af95cbd81fdacf2a31a0f77f759fbb3a08d6913a69a360473785dd693f67a
[2025-06-25 18:04:15] [INFO] DEBUG - Usuario encontrado: 3
[2025-06-25 18:04:15] [INFO] DEBUG - Password match: true
[2025-06-25 18:04:45] [INFO] El servidor está escuchando en el puerto 9000
[2025-06-25 18:04:45] [INFO] Conexión exitosa a MongoDB
[2025-06-25 18:04:45] [INFO] Base de datos conectada
[2025-06-25 18:04:46] [INFO] Conexión establecida con la base de datos
[2025-06-25 18:04:49] [INFO] Database synchronized
[2025-06-25 18:05:12] [INFO] DEBUG - Correo recibido: isabel@gmail.com
[2025-06-25 18:05:12] [INFO] DEBUG - Hash para búsqueda: fa2af95cbd81fdacf2a31a0f77f759fbb3a08d6913a69a360473785dd693f67a
[2025-06-25 18:05:12] [INFO] DEBUG - Usuario encontrado: 3
[2025-06-25 18:05:12] [INFO] DEBUG - Password match: true
[2025-06-25 18:11:29] [INFO] El servidor está escuchando en el puerto 9000
[2025-06-25 18:11:29] [INFO] Conexión exitosa a MongoDB
[2025-06-25 18:11:29] [INFO] Base de datos conectada
[2025-06-25 18:11:30] [INFO] Conexión establecida con la base de datos
[2025-06-25 18:11:33] [INFO] Database synchronized
[2025-06-25 18:11:45] [INFO] DEBUG - Correo recibido: isabel@gmail.com
[2025-06-25 18:11:45] [INFO] DEBUG - Hash para búsqueda: fa2af95cbd81fdacf2a31a0f77f759fbb3a08d6913a69a360473785dd693f67a
[2025-06-25 18:11:45] [INFO] DEBUG - Usuario encontrado: 3
[2025-06-25 18:11:45] [INFO] DEBUG - Password match: true
[2025-06-25 18:11:45] [ERROR] Error al descifrar dato: Malformed UTF-8 data
[2025-06-25 18:11:45] [ERROR] Error en login: Malformed UTF-8 data
[2025-06-25 18:12:33] [INFO] DEBUG - Correo recibido: jeremy@gmail.com
[2025-06-25 18:12:33] [INFO] DEBUG - Hash para búsqueda: 5f89e9892ea25beea422fc5c7dcc0888d0083baa90d5e5e840883cd68d5ef2d7
[2025-06-25 18:12:33] [INFO] DEBUG - Usuario encontrado: 4
[2025-06-25 18:12:34] [INFO] DEBUG - Password match: true
[2025-06-25 18:15:47] [INFO] DEBUG - Correo recibido: teresa@gmail.com
[2025-06-25 18:15:47] [INFO] DEBUG - Hash para búsqueda: de5067e51b1bedba2021fea1f8a13129ba01e46c9d88a8c3b1de7c3e504a4326
[2025-06-25 18:15:47] [INFO] DEBUG - Usuario encontrado: 5
[2025-06-25 18:15:47] [INFO] DEBUG - Password match: true
[2025-06-25 18:15:56] [INFO] DEBUG - Correo recibido: teresa@gmail.com
[2025-06-25 18:15:56] [INFO] DEBUG - Hash para búsqueda: de5067e51b1bedba2021fea1f8a13129ba01e46c9d88a8c3b1de7c3e504a4326
[2025-06-25 18:15:56] [INFO] DEBUG - Usuario encontrado: 5
[2025-06-25 18:15:56] [INFO] DEBUG - Password match: true
[2025-06-25 18:25:41] [INFO] Datos recibidos en el backend: [object Object]
[2025-06-25 18:25:41] [ERROR] Error al crear el usuarioNumero: Cannot add or update a child row: a foreign key constraint fails (`sos911`.`usuarios_numeros`, CONSTRAINT `usuarios_numeros_ibfk_1` FOREIGN KEY (`usuario_id`) REFERENCES `usuarios` (`id`) ON DELETE CASCADE ON UPDATE CASCADE)
[2025-06-25 18:25:46] [INFO] Datos recibidos en el backend: [object Object]
[2025-06-25 18:48:09] [INFO] El servidor está escuchando en el puerto 9000
[2025-06-25 18:48:09] [INFO] Conexión exitosa a MongoDB
[2025-06-25 18:48:09] [INFO] Base de datos conectada
[2025-06-25 18:48:10] [INFO] Conexión establecida con la base de datos
[2025-06-25 18:48:10] [ERROR] Error synchronizing the database: SequelizeDatabaseError: Key column 'correo_hash' doesn't exist in table
[2025-06-25 18:49:58] [ERROR] Error al crear cliente: Unknown column 'correo_hash' in 'field list'
[2025-06-25 18:50:07] [ERROR] Error al crear cliente: Unknown column 'correo_hash' in 'field list'
[2025-06-25 18:51:05] [INFO] El servidor está escuchando en el puerto 9000
[2025-06-25 18:51:05] [INFO] Conexión exitosa a MongoDB
[2025-06-25 18:51:05] [INFO] Base de datos conectada
[2025-06-25 18:51:05] [INFO] Conexión establecida con la base de datos
[2025-06-25 18:51:22] [INFO] Database synchronized
[2025-06-25 18:52:58] [INFO] El servidor está escuchando en el puerto 9000
[2025-06-25 18:52:58] [INFO] Conexión exitosa a MongoDB
[2025-06-25 18:52:59] [INFO] Base de datos conectada
[2025-06-25 18:52:59] [INFO] Conexión establecida con la base de datos
[2025-06-25 18:53:03] [INFO] Database synchronized
[2025-06-25 19:07:17] [INFO] El servidor está escuchando en el puerto 9000
[2025-06-25 19:07:17] [INFO] Conexión exitosa a MongoDB
[2025-06-25 19:07:17] [INFO] Base de datos conectada
[2025-06-25 19:07:18] [INFO] Conexión establecida con la base de datos
[2025-06-25 19:07:21] [INFO] Database synchronized
[2025-06-25 19:26:58] [INFO] El servidor está escuchando en el puerto 9000
[2025-06-25 19:26:58] [INFO] Conexión exitosa a MongoDB
[2025-06-25 19:26:58] [INFO] Base de datos conectada
[2025-06-25 19:26:59] [INFO] Conexión establecida con la base de datos
[2025-06-25 19:27:03] [INFO] Database synchronized
[2025-06-25 19:28:21] [INFO] DEBUG - Correo recibido: isabel@gmail.com
[2025-06-25 19:28:21] [INFO] DEBUG - Hash para búsqueda: fa2af95cbd81fdacf2a31a0f77f759fbb3a08d6913a69a360473785dd693f67a
[2025-06-25 19:28:21] [INFO] DEBUG - Usuario NO encontrado con ese hash
[2025-06-25 19:28:56] [INFO] DEBUG - Correo recibido: teresa@gmail.com
[2025-06-25 19:28:56] [INFO] DEBUG - Hash para búsqueda: de5067e51b1bedba2021fea1f8a13129ba01e46c9d88a8c3b1de7c3e504a4326
[2025-06-25 19:28:57] [INFO] DEBUG - Usuario encontrado: 5
[2025-06-25 19:28:57] [INFO] DEBUG - Password match: true
[2025-06-25 19:30:04] [INFO] DEBUG - Correo recibido: dfdf@gmail.com
[2025-06-25 19:30:04] [INFO] DEBUG - Hash para búsqueda: 457e189ad01452ed95ffbfb298cec0f9fc9a53ff347b81b5f19f6282799a2901
[2025-06-25 19:30:04] [INFO] DEBUG - Usuario NO encontrado con ese hash
[2025-06-25 19:30:22] [INFO] DEBUG - Correo recibido: teresa@gmail.com
[2025-06-25 19:30:22] [INFO] DEBUG - Hash para búsqueda: de5067e51b1bedba2021fea1f8a13129ba01e46c9d88a8c3b1de7c3e504a4326
[2025-06-25 19:30:22] [INFO] DEBUG - Usuario encontrado: 5
[2025-06-25 19:30:22] [INFO] DEBUG - Password match: true
[2025-06-25 19:33:50] [INFO] DEBUG - Correo recibido: chavo@gmail.com
[2025-06-25 19:33:50] [INFO] DEBUG - Hash para búsqueda: c3c5ee206f97ed341aea00d07546be728a5f35fe6541d5bacfea7e89946fe698
[2025-06-25 19:33:50] [INFO] DEBUG - Usuario NO encontrado con ese hash
[2025-06-25 19:42:53] [ERROR] (node:4788) Warning: Accessing non-existent property 'logger' of module exports inside circular dependency
(Use `node --trace-warnings ...` to show where the warning was created)
[2025-06-25 19:42:53] [INFO] El servidor está escuchando en el puerto 9000
[2025-06-25 19:42:53] [INFO] Conexión exitosa a MongoDB
[2025-06-25 19:42:54] [INFO] Base de datos conectada
[2025-06-25 19:42:54] [INFO] Conexión establecida con la base de datos
[2025-06-25 19:42:58] [INFO] Database synchronized
[2025-06-25 19:43:57] [ERROR] (node:14528) Warning: Accessing non-existent property 'logger' of module exports inside circular dependency
(Use `node --trace-warnings ...` to show where the warning was created)
[2025-06-25 19:43:57] [INFO] El servidor está escuchando en el puerto 9000
[2025-06-25 19:43:57] [INFO] Conexión exitosa a MongoDB
[2025-06-25 19:43:58] [INFO] Base de datos conectada
[2025-06-25 19:43:58] [INFO] Conexión establecida con la base de datos
[2025-06-25 19:44:02] [INFO] Database synchronized
[2025-06-25 19:45:25] [INFO] El servidor está escuchando en el puerto 9000
[2025-06-25 19:45:25] [INFO] Conexión exitosa a MongoDB
[2025-06-25 19:45:26] [INFO] Base de datos conectada
[2025-06-25 19:45:26] [INFO] Conexión establecida con la base de datos
[2025-06-25 19:45:30] [INFO] Database synchronized
[2025-06-25 19:46:02] [INFO] DEBUG - Correo recibido: teresa@gmail.com
[2025-06-25 19:46:02] [INFO] DEBUG - Hash para búsqueda: de5067e51b1bedba2021fea1f8a13129ba01e46c9d88a8c3b1de7c3e504a4326
[2025-06-25 19:46:03] [INFO] DEBUG - Usuario encontrado: 5
[2025-06-25 19:46:03] [INFO] DEBUG - Password match: true
[2025-06-25 19:46:15] [INFO] DEBUG - Correo recibido: teresa@gmail.com
[2025-06-25 19:46:15] [INFO] DEBUG - Hash para búsqueda: de5067e51b1bedba2021fea1f8a13129ba01e46c9d88a8c3b1de7c3e504a4326
[2025-06-25 19:46:15] [INFO] DEBUG - Usuario encontrado: 5
[2025-06-25 19:46:15] [INFO] DEBUG - Password match: true
[2025-06-25 19:53:53] [INFO] DEBUG - Correo recibido: teresa@gmail.com
[2025-06-25 19:53:53] [INFO] DEBUG - Hash para búsqueda: de5067e51b1bedba2021fea1f8a13129ba01e46c9d88a8c3b1de7c3e504a4326
[2025-06-25 19:53:53] [INFO] DEBUG - Usuario encontrado: 5
[2025-06-25 19:53:53] [INFO] DEBUG - Password match: true
[2025-06-25 21:30:05] [INFO] DEBUG - Correo recibido: teresa@gmail.com
[2025-06-25 21:30:05] [INFO] DEBUG - Hash para búsqueda: de5067e51b1bedba2021fea1f8a13129ba01e46c9d88a8c3b1de7c3e504a4326
[2025-06-25 21:30:05] [INFO] DEBUG - Usuario encontrado: 5
[2025-06-25 21:30:05] [INFO] DEBUG - Password match: true
[2025-06-25 21:30:16] [INFO] DEBUG - Correo recibido: teresa@gmail.com
[2025-06-25 21:30:16] [INFO] DEBUG - Hash para búsqueda: de5067e51b1bedba2021fea1f8a13129ba01e46c9d88a8c3b1de7c3e504a4326
[2025-06-25 21:30:16] [INFO] DEBUG - Usuario encontrado: 5
[2025-06-25 21:30:16] [INFO] DEBUG - Password match: true
[2025-06-25 21:57:51] [INFO] DEBUG - Correo recibido: teresa@gmail.com
[2025-06-25 21:57:51] [INFO] DEBUG - Hash para búsqueda: de5067e51b1bedba2021fea1f8a13129ba01e46c9d88a8c3b1de7c3e504a4326
[2025-06-25 21:57:51] [INFO] DEBUG - Usuario encontrado: 5
[2025-06-25 21:57:51] [INFO] DEBUG - Password match: true
[2025-06-25 21:58:00] [INFO] DEBUG - Correo recibido: teresa@gmail.com
[2025-06-25 21:58:00] [INFO] DEBUG - Hash para búsqueda: de5067e51b1bedba2021fea1f8a13129ba01e46c9d88a8c3b1de7c3e504a4326
[2025-06-25 21:58:00] [INFO] DEBUG - Usuario encontrado: 5
[2025-06-25 21:58:00] [INFO] DEBUG - Password match: true
[2025-06-25 21:58:34] [INFO] DEBUG - Correo recibido: teresa@gmail.com
[2025-06-25 21:58:34] [INFO] DEBUG - Hash para búsqueda: de5067e51b1bedba2021fea1f8a13129ba01e46c9d88a8c3b1de7c3e504a4326
[2025-06-25 21:58:34] [INFO] DEBUG - Usuario encontrado: 5
[2025-06-25 21:58:34] [INFO] DEBUG - Password match: true
[2025-06-26 09:37:39] [INFO] El servidor está escuchando en el puerto 9000
[2025-06-26 09:37:39] [INFO] Conexión exitosa a MongoDB
[2025-06-26 09:37:41] [INFO] Base de datos conectada
[2025-06-26 09:37:42] [INFO] Conexión establecida con la base de datos
[2025-06-26 09:37:46] [INFO] Database synchronized
[2025-06-26 10:31:24] [INFO] El servidor está escuchando en el puerto 9000
[2025-06-26 10:31:24] [INFO] Conexión exitosa a MongoDB
[2025-06-26 10:31:24] [INFO] Base de datos conectada
[2025-06-26 10:31:25] [INFO] Conexión establecida con la base de datos
[2025-06-26 10:31:29] [INFO] Database synchronized
[2025-06-26 12:40:42] [INFO] El servidor está escuchando en el puerto 9000
[2025-06-26 12:40:42] [INFO] Conexión exitosa a MongoDB
[2025-06-26 12:40:43] [INFO] Base de datos conectada
[2025-06-26 12:40:43] [INFO] Conexión establecida con la base de datos
[2025-06-26 12:40:46] [INFO] Database synchronized
[2025-06-26 12:41:50] [INFO] DEBUG - Correo recibido: chavo@gmail.com
[2025-06-26 12:41:50] [INFO] DEBUG - Hash para búsqueda: c3c5ee206f97ed341aea00d07546be728a5f35fe6541d5bacfea7e89946fe698
[2025-06-26 12:41:50] [INFO] DEBUG - Usuario NO encontrado con ese hash
[2025-06-26 12:42:03] [INFO] DEBUG - Correo recibido: teresa@gmail.com
[2025-06-26 12:42:03] [INFO] DEBUG - Hash para búsqueda: de5067e51b1bedba2021fea1f8a13129ba01e46c9d88a8c3b1de7c3e504a4326
[2025-06-26 12:42:04] [INFO] DEBUG - Usuario encontrado: 5
[2025-06-26 12:42:04] [INFO] DEBUG - Password match: true
[2025-06-26 12:42:11] [ERROR] [winston] Attempt to write logs with no transports, which can increase memory usage: %j [object Object]
[2025-06-26 12:42:29] [ERROR] [winston] Attempt to write logs with no transports, which can increase memory usage: %j [object Object]
[2025-06-26 12:42:33] [ERROR] [winston] Attempt to write logs with no transports, which can increase memory usage: %j [object Object]
[2025-06-26 12:42:33] [ERROR] [winston] Attempt to write logs with no transports, which can increase memory usage: %j [object Object]
[2025-06-26 12:42:44] [ERROR] [winston] Attempt to write logs with no transports, which can increase memory usage: %j [object Object]
[2025-06-26 12:42:46] [ERROR] [winston] Attempt to write logs with no transports, which can increase memory usage: %j [object Object]
[2025-06-26 12:42:55] [ERROR] [winston] Attempt to write logs with no transports, which can increase memory usage: %j [object Object]
[2025-06-26 12:43:00] [ERROR] [winston] Attempt to write logs with no transports, which can increase memory usage: %j [object Object]
[2025-06-26 12:43:00] [ERROR] [winston] Attempt to write logs with no transports, which can increase memory usage: %j [object Object]
[2025-06-26 12:43:17] [ERROR] [winston] Attempt to write logs with no transports, which can increase memory usage: %j [object Object]
[2025-06-26 12:43:25] [ERROR] [winston] Attempt to write logs with no transports, which can increase memory usage: %j [object Object]
[2025-06-26 12:43:26] [ERROR] [winston] Attempt to write logs with no transports, which can increase memory usage: %j [object Object]
[2025-06-26 12:43:35] [ERROR] [winston] Attempt to write logs with no transports, which can increase memory usage: %j [object Object]
[2025-06-26 12:43:37] [ERROR] [winston] Attempt to write logs with no transports, which can increase memory usage: %j [object Object]
[2025-06-26 12:43:38] [ERROR] [winston] Attempt to write logs with no transports, which can increase memory usage: %j [object Object]
[2025-06-26 12:43:41] [ERROR] [winston] Attempt to write logs with no transports, which can increase memory usage: %j [object Object]
[2025-06-26 12:43:42] [ERROR] [winston] Attempt to write logs with no transports, which can increase memory usage: %j [object Object]
[2025-06-26 12:43:59] [INFO] El servidor está escuchando en el puerto 9000
[2025-06-26 12:43:59] [INFO] Conexión exitosa a MongoDB
[2025-06-26 12:43:59] [INFO] Base de datos conectada
[2025-06-26 12:44:00] [INFO] Conexión establecida con la base de datos
[2025-06-26 12:44:03] [INFO] Database synchronized
[2025-06-26 12:44:07] [INFO] DEBUG - Correo recibido: teresa@gmail.com
[2025-06-26 12:44:07] [INFO] DEBUG - Hash para búsqueda: de5067e51b1bedba2021fea1f8a13129ba01e46c9d88a8c3b1de7c3e504a4326
[2025-06-26 12:44:07] [INFO] DEBUG - Usuario encontrado: 5
[2025-06-26 12:44:07] [INFO] DEBUG - Password match: true
[2025-06-26 12:44:15] [INFO] DEBUG - Correo recibido: teresa@gmail.com
[2025-06-26 12:44:15] [INFO] DEBUG - Hash para búsqueda: de5067e51b1bedba2021fea1f8a13129ba01e46c9d88a8c3b1de7c3e504a4326
[2025-06-26 12:44:15] [INFO] DEBUG - Usuario encontrado: 5
[2025-06-26 12:44:16] [INFO] DEBUG - Password match: true
[2025-06-26 12:44:23] [ERROR] [winston] Attempt to write logs with no transports, which can increase memory usage: %j [object Object]
[2025-06-26 12:44:28] [ERROR] [winston] Attempt to write logs with no transports, which can increase memory usage: %j [object Object]
[2025-06-26 12:44:32] [ERROR] [winston] Attempt to write logs with no transports, which can increase memory usage: %j [object Object]
[2025-06-26 12:44:32] [ERROR] [winston] Attempt to write logs with no transports, which can increase memory usage: %j [object Object]
[2025-06-26 12:45:04] [ERROR] [winston] Attempt to write logs with no transports, which can increase memory usage: %j [object Object]
[2025-06-26 12:50:38] [INFO] El servidor está escuchando en el puerto 9000
[2025-06-26 12:50:39] [INFO] Conexión exitosa a MongoDB
[2025-06-26 12:50:39] [INFO] Base de datos conectada
[2025-06-26 12:50:40] [INFO] Conexión establecida con la base de datos
[2025-06-26 12:50:43] [INFO] Database synchronized
[2025-06-26 12:51:05] [INFO] DEBUG - Correo recibido: teresa@gmail.com
[2025-06-26 12:51:05] [INFO] DEBUG - Hash para búsqueda: de5067e51b1bedba2021fea1f8a13129ba01e46c9d88a8c3b1de7c3e504a4326
[2025-06-26 12:51:05] [INFO] DEBUG - Usuario encontrado: 5
[2025-06-26 12:51:05] [INFO] DEBUG - Password match: false
[2025-06-26 12:51:10] [INFO] DEBUG - Correo recibido: teresa@gmail.com
[2025-06-26 12:51:10] [INFO] DEBUG - Hash para búsqueda: de5067e51b1bedba2021fea1f8a13129ba01e46c9d88a8c3b1de7c3e504a4326
[2025-06-26 12:51:10] [INFO] DEBUG - Usuario encontrado: 5
[2025-06-26 12:51:10] [INFO] DEBUG - Password match: true
[2025-06-26 12:51:39] [INFO] DEBUG - Correo recibido: gfg@gmail.com
[2025-06-26 12:51:39] [INFO] DEBUG - Hash para búsqueda: f55a89f1912e2a3b0de52268c64d5449e7aa1ada78936bf23c31b3dd8592ab28
[2025-06-26 12:51:39] [INFO] DEBUG - Usuario NO encontrado con ese hash
[2025-06-26 12:51:50] [INFO] DEBUG - Correo recibido: teresa@gmail.com
[2025-06-26 12:51:50] [INFO] DEBUG - Hash para búsqueda: de5067e51b1bedba2021fea1f8a13129ba01e46c9d88a8c3b1de7c3e504a4326
[2025-06-26 12:51:50] [INFO] DEBUG - Usuario encontrado: 5
[2025-06-26 12:51:50] [INFO] DEBUG - Password match: true
[2025-06-26 12:51:57] [INFO] [USUARIO] Solicitud de listado de usuarios
[2025-06-26 12:52:03] [INFO] [USUARIO] Actualización de usuario: id=4
[2025-06-26 12:52:03] [INFO] [USUARIO] Usuario actualizado correctamente: id=4
[2025-06-26 12:52:16] [INFO] [USUARIO] Solicitud de usuario por ID: 5
[2025-06-26 12:52:20] [INFO] [USUARIO] Actualización de usuario: id=5
[2025-06-26 12:52:21] [ERROR] [USUARIO] Error al actualizar el usuario: Validation error
[2025-06-26 12:52:45] [INFO] [USUARIO] Actualización de usuario: id=5
[2025-06-26 12:52:45] [ERROR] [USUARIO] Error al actualizar el usuario: Validation error
[2025-06-26 12:53:05] [INFO] [USUARIO] Solicitud de listado de usuarios
[2025-06-26 12:53:14] [INFO] [USUARIO] Solicitud de listado de usuarios
[2025-06-26 12:53:24] [INFO] [USUARIO] Solicitud de usuario por ID: 5
[2025-06-26 12:53:33] [INFO] [USUARIO] Actualización de usuario: id=5
[2025-06-26 12:53:33] [ERROR] [USUARIO] Error al actualizar el usuario: Validation error
[2025-06-26 12:54:51] [INFO] [USUARIO] Solicitud de usuario por ID: 5
[2025-06-26 12:55:00] [INFO] [USUARIO] Actualización de usuario: id=5
[2025-06-26 12:55:00] [ERROR] [USUARIO] Error al actualizar el usuario: Validation error
[2025-06-26 13:46:25] [INFO] DEBUG - Correo recibido: teresa@gmail.com
[2025-06-26 13:46:25] [INFO] DEBUG - Hash para búsqueda: de5067e51b1bedba2021fea1f8a13129ba01e46c9d88a8c3b1de7c3e504a4326
[2025-06-26 13:46:26] [INFO] DEBUG - Usuario encontrado: 5
[2025-06-26 13:46:26] [INFO] DEBUG - Password match: false
[2025-06-26 13:46:28] [INFO] DEBUG - Correo recibido: teresa@gmail.com
[2025-06-26 13:46:28] [INFO] DEBUG - Hash para búsqueda: de5067e51b1bedba2021fea1f8a13129ba01e46c9d88a8c3b1de7c3e504a4326
[2025-06-26 13:46:28] [INFO] DEBUG - Usuario encontrado: 5
[2025-06-26 13:46:29] [INFO] DEBUG - Password match: true
[2025-06-26 13:46:38] [INFO] DEBUG - Correo recibido: teresa@gmail.com
[2025-06-26 13:46:38] [INFO] DEBUG - Hash para búsqueda: de5067e51b1bedba2021fea1f8a13129ba01e46c9d88a8c3b1de7c3e504a4326
[2025-06-26 13:46:38] [INFO] DEBUG - Usuario encontrado: 5
[2025-06-26 13:46:38] [INFO] DEBUG - Password match: true
[2025-06-26 13:46:43] [INFO] [USUARIO] Solicitud de listado de usuarios
[2025-06-26 13:46:46] [INFO] [USUARIO] Solicitud de usuario por ID: 5
[2025-06-26 13:48:36] [INFO] [USUARIO] Solicitud de usuario por ID: 5
[2025-06-26 13:48:39] [INFO] [USUARIO] Solicitud de usuario por ID: 5
[2025-06-26 13:48:45] [INFO] [USUARIO] Actualización de usuario: id=5
[2025-06-26 13:48:45] [ERROR] [USUARIO] Error al actualizar el usuario: Validation error
[2025-06-26 13:48:59] [INFO] [USUARIO] Solicitud de usuario por ID: 3
[2025-06-26 13:49:00] [WARN] [USUARIO] Usuario no encontrado: id=3
[2025-06-26 13:49:26] [INFO] DEBUG - Correo recibido: teresa@gmail.com
[2025-06-26 13:49:26] [INFO] DEBUG - Hash para búsqueda: de5067e51b1bedba2021fea1f8a13129ba01e46c9d88a8c3b1de7c3e504a4326
[2025-06-26 13:49:26] [INFO] DEBUG - Usuario encontrado: 5
[2025-06-26 13:49:26] [INFO] DEBUG - Password match: true
[2025-06-26 13:49:40] [INFO] DEBUG - Correo recibido: teresa@gmail.com
[2025-06-26 13:49:40] [INFO] DEBUG - Hash para búsqueda: de5067e51b1bedba2021fea1f8a13129ba01e46c9d88a8c3b1de7c3e504a4326
[2025-06-26 13:49:40] [INFO] DEBUG - Usuario encontrado: 5
[2025-06-26 13:49:40] [INFO] DEBUG - Password match: true
[2025-06-26 13:49:44] [INFO] [USUARIO] Solicitud de listado de usuarios
[2025-06-26 13:49:47] [INFO] [USUARIO] Solicitud de usuario por ID: 5
[2025-06-26 13:49:58] [INFO] [USUARIO] Actualización de usuario: id=5
[2025-06-26 13:49:58] [ERROR] [USUARIO] Error al actualizar el usuario: Validation error
[2025-06-26 13:50:48] [INFO] [USUARIO] Actualización de usuario: id=5
[2025-06-26 13:50:49] [ERROR] [USUARIO] Error al actualizar el usuario: Validation error
[2025-06-26 13:52:43] [INFO] El servidor está escuchando en el puerto 9000
[2025-06-26 13:52:43] [INFO] Conexión exitosa a MongoDB
[2025-06-26 13:52:44] [INFO] Base de datos conectada
[2025-06-26 13:52:44] [INFO] Conexión establecida con la base de datos
[2025-06-26 13:52:57] [INFO] El servidor está escuchando en el puerto 9000
[2025-06-26 13:52:57] [INFO] Conexión exitosa a MongoDB
[2025-06-26 13:52:57] [INFO] Base de datos conectada
[2025-06-26 13:52:58] [INFO] Conexión establecida con la base de datos
[2025-06-26 13:53:01] [INFO] Database synchronized
[2025-06-26 13:53:25] [INFO] DEBUG - Correo recibido: teresa@gmail.com
[2025-06-26 13:53:25] [INFO] DEBUG - Hash para búsqueda: de5067e51b1bedba2021fea1f8a13129ba01e46c9d88a8c3b1de7c3e504a4326
[2025-06-26 13:53:25] [INFO] DEBUG - Usuario encontrado: 5
[2025-06-26 13:53:25] [INFO] DEBUG - Password match: true
[2025-06-26 13:53:28] [INFO] [USUARIO] Solicitud de listado de usuarios
[2025-06-26 13:53:30] [INFO] [USUARIO] Solicitud de usuario por ID: 5
[2025-06-26 13:53:34] [INFO] [USUARIO] Actualización de usuario: id=5
[2025-06-26 13:53:34] [ERROR] [USUARIO] Error de validación al actualizar: Validation error
[2025-06-26 13:56:35] [INFO] El servidor está escuchando en el puerto 9000
[2025-06-26 13:56:35] [INFO] Conexión exitosa a MongoDB
[2025-06-26 13:56:36] [INFO] Base de datos conectada
[2025-06-26 13:56:36] [INFO] Conexión establecida con la base de datos
[2025-06-26 13:56:40] [INFO] Database synchronized
[2025-06-26 13:56:55] [INFO] DEBUG - Correo recibido: teresa@gmail.com
[2025-06-26 13:56:55] [INFO] DEBUG - Hash para búsqueda: de5067e51b1bedba2021fea1f8a13129ba01e46c9d88a8c3b1de7c3e504a4326
[2025-06-26 13:56:55] [INFO] DEBUG - Usuario encontrado: 5
[2025-06-26 13:56:55] [INFO] DEBUG - Password match: true
[2025-06-26 13:56:58] [INFO] [USUARIO] Solicitud de listado de usuarios
[2025-06-26 13:57:02] [INFO] [USUARIO] Solicitud de usuario por ID: 5
[2025-06-26 13:57:07] [INFO] [USUARIO] Actualización de usuario: id=5
[2025-06-26 13:57:08] [ERROR] [USUARIO] Error al actualizar el usuario: Validation error
[2025-06-26 14:01:11] [INFO] El servidor está escuchando en el puerto 9000
[2025-06-26 14:01:11] [INFO] Conexión exitosa a MongoDB
[2025-06-26 14:01:12] [INFO] Base de datos conectada
[2025-06-26 14:01:12] [INFO] Conexión establecida con la base de datos
[2025-06-26 14:01:16] [INFO] Database synchronized
[2025-06-26 14:01:30] [INFO] DEBUG - Correo recibido: teresa@gmail.com
[2025-06-26 14:01:30] [INFO] DEBUG - Hash para búsqueda: de5067e51b1bedba2021fea1f8a13129ba01e46c9d88a8c3b1de7c3e504a4326
[2025-06-26 14:01:31] [INFO] DEBUG - Usuario encontrado: 5
[2025-06-26 14:01:31] [INFO] DEBUG - Password match: true
[2025-06-26 14:01:34] [INFO] [USUARIO] Solicitud de listado de usuarios
[2025-06-26 14:01:36] [INFO] [USUARIO] Solicitud de usuario por ID: 5
[2025-06-26 14:01:39] [INFO] [USUARIO] Actualización de usuario: id=5
[2025-06-26 14:01:39] [WARN] [USUARIO] Actualización fallida: el nuevo correo () ya está en uso.
[2025-06-26 14:05:05] [INFO] El servidor está escuchando en el puerto 9000
[2025-06-26 14:05:05] [INFO] Conexión exitosa a MongoDB
[2025-06-26 14:05:06] [INFO] Base de datos conectada
[2025-06-26 14:05:06] [INFO] Conexión establecida con la base de datos
[2025-06-26 14:05:10] [INFO] Database synchronized
[2025-06-26 14:05:28] [INFO] DEBUG - Correo recibido: teresa@gmail.com
[2025-06-26 14:05:28] [INFO] DEBUG - Hash para búsqueda: de5067e51b1bedba2021fea1f8a13129ba01e46c9d88a8c3b1de7c3e504a4326
[2025-06-26 14:05:28] [INFO] DEBUG - Usuario encontrado: 5
[2025-06-26 14:05:28] [INFO] DEBUG - Password match: true
[2025-06-26 14:05:31] [INFO] [USUARIO] Solicitud de listado de usuarios
[2025-06-26 14:05:33] [INFO] [USUARIO] Solicitud de usuario por ID: 5
[2025-06-26 14:05:36] [INFO] [USUARIO] Actualización de usuario: id=5
[2025-06-26 14:05:37] [WARN] [USUARIO] Actualización fallida: el nuevo correo () ya está en uso.
[2025-06-26 14:05:51] [INFO] [USUARIO] Solicitud de usuario por ID: 5
[2025-06-26 14:05:53] [INFO] [USUARIO] Solicitud de usuario por ID: 5
[2025-06-26 14:06:10] [INFO] DEBUG - Correo recibido: teresa@gmail.com
[2025-06-26 14:06:10] [INFO] DEBUG - Hash para búsqueda: de5067e51b1bedba2021fea1f8a13129ba01e46c9d88a8c3b1de7c3e504a4326
[2025-06-26 14:06:11] [INFO] DEBUG - Usuario encontrado: 5
[2025-06-26 14:06:11] [INFO] DEBUG - Password match: true
[2025-06-26 14:06:26] [INFO] DEBUG - Correo recibido: teresa@gmail.com
[2025-06-26 14:06:26] [INFO] DEBUG - Hash para búsqueda: de5067e51b1bedba2021fea1f8a13129ba01e46c9d88a8c3b1de7c3e504a4326
[2025-06-26 14:06:26] [INFO] DEBUG - Usuario encontrado: 5
[2025-06-26 14:06:26] [INFO] DEBUG - Password match: true
[2025-06-26 14:06:32] [INFO] [USUARIO] Solicitud de usuario por ID: 5
[2025-06-26 14:06:44] [INFO] [USUARIO] Actualización de usuario: id=5
[2025-06-26 14:06:44] [WARN] [USUARIO] Actualización fallida: el nuevo correo () ya está en uso.
[2025-06-26 14:08:47] [INFO] [USUARIO] Actualización de usuario: id=5
[2025-06-26 14:08:47] [WARN] [USUARIO] Actualización fallida: el nuevo correo () ya está en uso.
[2025-06-26 14:10:17] [INFO] El servidor está escuchando en el puerto 9000
[2025-06-26 14:10:17] [INFO] Conexión exitosa a MongoDB
[2025-06-26 14:10:18] [INFO] Base de datos conectada
[2025-06-26 14:10:18] [INFO] Conexión establecida con la base de datos
[2025-06-26 14:10:20] [INFO] El servidor está escuchando en el puerto 9000
[2025-06-26 14:10:20] [INFO] Conexión exitosa a MongoDB
[2025-06-26 14:10:20] [INFO] Base de datos conectada
[2025-06-26 14:10:21] [INFO] Conexión establecida con la base de datos
[2025-06-26 14:10:29] [INFO] El servidor está escuchando en el puerto 9000
[2025-06-26 14:10:29] [INFO] Conexión exitosa a MongoDB
[2025-06-26 14:10:30] [INFO] Base de datos conectada
[2025-06-26 14:10:30] [INFO] Conexión establecida con la base de datos
[2025-06-26 14:10:34] [INFO] Database synchronized
[2025-06-26 14:12:22] [INFO] DEBUG - Correo recibido: teresa@gmail.com
[2025-06-26 14:12:22] [INFO] DEBUG - Hash para búsqueda: de5067e51b1bedba2021fea1f8a13129ba01e46c9d88a8c3b1de7c3e504a4326
[2025-06-26 14:12:22] [INFO] DEBUG - Usuario encontrado: 5
[2025-06-26 14:12:23] [INFO] DEBUG - Password match: true
[2025-06-26 14:12:25] [INFO] [USUARIO] Solicitud de listado de usuarios
[2025-06-26 14:12:27] [INFO] [USUARIO] Solicitud de usuario por ID: 5
[2025-06-26 14:12:30] [INFO] [USUARIO] Actualización de usuario: id=5
[2025-06-26 14:12:31] [INFO] [USUARIO] Usuario actualizado correctamente: id=5
[2025-06-26 14:13:12] [INFO] [USUARIO] Solicitud de listado de usuarios
[2025-06-26 14:14:08] [INFO] [USUARIO] Solicitud de listado de usuarios
[2025-06-26 14:14:40] [INFO] [USUARIO] Intento de registro: correo=robina@mail.com, nombre=robin
[2025-06-26 14:14:40] [INFO] [USUARIO] Registro exitoso: id=6, correo=robina@mail.com
[2025-06-26 14:15:34] [INFO] DEBUG - Correo recibido: robina@mail.com
[2025-06-26 14:15:34] [INFO] DEBUG - Hash para búsqueda: 84da71ec9ada3b4816d909a4e69034d20410968e74d20bee05972fd2d555acbe
[2025-06-26 14:15:34] [INFO] DEBUG - Usuario encontrado: 6
[2025-06-26 14:15:34] [INFO] DEBUG - Password match: true
[2025-06-26 14:16:04] [INFO] DEBUG - Correo recibido: teresa@gmail.com
[2025-06-26 14:16:04] [INFO] DEBUG - Hash para búsqueda: de5067e51b1bedba2021fea1f8a13129ba01e46c9d88a8c3b1de7c3e504a4326
[2025-06-26 14:16:04] [INFO] DEBUG - Usuario encontrado: 5
[2025-06-26 14:16:04] [INFO] DEBUG - Password match: true
[2025-06-26 14:16:19] [INFO] [USUARIO] Solicitud de listado de usuarios
[2025-06-26 14:24:52] [INFO] [USUARIO] Solicitud de usuario por ID: 5
[2025-06-26 14:24:58] [INFO] [USUARIO] Actualización de usuario: id=5
[2025-06-26 14:24:58] [INFO] [USUARIO] Usuario actualizado correctamente: id=5
[2025-06-26 14:25:09] [INFO] [USUARIO] Solicitud de listado de usuarios
[2025-06-26 14:26:20] [INFO] [USUARIO] Solicitud de listado de usuarios
[2025-06-26 14:31:42] [INFO] [USUARIO] Solicitud de usuario por ID: 5
[2025-06-26 14:43:36] [INFO] El servidor está escuchando en el puerto 9000
[2025-06-26 14:43:36] [INFO] Conexión exitosa a MongoDB
[2025-06-26 14:43:37] [INFO] Base de datos conectada
[2025-06-26 14:43:37] [INFO] Conexión establecida con la base de datos
[2025-06-26 14:43:41] [INFO] Database synchronized
[2025-06-26 14:43:51] [INFO] DEBUG - Correo recibido: teresa@gmail.com
[2025-06-26 14:43:51] [INFO] DEBUG - Hash para búsqueda: de5067e51b1bedba2021fea1f8a13129ba01e46c9d88a8c3b1de7c3e504a4326
[2025-06-26 14:43:51] [INFO] DEBUG - Usuario encontrado: 5
[2025-06-26 14:43:51] [INFO] DEBUG - Password match: true
[2025-06-26 14:44:18] [INFO] DEBUG - Correo recibido: teresa@gmail.com
[2025-06-26 14:44:18] [INFO] DEBUG - Hash para búsqueda: de5067e51b1bedba2021fea1f8a13129ba01e46c9d88a8c3b1de7c3e504a4326
[2025-06-26 14:44:18] [INFO] DEBUG - Usuario encontrado: 5
[2025-06-26 14:44:18] [INFO] DEBUG - Password match: true
[2025-06-26 14:44:21] [INFO] [USUARIO] Solicitud de listado de usuarios
[2025-06-26 14:44:32] [INFO] [USUARIO] Solicitud de usuario por ID: 5
[2025-06-26 14:44:48] [INFO] [USUARIO] Solicitud de listado de usuarios
[2025-06-26 14:45:17] [INFO] [USUARIO] Intento de registro: correo=alejoa@gmail.com, nombre=alejandro
[2025-06-26 14:45:18] [INFO] [USUARIO] Registro exitoso: id=7, correo=alejoa@gmail.com
[2025-06-26 14:45:42] [INFO] DEBUG - Correo recibido: teresa@gmail.com
[2025-06-26 14:45:42] [INFO] DEBUG - Hash para búsqueda: de5067e51b1bedba2021fea1f8a13129ba01e46c9d88a8c3b1de7c3e504a4326
[2025-06-26 14:45:42] [INFO] DEBUG - Usuario encontrado: 5
[2025-06-26 14:45:43] [INFO] DEBUG - Password match: true
[2025-06-26 14:45:50] [INFO] DEBUG - Correo recibido: teresa@gmail.com
[2025-06-26 14:45:50] [INFO] DEBUG - Hash para búsqueda: de5067e51b1bedba2021fea1f8a13129ba01e46c9d88a8c3b1de7c3e504a4326
[2025-06-26 14:45:50] [INFO] DEBUG - Usuario encontrado: 5
[2025-06-26 14:45:50] [INFO] DEBUG - Password match: true
[2025-06-26 14:46:16] [INFO] [USUARIO] Solicitud de usuario por ID: 5
[2025-06-26 14:46:19] [INFO] [USUARIO] Actualización de usuario: id=5
[2025-06-26 14:46:20] [INFO] [USUARIO] Usuario actualizado correctamente: id=5
[2025-06-26 14:48:02] [INFO] [USUARIO] Solicitud de usuario por ID: 5
[2025-06-26 14:48:07] [INFO] [USUARIO] Solicitud de usuario por ID: 5
[2025-06-26 14:48:08] [INFO] [USUARIO] Solicitud de usuario por ID: 5
[2025-06-26 14:53:12] [INFO] El servidor está escuchando en el puerto 9000
[2025-06-26 14:53:12] [INFO] Conexión exitosa a MongoDB
[2025-06-26 14:53:13] [INFO] Base de datos conectada
[2025-06-26 14:53:13] [INFO] Conexión establecida con la base de datos
[2025-06-26 14:53:17] [INFO] Database synchronized
[2025-06-26 14:54:10] [INFO] DEBUG - Correo recibido: teresa@gmail.com
[2025-06-26 14:54:10] [INFO] DEBUG - Hash para búsqueda: de5067e51b1bedba2021fea1f8a13129ba01e46c9d88a8c3b1de7c3e504a4326
[2025-06-26 14:54:10] [INFO] DEBUG - Usuario encontrado: 5
[2025-06-26 14:54:10] [INFO] DEBUG - Password match: true
[2025-06-26 14:54:31] [INFO] [USUARIO] Solicitud de listado de usuarios
[2025-06-26 14:54:41] [INFO] [USUARIO] Solicitud de usuario por ID: 5
[2025-06-26 14:55:52] [INFO] [USUARIO] Solicitud de listado de usuarios
[2025-06-26 14:55:53] [INFO] [USUARIO] Solicitud de usuario por ID: 5
[2025-06-26 14:56:37] [INFO] [USUARIO] Solicitud de listado de usuarios
[2025-06-26 14:56:43] [INFO] Datos recibidos en el backend: [object Object]
[2025-06-26 14:56:43] [ERROR] Error al crear el usuarioNumero: Cannot add or update a child row: a foreign key constraint fails (`sos911`.`usuarios_numeros`, CONSTRAINT `usuarios_numeros_ibfk_1` FOREIGN KEY (`usuario_id`) REFERENCES `usuarios` (`id`) ON DELETE CASCADE ON UPDATE CASCADE)
[2025-06-26 15:00:18] [INFO] El servidor está escuchando en el puerto 9000
[2025-06-26 15:00:18] [INFO] Conexión exitosa a MongoDB
[2025-06-26 15:00:19] [INFO] Base de datos conectada
[2025-06-26 15:00:19] [INFO] Conexión establecida con la base de datos
[2025-06-26 15:00:23] [INFO] Database synchronized
[2025-06-26 15:01:45] [INFO]: El servidor está escuchando en el puerto 9000
[2025-06-26 15:01:45] [INFO]: Conexión exitosa a MongoDB
[2025-06-26 15:01:45] [INFO]: Base de datos conectada
[2025-06-26 15:01:46] [INFO]: Conexión establecida con la base de datos
[2025-06-26 15:01:49] [INFO]: Database synchronized
[2025-06-26 15:02:00] [INFO]: DEBUG - Correo recibido: teresa@gmail.com
[2025-06-26 15:02:00] [INFO]: DEBUG - Hash para búsqueda: de5067e51b1bedba2021fea1f8a13129ba01e46c9d88a8c3b1de7c3e504a4326
[2025-06-26 15:02:00] [INFO]: DEBUG - Usuario encontrado: 5
[2025-06-26 15:02:01] [INFO]: DEBUG - Password match: true
[2025-06-26 15:02:08] [INFO]: DEBUG - Correo recibido: teresa@gmail.com
[2025-06-26 15:02:08] [INFO]: DEBUG - Hash para búsqueda: de5067e51b1bedba2021fea1f8a13129ba01e46c9d88a8c3b1de7c3e504a4326
[2025-06-26 15:02:08] [INFO]: DEBUG - Usuario encontrado: 5
[2025-06-26 15:02:08] [INFO]: DEBUG - Password match: true
[2025-06-26 15:02:31] [INFO]: [USUARIO] Solicitud de usuario por ID: 5
[2025-06-26 15:02:35] [INFO]: [USUARIO] Actualización de usuario: id=5
[2025-06-26 15:02:35] [INFO]: [USUARIO] Usuario actualizado correctamente: id=5
[2025-06-26 15:02:49] [INFO]: [USUARIO] Solicitud de listado de usuarios
[2025-06-26 15:03:00] [INFO]: Datos recibidos en el backend: [object Object]
[2025-06-26 15:03:01] [ERROR]: Error al crear el usuarioNumero: Cannot add or update a child row: a foreign key constraint fails (`sos911`.`usuarios_numeros`, CONSTRAINT `usuarios_numeros_ibfk_1` FOREIGN KEY (`usuario_id`) REFERENCES `usuarios` (`id`) ON DELETE CASCADE ON UPDATE CASCADE)
[2025-06-26 15:03:38] [INFO]: [USUARIO] Solicitud de listado de usuarios
[2025-06-26 15:13:42] [INFO]: El servidor está escuchando en el puerto 9000
[2025-06-26 15:13:42] [INFO]: Conexión exitosa a MongoDB
[2025-06-26 15:13:42] [INFO]: Base de datos conectada
[2025-06-26 15:13:43] [INFO]: Conexión establecida con la base de datos
[2025-06-26 15:13:46] [INFO]: Database synchronized
[2025-06-26 15:14:01] [INFO]: DEBUG - Correo recibido: teresa@gmail.com
[2025-06-26 15:14:01] [INFO]: DEBUG - Hash para búsqueda: de5067e51b1bedba2021fea1f8a13129ba01e46c9d88a8c3b1de7c3e504a4326
[2025-06-26 15:14:01] [INFO]: DEBUG - Usuario encontrado: 5
[2025-06-26 15:14:01] [INFO]: DEBUG - Password match: true
[2025-06-26 15:14:14] [INFO]: DEBUG - Correo recibido: teresa@gmail.com
[2025-06-26 15:14:14] [INFO]: DEBUG - Hash para búsqueda: de5067e51b1bedba2021fea1f8a13129ba01e46c9d88a8c3b1de7c3e504a4326
[2025-06-26 15:14:14] [INFO]: DEBUG - Usuario encontrado: 5
[2025-06-26 15:14:14] [INFO]: DEBUG - Password match: true
[2025-06-26 15:14:17] [INFO]: [USUARIO] Solicitud de listado de usuarios
[2025-06-26 15:14:42] [INFO]: [USUARIO] Solicitud de listado de usuarios
[2025-06-26 15:14:51] [INFO]: [USUARIO] Solicitud de usuario por ID: 5
[2025-06-26 15:14:55] [INFO]: [USUARIO] Solicitud de listado de usuarios
[2025-06-26 15:24:22] [INFO]: El servidor está escuchando en el puerto 9000
[2025-06-26 15:24:22] [INFO]: Conexión exitosa a MongoDB
[2025-06-26 15:24:22] [INFO]: Base de datos conectada
[2025-06-26 15:24:23] [INFO]: Conexión establecida con la base de datos
[2025-06-26 15:24:26] [INFO]: Database synchronized
[2025-06-26 15:25:41] [INFO]: [CLIENTE] Intento de registro: correo=jesi@gmail.com, nombre=Jessica
[2025-06-26 15:25:41] [INFO]: [CLIENTE] Registro exitoso: id=3, correo=jesi@gmail.com
[2025-06-26 15:25:50] [INFO]: [CLIENTE] Intento de login: correo=jesi@gmail.com
[2025-06-26 15:25:50] [INFO]: [CLIENTE] Hash para búsqueda: 8a49698e9cc9033348a9e1fb6151bf7c01c457a7780926d1cc3eefa7b39c5a32
[2025-06-26 15:25:50] [INFO]: [CLIENTE] Usuario encontrado: 3
[2025-06-26 15:25:50] [INFO]: [CLIENTE] Password match: true
[2025-06-26 15:26:46] [INFO]: [CLIENTE] Intento de login: correo=kdjkd@gmail.comdbdb
[2025-06-26 15:26:46] [INFO]: [CLIENTE] Hash para búsqueda: 5953b2b3731c4b539084fc937324398746345aee4947923348877c0c67dc065f
[2025-06-26 15:26:46] [WARN]: [CLIENTE] Login fallido: usuario no encontrado (kdjkd@gmail.comdbdb)
[2025-06-26 15:26:55] [INFO]: [CLIENTE] Intento de login: correo=kdjkd@gmail.comdbdb
[2025-06-26 15:26:55] [INFO]: [CLIENTE] Hash para búsqueda: 5953b2b3731c4b539084fc937324398746345aee4947923348877c0c67dc065f
[2025-06-26 15:26:55] [WARN]: [CLIENTE] Login fallido: usuario no encontrado (kdjkd@gmail.comdbdb)
[2025-06-26 15:26:57] [INFO]: [CLIENTE] Intento de login: correo=kdjkd@gmail.comdbdb
[2025-06-26 15:26:57] [INFO]: [CLIENTE] Hash para búsqueda: 5953b2b3731c4b539084fc937324398746345aee4947923348877c0c67dc065f
[2025-06-26 15:26:57] [WARN]: [CLIENTE] Login fallido: usuario no encontrado (kdjkd@gmail.comdbdb)
[2025-06-26 15:27:14] [INFO]: [CLIENTE] Intento de login: correo=kajdhddj@gmakil.com
[2025-06-26 15:27:14] [INFO]: [CLIENTE] Hash para búsqueda: 15a4c31d30102bbd252996f6aa9058fc58044a99c49fa3222b1363374de06588
[2025-06-26 15:27:14] [WARN]: [CLIENTE] Login fallido: usuario no encontrado (kajdhddj@gmakil.com)
[2025-06-26 15:27:54] [INFO]: [CLIENTE] Intento de registro: correo=jesi@gmail.com, nombre=Ola
[2025-06-26 15:27:54] [WARN]: [CLIENTE] Registro fallido: correo ya registrado (jesi@gmail.com)
[2025-06-26 15:28:46] [INFO]: [CLIENTE] Intento de login: correo=isabel@gmail.com
[2025-06-26 15:28:46] [INFO]: [CLIENTE] Hash para búsqueda: fa2af95cbd81fdacf2a31a0f77f759fbb3a08d6913a69a360473785dd693f67a
[2025-06-26 15:28:47] [INFO]: [CLIENTE] Usuario encontrado: 2
[2025-06-26 15:28:47] [INFO]: [CLIENTE] Password match: true
[2025-06-26 15:30:48] [INFO]: [USUARIO] Solicitud de listado de usuarios
[2025-06-26 15:30:51] [INFO]: [CLIENTE] Solicitud de listado de clientes
[2025-06-26 15:31:04] [INFO]: [CLIENTE] Solicitud de listado de clientes
[2025-06-26 15:31:24] [INFO]: [USUARIO] Solicitud de listado de usuarios
[2025-06-26 15:31:30] [INFO]: [CLIENTE] Solicitud de listado de clientes
[2025-06-26 15:31:47] [INFO]: [USUARIO] Solicitud de listado de usuarios
[2025-06-26 15:34:34] [INFO]: [CLIENTE] Solicitud de listado de clientes
[2025-06-26 15:36:56] [INFO]: [USUARIO] Solicitud de listado de usuarios
[2025-06-26 15:40:38] [INFO]: El servidor está escuchando en el puerto 9000
[2025-06-26 15:40:38] [INFO]: Conexión exitosa a MongoDB
[2025-06-26 15:40:38] [INFO]: Base de datos conectada
[2025-06-26 15:40:39] [INFO]: Conexión establecida con la base de datos
[2025-06-26 15:40:43] [INFO]: Database synchronized
[2025-06-26 15:40:55] [INFO]: DEBUG - Correo recibido: teresa@gmail.com
[2025-06-26 15:40:55] [INFO]: DEBUG - Hash para búsqueda: de5067e51b1bedba2021fea1f8a13129ba01e46c9d88a8c3b1de7c3e504a4326
[2025-06-26 15:40:55] [INFO]: DEBUG - Usuario encontrado: 5
[2025-06-26 15:40:55] [INFO]: DEBUG - Password match: true
[2025-06-26 15:41:06] [INFO]: DEBUG - Correo recibido: teresa@gmail.com
[2025-06-26 15:41:06] [INFO]: DEBUG - Hash para búsqueda: de5067e51b1bedba2021fea1f8a13129ba01e46c9d88a8c3b1de7c3e504a4326
[2025-06-26 15:41:06] [INFO]: DEBUG - Usuario encontrado: 5
[2025-06-26 15:41:06] [INFO]: DEBUG - Password match: true
[2025-06-26 15:41:09] [INFO]: [USUARIO] Solicitud de listado de usuarios
[2025-06-26 15:41:11] [INFO]: [USUARIOS_NUMEROS] Solicitud de listado de usuarios_numeros
[2025-06-26 15:41:26] [INFO]: [USUARIOS_NUMEROS] Actualización de usuario_numero: id=2
[2025-06-26 15:41:27] [INFO]: [USUARIOS_NUMEROS] Usuario_numero actualizado correctamente: id=2
[2025-06-26 15:41:44] [INFO]: [USUARIOS_NUMEROS] Intento de registro: nombre=Juanaaae, numero=09626580767, usuario_id=500
[2025-06-26 15:41:44] [ERROR]: [USUARIOS_NUMEROS] Error al crear el usuarioNumero: Cannot add or update a child row: a foreign key constraint fails (`sos911`.`usuarios_numeros`, CONSTRAINT `usuarios_numeros_ibfk_1` FOREIGN KEY (`usuario_id`) REFERENCES `usuarios` (`id`) ON DELETE CASCADE ON UPDATE CASCADE)
[2025-06-26 15:41:58] [INFO]: [USUARIOS_NUMEROS] Intento de registro: nombre=Juanaaae, numero=09626580767, usuario_id=1
[2025-06-26 15:41:58] [ERROR]: [USUARIOS_NUMEROS] Error al crear el usuarioNumero: Cannot add or update a child row: a foreign key constraint fails (`sos911`.`usuarios_numeros`, CONSTRAINT `usuarios_numeros_ibfk_1` FOREIGN KEY (`usuario_id`) REFERENCES `usuarios` (`id`) ON DELETE CASCADE ON UPDATE CASCADE)
[2025-06-26 15:42:04] [INFO]: [USUARIOS_NUMEROS] Intento de registro: nombre=Juanaaae, numero=09626580767, usuario_id=5
[2025-06-26 15:42:04] [INFO]: [USUARIOS_NUMEROS] Registro exitoso: id=7, usuario_id=5
[2025-06-26 15:42:29] [INFO]: [USUARIOS_NUMEROS] Actualización de usuario_numero: id=2
[2025-06-26 15:42:29] [INFO]: [USUARIOS_NUMEROS] Usuario_numero actualizado correctamente: id=2
[2025-06-26 15:42:37] [INFO]: [USUARIOS_NUMEROS] Actualización de usuario_numero: id=7
[2025-06-26 15:42:37] [INFO]: [USUARIOS_NUMEROS] Usuario_numero actualizado correctamente: id=7
[2025-06-26 15:47:53] [INFO]: El servidor está escuchando en el puerto 9000
[2025-06-26 15:47:53] [INFO]: Conexión exitosa a MongoDB
[2025-06-26 15:47:54] [INFO]: Base de datos conectada
[2025-06-26 15:47:54] [INFO]: Conexión establecida con la base de datos
[2025-06-26 15:47:58] [INFO]: Database synchronized
[2025-06-26 15:47:59] [INFO]: [USUARIOS_NUMEROS] Solicitud de listado de usuarios_numeros
[2025-06-26 15:48:00] [INFO]: [ROL] Solicitud de listado de roles
[2025-06-26 15:48:31] [INFO]: [ROL] Actualización de rol: id=1
[2025-06-26 15:48:31] [INFO]: [ROL] Rol actualizado correctamente: id=1
[2025-06-26 15:48:31] [INFO]: [ROL] Actualización de rol: id=1
[2025-06-26 15:48:31] [INFO]: [ROL] Solicitud de rol por ID: 1
[2025-06-26 15:48:32] [INFO]: [ROL] Rol actualizado correctamente: id=1
[2025-06-26 15:48:40] [INFO]: [ROL] Actualización de rol: id=1
[2025-06-26 15:48:40] [INFO]: [ROL] Rol actualizado correctamente: id=1
[2025-06-26 15:48:40] [INFO]: [ROL] Actualización de rol: id=1
[2025-06-26 15:48:40] [INFO]: [ROL] Solicitud de rol por ID: 1
[2025-06-26 15:48:40] [INFO]: [ROL] Rol actualizado correctamente: id=1
[2025-06-26 15:48:49] [INFO]: [ROL] Intento de registro: usuario_id=1, nombre=Cliente
[2025-06-26 15:48:49] [WARN]: [ROL] Registro fallido: usuario no existe (usuario_id=1)
[2025-06-26 15:48:58] [INFO]: [ROL] Intento de registro: usuario_id=5, nombre=Cliente
[2025-06-26 15:48:58] [INFO]: [ROL] Registro exitoso: id=2, usuario_id=5
[2025-06-26 15:49:12] [INFO]: [ROL] Eliminación de rol: id=1
[2025-06-26 15:49:13] [INFO]: [ROL] Rol marcado como eliminado: id=1
[2025-06-26 15:50:29] [INFO]: [CLIENTE] Solicitud de listado de clientes
[2025-06-26 15:50:32] [ERROR]: invalid csrf token
STACK:
ForbiddenError: invalid csrf token
    at csrf (C:\Users\USUARIO\Desktop\sos-semana4\back_sos911\node_modules\csurf\index.js:112:19)
    at Layer.handle [as handle_request] (C:\Users\USUARIO\Desktop\sos-semana4\back_sos911\node_modules\express\lib\router\layer.js:95:5)
    at trim_prefix (C:\Users\USUARIO\Desktop\sos-semana4\back_sos911\node_modules\express\lib\router\index.js:328:13)
    at C:\Users\USUARIO\Desktop\sos-semana4\back_sos911\node_modules\express\lib\router\index.js:286:9
    at Function.process_params (C:\Users\USUARIO\Desktop\sos-semana4\back_sos911\node_modules\express\lib\router\index.js:346:12)
    at next (C:\Users\USUARIO\Desktop\sos-semana4\back_sos911\node_modules\express\lib\router\index.js:280:10)
    at C:\Users\USUARIO\Desktop\sos-semana4\back_sos911\src\app.js:127:5
    at Layer.handle [as handle_request] (C:\Users\USUARIO\Desktop\sos-semana4\back_sos911\node_modules\express\lib\router\layer.js:95:5)
    at trim_prefix (C:\Users\USUARIO\Desktop\sos-semana4\back_sos911\node_modules\express\lib\router\index.js:328:13)
    at C:\Users\USUARIO\Desktop\sos-semana4\back_sos911\node_modules\express\lib\router\index.js:286:9
[2025-06-26 15:50:32] [WARN]: Error de validación CSRF
[2025-06-26 15:50:57] [ERROR]: invalid csrf token
STACK:
ForbiddenError: invalid csrf token
    at csrf (C:\Users\USUARIO\Desktop\sos-semana4\back_sos911\node_modules\csurf\index.js:112:19)
    at Layer.handle [as handle_request] (C:\Users\USUARIO\Desktop\sos-semana4\back_sos911\node_modules\express\lib\router\layer.js:95:5)
    at trim_prefix (C:\Users\USUARIO\Desktop\sos-semana4\back_sos911\node_modules\express\lib\router\index.js:328:13)
    at C:\Users\USUARIO\Desktop\sos-semana4\back_sos911\node_modules\express\lib\router\index.js:286:9
    at Function.process_params (C:\Users\USUARIO\Desktop\sos-semana4\back_sos911\node_modules\express\lib\router\index.js:346:12)
    at next (C:\Users\USUARIO\Desktop\sos-semana4\back_sos911\node_modules\express\lib\router\index.js:280:10)
    at C:\Users\USUARIO\Desktop\sos-semana4\back_sos911\src\app.js:127:5
    at Layer.handle [as handle_request] (C:\Users\USUARIO\Desktop\sos-semana4\back_sos911\node_modules\express\lib\router\layer.js:95:5)
    at trim_prefix (C:\Users\USUARIO\Desktop\sos-semana4\back_sos911\node_modules\express\lib\router\index.js:328:13)
    at C:\Users\USUARIO\Desktop\sos-semana4\back_sos911\node_modules\express\lib\router\index.js:286:9
[2025-06-26 15:50:57] [WARN]: Error de validación CSRF
[2025-06-26 15:51:02] [INFO]: [USUARIO] Solicitud de listado de usuarios
[2025-06-26 15:51:05] [INFO]: [USUARIOS_NUMEROS] Solicitud de listado de usuarios_numeros
[2025-06-26 15:53:53] [INFO]: El servidor está escuchando en el puerto 9000
[2025-06-26 15:53:53] [INFO]: Conexión exitosa a MongoDB
[2025-06-26 15:53:53] [INFO]: Base de datos conectada
[2025-06-26 15:53:54] [INFO]: Conexión establecida con la base de datos
[2025-06-26 15:53:57] [INFO]: [USUARIOS_NUMEROS] Solicitud de listado de usuarios_numeros
[2025-06-26 15:53:57] [INFO]: Database synchronized
[2025-06-26 15:54:48] [INFO]: [USUARIOS_NUMEROS] Solicitud de listado de usuarios_numeros
[2025-06-26 15:55:10] [INFO]: [USUARIOS_NUMEROS] Intento de registro: nombre=Juan, numero=0962658076, usuario_id=4
[2025-06-26 15:55:10] [INFO]: [USUARIOS_NUMEROS] Registro exitoso: id=8, usuario_id=4
[2025-06-26 15:55:25] [INFO]: [USUARIOS_NUMEROS] Actualización de usuario_numero: id=8
[2025-06-26 15:55:25] [INFO]: [USUARIOS_NUMEROS] Usuario_numero actualizado correctamente: id=8
[2025-06-26 15:55:35] [INFO]: [USUARIOS_NUMEROS] Actualización de usuario_numero: id=8
[2025-06-26 15:55:35] [INFO]: [USUARIOS_NUMEROS] Usuario_numero actualizado correctamente: id=8
[2025-06-26 15:55:37] [INFO]: [USUARIOS_NUMEROS] Solicitud de listado de usuarios_numeros
[2025-06-26 15:56:00] [INFO]: [USUARIO] Solicitud de listado de usuarios
[2025-06-26 15:56:01] [INFO]: [USUARIOS_NUMEROS] Solicitud de listado de usuarios_numeros
[2025-06-26 15:56:02] [INFO]: [ROL] Solicitud de listado de roles
[2025-06-26 15:56:18] [INFO]: [ROL] Solicitud de listado de roles
[2025-06-26 15:57:46] [INFO]: El servidor está escuchando en el puerto 9000
[2025-06-26 15:57:46] [INFO]: Conexión exitosa a MongoDB
[2025-06-26 15:57:46] [INFO]: Base de datos conectada
[2025-06-26 15:57:47] [INFO]: Conexión establecida con la base de datos
[2025-06-26 15:57:50] [INFO]: [ROL] Solicitud de listado de roles
[2025-06-26 15:57:51] [INFO]: Database synchronized
[2025-06-26 15:57:59] [INFO]: [ROL] Intento de registro: usuario_id=5, nombre=Administrador
[2025-06-26 15:57:59] [INFO]: [ROL] Registro exitoso: id=3, usuario_id=5
[2025-06-26 15:59:03] [INFO]: [ROL] Intento de registro: usuario_id=5, nombre=Cliente
[2025-06-26 15:59:03] [INFO]: [ROL] Registro exitoso: id=4, usuario_id=5
[2025-06-26 16:16:48] [INFO]: DEBUG - Correo recibido: teresa@gmail.com
[2025-06-26 16:16:48] [INFO]: DEBUG - Hash para búsqueda: de5067e51b1bedba2021fea1f8a13129ba01e46c9d88a8c3b1de7c3e504a4326
[2025-06-26 16:16:48] [INFO]: DEBUG - Usuario encontrado: 5
[2025-06-26 16:16:49] [INFO]: DEBUG - Password match: true
[2025-06-26 16:16:52] [INFO]: [USUARIO] Solicitud de listado de usuarios
[2025-06-26 16:16:55] [INFO]: [USUARIO] Solicitud de usuario por ID: 5
[2025-06-26 16:17:01] [INFO]: [USUARIO] Solicitud de listado de usuarios
[2025-06-26 16:17:02] [INFO]: [USUARIO] Solicitud de listado de usuarios
[2025-06-26 16:17:03] [INFO]: [USUARIOS_NUMEROS] Solicitud de listado de usuarios_numeros
[2025-06-26 16:17:03] [INFO]: [ROL] Solicitud de listado de roles
[2025-06-26 16:17:04] [INFO]: [CLIENTE] Solicitud de listado de clientes
[2025-06-26 16:19:53] [INFO]: DEBUG - Correo recibido: teresa@gmail.com
[2025-06-26 16:19:53] [INFO]: DEBUG - Hash para búsqueda: de5067e51b1bedba2021fea1f8a13129ba01e46c9d88a8c3b1de7c3e504a4326
[2025-06-26 16:19:53] [INFO]: DEBUG - Usuario encontrado: 5
[2025-06-26 16:19:53] [INFO]: DEBUG - Password match: true
[2025-06-26 17:19:22] [INFO]: DEBUG - Correo recibido: teresa@gmail.com
[2025-06-26 17:19:22] [INFO]: DEBUG - Hash para búsqueda: de5067e51b1bedba2021fea1f8a13129ba01e46c9d88a8c3b1de7c3e504a4326
[2025-06-26 17:19:22] [INFO]: DEBUG - Usuario encontrado: 5
[2025-06-26 17:19:22] [INFO]: DEBUG - Password match: true
[2025-06-26 18:23:14] [INFO]: DEBUG - Correo recibido: teresa@gmail.com
[2025-06-26 18:23:14] [INFO]: DEBUG - Hash para búsqueda: de5067e51b1bedba2021fea1f8a13129ba01e46c9d88a8c3b1de7c3e504a4326
[2025-06-26 18:23:14] [INFO]: DEBUG - Usuario encontrado: 5
[2025-06-26 18:23:14] [INFO]: DEBUG - Password match: true
[2025-06-26 18:23:27] [INFO]: DEBUG - Correo recibido: teresa@gmail.com
[2025-06-26 18:23:27] [INFO]: DEBUG - Hash para búsqueda: de5067e51b1bedba2021fea1f8a13129ba01e46c9d88a8c3b1de7c3e504a4326
[2025-06-26 18:23:28] [INFO]: DEBUG - Usuario encontrado: 5
[2025-06-26 18:23:28] [INFO]: DEBUG - Password match: true
[2025-06-26 18:23:33] [INFO]: [USUARIO] Solicitud de listado de usuarios
[2025-06-26 18:23:35] [INFO]: [USUARIOS_NUMEROS] Solicitud de listado de usuarios_numeros
[2025-06-26 18:23:36] [INFO]: [CLIENTE] Solicitud de listado de clientes
[2025-06-26 18:26:50] [INFO]: [USUARIO] Solicitud de listado de usuarios
[2025-06-26 18:27:46] [INFO]: [USUARIOS_NUMEROS] Solicitud de listado de usuarios_numeros
[2025-06-26 18:27:47] [INFO]: [CLIENTE] Solicitud de listado de clientes
[2025-06-26 18:27:48] [INFO]: [ROL] Solicitud de listado de roles
[2025-06-26 18:28:48] [INFO]: [USUARIO] Solicitud de listado de usuarios
[2025-06-26 18:28:49] [INFO]: [USUARIOS_NUMEROS] Solicitud de listado de usuarios_numeros
[2025-06-26 18:28:51] [INFO]: [ROL] Solicitud de listado de roles
[2025-06-26 18:32:39] [INFO]: [USUARIO] Solicitud de listado de usuarios
[2025-06-26 18:32:40] [INFO]: [USUARIOS_NUMEROS] Solicitud de listado de usuarios_numeros
[2025-06-26 18:35:37] [INFO]: [USUARIO] Solicitud de listado de usuarios
[2025-06-26 18:35:37] [INFO]: [ROL] Solicitud de listado de roles
[2025-06-26 18:36:47] [INFO]: DEBUG - Correo recibido: teresa@gmail.com
[2025-06-26 18:36:47] [INFO]: DEBUG - Hash para búsqueda: de5067e51b1bedba2021fea1f8a13129ba01e46c9d88a8c3b1de7c3e504a4326
[2025-06-26 18:36:47] [INFO]: DEBUG - Usuario encontrado: 5
[2025-06-26 18:36:47] [INFO]: DEBUG - Password match: true
[2025-06-26 18:43:50] [INFO]: DEBUG - Correo recibido: teresa@gmail.com
[2025-06-26 18:43:50] [INFO]: DEBUG - Hash para búsqueda: de5067e51b1bedba2021fea1f8a13129ba01e46c9d88a8c3b1de7c3e504a4326
[2025-06-26 18:43:50] [INFO]: DEBUG - Usuario encontrado: 5
[2025-06-26 18:43:50] [INFO]: DEBUG - Password match: true
[2025-06-26 18:45:40] [INFO]: DEBUG - Correo recibido: teresa@gmail.com
[2025-06-26 18:45:40] [INFO]: DEBUG - Hash para búsqueda: de5067e51b1bedba2021fea1f8a13129ba01e46c9d88a8c3b1de7c3e504a4326
[2025-06-26 18:45:40] [INFO]: DEBUG - Usuario encontrado: 5
[2025-06-26 18:45:40] [INFO]: DEBUG - Password match: true
[2025-06-26 18:45:52] [INFO]: [USUARIO] Solicitud de usuario por ID: 5
[2025-06-26 18:50:00] [INFO]: [ROL] Solicitud de listado de roles
[2025-06-26 18:50:01] [INFO]: [CLIENTE] Solicitud de listado de clientes
[2025-06-26 18:50:07] [INFO]: [USUARIOS_NUMEROS] Solicitud de listado de usuarios_numeros
[2025-06-26 18:50:14] [INFO]: [CLIENTE] Solicitud de listado de clientes
[2025-06-26 18:50:15] [INFO]: [USUARIOS_NUMEROS] Solicitud de listado de usuarios_numeros
[2025-06-26 18:50:15] [INFO]: [USUARIO] Solicitud de listado de usuarios
[2025-06-26 18:52:09] [INFO]: [CLIENTE] Intento de login: correo=isabel@gmail.com
[2025-06-26 18:52:09] [INFO]: [CLIENTE] Hash para búsqueda: fa2af95cbd81fdacf2a31a0f77f759fbb3a08d6913a69a360473785dd693f67a
[2025-06-26 18:52:09] [INFO]: [CLIENTE] Usuario encontrado: 2
[2025-06-26 18:52:09] [INFO]: [CLIENTE] Password match: true
[2025-06-26 18:53:55] [INFO]: [CLIENTE] Intento de login: correo=isabel@gmail.com
[2025-06-26 18:53:55] [INFO]: [CLIENTE] Hash para búsqueda: fa2af95cbd81fdacf2a31a0f77f759fbb3a08d6913a69a360473785dd693f67a
[2025-06-26 18:53:56] [INFO]: [CLIENTE] Usuario encontrado: 2
[2025-06-26 18:53:56] [INFO]: [CLIENTE] Password match: true
[2025-06-26 18:54:09] [INFO]: [USUARIO] Solicitud de listado de usuarios
[2025-06-26 18:54:10] [INFO]: [USUARIOS_NUMEROS] Solicitud de listado de usuarios_numeros
[2025-06-26 18:54:11] [INFO]: [CLIENTE] Solicitud de listado de clientes
[2025-06-26 18:54:13] [INFO]: [USUARIO] Solicitud de listado de usuarios
[2025-06-26 18:57:42] [INFO]: [CLIENTE] Intento de login: correo=isabel@gmail.com
[2025-06-26 18:57:42] [INFO]: [CLIENTE] Hash para búsqueda: fa2af95cbd81fdacf2a31a0f77f759fbb3a08d6913a69a360473785dd693f67a
[2025-06-26 18:57:42] [INFO]: [CLIENTE] Usuario encontrado: 2
[2025-06-26 18:57:42] [INFO]: [CLIENTE] Password match: false
[2025-06-26 18:57:42] [WARN]: [CLIENTE] Login fallido: contraseña incorrecta para usuario id=2
[2025-06-26 18:57:44] [INFO]: [CLIENTE] Intento de login: correo=isabel@gmail.com
[2025-06-26 18:57:44] [INFO]: [CLIENTE] Hash para búsqueda: fa2af95cbd81fdacf2a31a0f77f759fbb3a08d6913a69a360473785dd693f67a
[2025-06-26 18:57:44] [INFO]: [CLIENTE] Usuario encontrado: 2
[2025-06-26 18:57:44] [INFO]: [CLIENTE] Password match: false
[2025-06-26 18:57:44] [WARN]: [CLIENTE] Login fallido: contraseña incorrecta para usuario id=2
[2025-06-26 18:57:50] [INFO]: [CLIENTE] Intento de login: correo=isabel@gmail.com
[2025-06-26 18:57:50] [INFO]: [CLIENTE] Hash para búsqueda: fa2af95cbd81fdacf2a31a0f77f759fbb3a08d6913a69a360473785dd693f67a
[2025-06-26 18:57:50] [INFO]: [CLIENTE] Usuario encontrado: 2
[2025-06-26 18:57:50] [INFO]: [CLIENTE] Password match: true
[2025-06-26 19:09:11] [INFO]: [USUARIO] Solicitud de listado de usuarios
[2025-06-26 19:11:58] [INFO]: [CLIENTE] Intento de login: correo=isabel@gmail.com
[2025-06-26 19:11:58] [INFO]: [CLIENTE] Hash para búsqueda: fa2af95cbd81fdacf2a31a0f77f759fbb3a08d6913a69a360473785dd693f67a
[2025-06-26 19:11:58] [INFO]: [CLIENTE] Usuario encontrado: 2
[2025-06-26 19:11:58] [INFO]: [CLIENTE] Password match: true
[2025-06-26 19:32:54] [INFO]: [CLIENTE] Intento de login: correo=isabel@gmail.com
[2025-06-26 19:32:54] [INFO]: [CLIENTE] Hash para búsqueda: fa2af95cbd81fdacf2a31a0f77f759fbb3a08d6913a69a360473785dd693f67a
[2025-06-26 19:32:54] [INFO]: [CLIENTE] Usuario encontrado: 2
[2025-06-26 19:32:54] [INFO]: [CLIENTE] Password match: true
[2025-06-26 19:39:25] [INFO]: [CLIENTE] Intento de login: correo=isabel@gmail.com
[2025-06-26 19:39:25] [INFO]: [CLIENTE] Hash para búsqueda: fa2af95cbd81fdacf2a31a0f77f759fbb3a08d6913a69a360473785dd693f67a
[2025-06-26 19:39:25] [INFO]: [CLIENTE] Usuario encontrado: 2
[2025-06-26 19:39:25] [INFO]: [CLIENTE] Password match: false
[2025-06-26 19:39:25] [WARN]: [CLIENTE] Login fallido: contraseña incorrecta para usuario id=2
[2025-06-26 19:39:29] [INFO]: [CLIENTE] Intento de login: correo=isabel@gmail.com
[2025-06-26 19:39:29] [INFO]: [CLIENTE] Hash para búsqueda: fa2af95cbd81fdacf2a31a0f77f759fbb3a08d6913a69a360473785dd693f67a
[2025-06-26 19:39:29] [INFO]: [CLIENTE] Usuario encontrado: 2
[2025-06-26 19:39:29] [INFO]: [CLIENTE] Password match: true
[2025-06-26 19:41:12] [INFO]: DEBUG - Correo recibido: teresa@gmail.com
[2025-06-26 19:41:12] [INFO]: DEBUG - Hash para búsqueda: de5067e51b1bedba2021fea1f8a13129ba01e46c9d88a8c3b1de7c3e504a4326
[2025-06-26 19:41:12] [INFO]: DEBUG - Usuario encontrado: 5
[2025-06-26 19:41:13] [INFO]: DEBUG - Password match: true
[2025-06-26 19:42:33] [INFO]: [CLIENTE] Intento de login: correo=isabel@gmail.com
[2025-06-26 19:42:33] [INFO]: [CLIENTE] Hash para búsqueda: fa2af95cbd81fdacf2a31a0f77f759fbb3a08d6913a69a360473785dd693f67a
[2025-06-26 19:42:34] [INFO]: [CLIENTE] Usuario encontrado: 2
[2025-06-26 19:42:34] [INFO]: [CLIENTE] Password match: true
[2025-06-26 19:46:18] [INFO]: [CLIENTE] Intento de login: correo=isabel@gmail.com
[2025-06-26 19:46:18] [INFO]: [CLIENTE] Hash para búsqueda: fa2af95cbd81fdacf2a31a0f77f759fbb3a08d6913a69a360473785dd693f67a
[2025-06-26 19:46:18] [INFO]: [CLIENTE] Usuario encontrado: 2
[2025-06-26 19:46:18] [INFO]: [CLIENTE] Password match: false
[2025-06-26 19:46:18] [WARN]: [CLIENTE] Login fallido: contraseña incorrecta para usuario id=2
[2025-06-26 19:46:23] [INFO]: [CLIENTE] Intento de login: correo=isabel@gmail.com
[2025-06-26 19:46:23] [INFO]: [CLIENTE] Hash para búsqueda: fa2af95cbd81fdacf2a31a0f77f759fbb3a08d6913a69a360473785dd693f67a
[2025-06-26 19:46:23] [INFO]: [CLIENTE] Usuario encontrado: 2
[2025-06-26 19:46:23] [INFO]: [CLIENTE] Password match: true
[2025-06-26 20:13:13] [INFO]: [CLIENTE] Intento de login: correo=isabel@gmail.com
[2025-06-26 20:13:13] [INFO]: [CLIENTE] Hash para búsqueda: fa2af95cbd81fdacf2a31a0f77f759fbb3a08d6913a69a360473785dd693f67a
[2025-06-26 20:13:13] [INFO]: [CLIENTE] Usuario encontrado: 2
[2025-06-26 20:13:13] [INFO]: [CLIENTE] Password match: true
[2025-06-26 20:24:14] [INFO]: [CLIENTE] Intento de login: correo=isabel@gmail.com
[2025-06-26 20:24:14] [INFO]: [CLIENTE] Hash para búsqueda: fa2af95cbd81fdacf2a31a0f77f759fbb3a08d6913a69a360473785dd693f67a
[2025-06-26 20:24:14] [INFO]: [CLIENTE] Usuario encontrado: 2
[2025-06-26 20:24:14] [INFO]: [CLIENTE] Password match: true
[2025-06-26 20:37:56] [INFO]: [CLIENTE] Intento de login: correo=isabel@gmail.com
[2025-06-26 20:37:56] [INFO]: [CLIENTE] Hash para búsqueda: fa2af95cbd81fdacf2a31a0f77f759fbb3a08d6913a69a360473785dd693f67a
[2025-06-26 20:37:56] [INFO]: [CLIENTE] Usuario encontrado: 2
[2025-06-26 20:37:56] [INFO]: [CLIENTE] Password match: true
[2025-06-26 21:03:55] [INFO]: [CLIENTE] Intento de login: correo=isabel@gmail.com
[2025-06-26 21:03:55] [INFO]: [CLIENTE] Hash para búsqueda: fa2af95cbd81fdacf2a31a0f77f759fbb3a08d6913a69a360473785dd693f67a
[2025-06-26 21:03:55] [INFO]: [CLIENTE] Usuario encontrado: 2
[2025-06-26 21:03:55] [INFO]: [CLIENTE] Password match: false
[2025-06-26 21:03:55] [WARN]: [CLIENTE] Login fallido: contraseña incorrecta para usuario id=2
[2025-06-26 21:03:58] [INFO]: [CLIENTE] Intento de login: correo=isabel@gmail.com
[2025-06-26 21:03:58] [INFO]: [CLIENTE] Hash para búsqueda: fa2af95cbd81fdacf2a31a0f77f759fbb3a08d6913a69a360473785dd693f67a
[2025-06-26 21:03:58] [INFO]: [CLIENTE] Usuario encontrado: 2
[2025-06-26 21:03:59] [INFO]: [CLIENTE] Password match: true
[2025-06-26 21:40:39] [INFO]: [CLIENTE] Intento de login: correo=isabel@gmail.com
[2025-06-26 21:40:39] [INFO]: [CLIENTE] Hash para búsqueda: fa2af95cbd81fdacf2a31a0f77f759fbb3a08d6913a69a360473785dd693f67a
[2025-06-26 21:40:39] [INFO]: [CLIENTE] Usuario encontrado: 2
[2025-06-26 21:40:39] [INFO]: [CLIENTE] Password match: true
[2025-06-26 21:45:39] [INFO]: El servidor está escuchando en el puerto 9000
[2025-06-26 21:45:39] [INFO]: Conexión exitosa a MongoDB
[2025-06-26 21:45:40] [INFO]: Base de datos conectada
[2025-06-26 21:45:40] [INFO]: Conexión establecida con la base de datos
[2025-06-26 21:46:01] [INFO]: Database synchronized
[2025-06-26 21:46:37] [INFO]: [USUARIO] Solicitud de listado de usuarios
[2025-06-26 21:46:42] [INFO]: [USUARIOS_NUMEROS] Solicitud de listado de usuarios_numeros
[2025-06-26 21:47:02] [INFO]: [USUARIOS_NUMEROS] Intento de registro: nombre=Prueba, numero=1000, usuario_id=500
[2025-06-26 21:47:02] [ERROR]: [USUARIOS_NUMEROS] Error al crear el usuarioNumero: Cannot add or update a child row: a foreign key constraint fails (`sos911`.`usuarios_numeros`, CONSTRAINT `usuarios_numeros_ibfk_1` FOREIGN KEY (`usuario_id`) REFERENCES `usuarios` (`id`) ON DELETE CASCADE ON UPDATE CASCADE)
[2025-06-26 21:47:18] [INFO]: [ROL] Solicitud de listado de roles
[2025-06-26 21:47:27] [INFO]: [CLIENTE] Solicitud de listado de clientes
[2025-06-26 21:47:42] [INFO]: [USUARIO] Solicitud de usuario por ID: 5
[2025-06-26 21:47:46] [INFO]: [USUARIO] Actualización de usuario: id=5
[2025-06-26 21:47:46] [INFO]: [USUARIO] Usuario actualizado correctamente: id=5
[2025-06-26 21:48:12] [INFO]: DEBUG - Correo recibido: kjhdsjk@gmail.com
[2025-06-26 21:48:12] [INFO]: DEBUG - Hash para búsqueda: 80d4aab5fa7c8945956e144d34e54d9d4cb9469ed212ea1e6b37f0b935e6cd17
[2025-06-26 21:48:13] [INFO]: DEBUG - Usuario NO encontrado con ese hash
[2025-06-26 21:48:34] [INFO]: [USUARIO] Intento de registro: correo=teresa@gmail.com, nombre=Juan Pérez
[2025-06-26 21:48:34] [WARN]: [USUARIO] Registro fallido: correo ya registrado (teresa@gmail.com)
[2025-06-26 21:49:50] [INFO]: [CLIENTE] Intento de login: correo=isabel@gmail.com
[2025-06-26 21:49:50] [INFO]: [CLIENTE] Hash para búsqueda: fa2af95cbd81fdacf2a31a0f77f759fbb3a08d6913a69a360473785dd693f67a
[2025-06-26 21:49:50] [INFO]: [CLIENTE] Usuario encontrado: 2
[2025-06-26 21:49:50] [INFO]: [CLIENTE] Password match: true
[2025-06-26 21:51:35] [INFO]: [CLIENTE] Solicitud de listado de clientes
[2025-06-26 21:58:31] [INFO]: DEBUG - Correo recibido: teresa@gmail.com
[2025-06-26 21:58:31] [INFO]: DEBUG - Hash para búsqueda: de5067e51b1bedba2021fea1f8a13129ba01e46c9d88a8c3b1de7c3e504a4326
[2025-06-26 21:58:31] [INFO]: DEBUG - Usuario encontrado: 5
[2025-06-26 21:58:31] [INFO]: DEBUG - Password match: true
[2025-06-26 21:58:36] [INFO]: [USUARIO] Solicitud de listado de usuarios
[2025-06-26 22:15:38] [INFO]: DEBUG - Correo recibido: teresa@gmail.com
[2025-06-26 22:15:38] [INFO]: DEBUG - Hash para búsqueda: de5067e51b1bedba2021fea1f8a13129ba01e46c9d88a8c3b1de7c3e504a4326
[2025-06-26 22:15:38] [INFO]: DEBUG - Usuario encontrado: 5
[2025-06-26 22:15:39] [INFO]: DEBUG - Password match: true
[2025-06-26 22:15:47] [INFO]: DEBUG - Correo recibido: teresa@gmail.com
[2025-06-26 22:15:47] [INFO]: DEBUG - Hash para búsqueda: de5067e51b1bedba2021fea1f8a13129ba01e46c9d88a8c3b1de7c3e504a4326
[2025-06-26 22:15:47] [INFO]: DEBUG - Usuario encontrado: 5
[2025-06-26 22:15:47] [INFO]: DEBUG - Password match: true
[2025-06-26 22:19:06] [INFO]: DEBUG - Correo recibido: teresa@gmail.com
[2025-06-26 22:19:06] [INFO]: DEBUG - Hash para búsqueda: de5067e51b1bedba2021fea1f8a13129ba01e46c9d88a8c3b1de7c3e504a4326
[2025-06-26 22:19:07] [INFO]: DEBUG - Usuario encontrado: 5
[2025-06-26 22:19:07] [INFO]: DEBUG - Password match: true
[2025-06-26 22:19:17] [INFO]: DEBUG - Correo recibido: teresa@gmail.com
[2025-06-26 22:19:17] [INFO]: DEBUG - Hash para búsqueda: de5067e51b1bedba2021fea1f8a13129ba01e46c9d88a8c3b1de7c3e504a4326
[2025-06-26 22:19:17] [INFO]: DEBUG - Usuario encontrado: 5
[2025-06-26 22:19:17] [INFO]: DEBUG - Password match: true
[2025-06-26 22:19:22] [INFO]: [USUARIO] Solicitud de listado de usuarios
[2025-06-26 22:19:37] [INFO]: [USUARIO] Solicitud de usuario por ID: 5
[2025-06-26 22:19:41] [INFO]: [USUARIO] Solicitud de listado de usuarios
[2025-06-26 22:20:05] [INFO]: [USUARIO] Solicitud de listado de usuarios
[2025-06-26 22:20:09] [INFO]: [USUARIO] Solicitud de usuario por ID: 5
[2025-06-26 22:20:15] [INFO]: [USUARIO] Actualización de usuario: id=5
[2025-06-26 22:20:15] [INFO]: [USUARIO] Usuario actualizado correctamente: id=5
[2025-06-26 22:20:17] [INFO]: [USUARIO] Solicitud de listado de usuarios
[2025-06-26 22:20:19] [INFO]: [USUARIO] Solicitud de listado de usuarios
[2025-06-26 22:20:20] [INFO]: [USUARIO] Solicitud de listado de usuarios
[2025-06-26 22:24:42] [INFO]: DEBUG - Correo recibido: teresa@gmail.com
[2025-06-26 22:24:42] [INFO]: DEBUG - Hash para búsqueda: de5067e51b1bedba2021fea1f8a13129ba01e46c9d88a8c3b1de7c3e504a4326
[2025-06-26 22:24:42] [INFO]: DEBUG - Usuario encontrado: 5
[2025-06-26 22:24:42] [INFO]: DEBUG - Password match: true
[2025-06-26 22:24:53] [INFO]: DEBUG - Correo recibido: teresa@gmail.com
[2025-06-26 22:24:53] [INFO]: DEBUG - Hash para búsqueda: de5067e51b1bedba2021fea1f8a13129ba01e46c9d88a8c3b1de7c3e504a4326
[2025-06-26 22:24:53] [INFO]: DEBUG - Usuario encontrado: 5
[2025-06-26 22:24:53] [INFO]: DEBUG - Password match: true
[2025-06-26 22:27:43] [INFO]: [CLIENTE] Intento de login: correo=isabel@gmail.com
[2025-06-26 22:27:43] [INFO]: [CLIENTE] Hash para búsqueda: fa2af95cbd81fdacf2a31a0f77f759fbb3a08d6913a69a360473785dd693f67a
[2025-06-26 22:27:43] [INFO]: [CLIENTE] Usuario encontrado: 2
[2025-06-26 22:27:43] [INFO]: [CLIENTE] Password match: true
[2025-06-27 05:33:11] [INFO]: El servidor está escuchando en el puerto 9000
[2025-06-27 05:33:11] [INFO]: Conexión exitosa a MongoDB
[2025-06-27 05:33:13] [INFO]: Base de datos conectada
[2025-06-27 05:33:14] [INFO]: Conexión establecida con la base de datos
[2025-06-27 05:33:34] [INFO]: Database synchronized
[2025-06-27 05:34:30] [INFO]: [USUARIO] Intento de registro: correo=teresa@gmail.com, nombre=alejandro
[2025-06-27 05:34:31] [WARN]: [USUARIO] Registro fallido: correo ya registrado (teresa@gmail.com)
[2025-06-27 05:34:51] [INFO]: DEBUG - Correo recibido: teresa@gmail.com
[2025-06-27 05:34:51] [INFO]: DEBUG - Hash para búsqueda: de5067e51b1bedba2021fea1f8a13129ba01e46c9d88a8c3b1de7c3e504a4326
[2025-06-27 05:34:51] [INFO]: DEBUG - Usuario encontrado: 5
[2025-06-27 05:34:51] [INFO]: DEBUG - Password match: true
[2025-06-27 05:35:00] [INFO]: DEBUG - Correo recibido: teresa@gmail.com
[2025-06-27 05:35:00] [INFO]: DEBUG - Hash para búsqueda: de5067e51b1bedba2021fea1f8a13129ba01e46c9d88a8c3b1de7c3e504a4326
[2025-06-27 05:35:00] [INFO]: DEBUG - Usuario encontrado: 5
[2025-06-27 05:35:00] [INFO]: DEBUG - Password match: true
[2025-06-27 05:35:12] [INFO]: [USUARIO] Solicitud de listado de usuarios
[2025-06-27 05:35:23] [INFO]: [USUARIO] Solicitud de usuario por ID: 5
[2025-06-27 05:35:32] [INFO]: [USUARIO] Actualización de usuario: id=5
[2025-06-27 05:35:32] [INFO]: [USUARIO] Usuario actualizado correctamente: id=5
[2025-06-27 05:35:39] [INFO]: [USUARIOS_NUMEROS] Solicitud de listado de usuarios_numeros
[2025-06-27 05:36:21] [INFO]: [USUARIOS_NUMEROS] Intento de registro: nombre=Jk, numero=0962658079, usuario_id=1
[2025-06-27 05:36:21] [ERROR]: [USUARIOS_NUMEROS] Error al crear el usuarioNumero: Cannot add or update a child row: a foreign key constraint fails (`sos911`.`usuarios_numeros`, CONSTRAINT `usuarios_numeros_ibfk_1` FOREIGN KEY (`usuario_id`) REFERENCES `usuarios` (`id`) ON DELETE CASCADE ON UPDATE CASCADE)
[2025-06-27 05:36:28] [INFO]: [USUARIOS_NUMEROS] Intento de registro: nombre=Jk, numero=0962658079, usuario_id=5
[2025-06-27 05:36:28] [INFO]: [USUARIOS_NUMEROS] Registro exitoso: id=11, usuario_id=5
[2025-06-27 05:36:35] [INFO]: [USUARIOS_NUMEROS] Actualización de usuario_numero: id=11
[2025-06-27 05:36:35] [INFO]: [USUARIOS_NUMEROS] Usuario_numero actualizado correctamente: id=11
[2025-06-27 05:36:53] [INFO]: [USUARIOS_NUMEROS] Intento de registro: nombre=Jkae, numero=0962658071, usuario_id=6
[2025-06-27 05:36:53] [INFO]: [USUARIOS_NUMEROS] Registro exitoso: id=12, usuario_id=6
[2025-06-27 05:36:57] [INFO]: [USUARIOS_NUMEROS] Actualización de usuario_numero: id=11
[2025-06-27 05:36:58] [INFO]: [USUARIOS_NUMEROS] Usuario_numero actualizado correctamente: id=11
[2025-06-27 05:38:36] [INFO]: [ROL] Solicitud de listado de roles
[2025-06-27 05:38:49] [INFO]: [ROL] Actualización de rol: id=3
[2025-06-27 05:38:50] [INFO]: [ROL] Rol actualizado correctamente: id=3
[2025-06-27 05:38:50] [INFO]: [ROL] Actualización de rol: id=3
[2025-06-27 05:38:50] [INFO]: [ROL] Solicitud de rol por ID: 3
[2025-06-27 05:38:50] [INFO]: [ROL] Rol actualizado correctamente: id=3
[2025-06-27 05:39:05] [INFO]: [ROL] Actualización de rol: id=4
[2025-06-27 05:39:05] [INFO]: [ROL] Actualización de rol: id=4
[2025-06-27 05:39:05] [INFO]: [ROL] Rol actualizado correctamente: id=4
[2025-06-27 05:39:05] [INFO]: [ROL] Solicitud de rol por ID: 4
[2025-06-27 05:39:05] [INFO]: [ROL] Rol actualizado correctamente: id=4
[2025-06-27 05:39:26] [INFO]: [ROL] Intento de registro: usuario_id=1, nombre=Superadmin
[2025-06-27 05:39:26] [WARN]: [ROL] Registro fallido: usuario no existe (usuario_id=1)
[2025-06-27 05:39:41] [INFO]: [CLIENTE] Solicitud de listado de clientes
[2025-06-27 05:40:00] [ERROR]: invalid csrf token
STACK:
ForbiddenError: invalid csrf token
    at csrf (C:\Users\USUARIO\Desktop\sos-semana4\back_sos911\node_modules\csurf\index.js:112:19)
    at Layer.handle [as handle_request] (C:\Users\USUARIO\Desktop\sos-semana4\back_sos911\node_modules\express\lib\router\layer.js:95:5)
    at trim_prefix (C:\Users\USUARIO\Desktop\sos-semana4\back_sos911\node_modules\express\lib\router\index.js:328:13)
    at C:\Users\USUARIO\Desktop\sos-semana4\back_sos911\node_modules\express\lib\router\index.js:286:9
    at Function.process_params (C:\Users\USUARIO\Desktop\sos-semana4\back_sos911\node_modules\express\lib\router\index.js:346:12)
    at next (C:\Users\USUARIO\Desktop\sos-semana4\back_sos911\node_modules\express\lib\router\index.js:280:10)
    at C:\Users\USUARIO\Desktop\sos-semana4\back_sos911\src\app.js:127:5
    at Layer.handle [as handle_request] (C:\Users\USUARIO\Desktop\sos-semana4\back_sos911\node_modules\express\lib\router\layer.js:95:5)
    at trim_prefix (C:\Users\USUARIO\Desktop\sos-semana4\back_sos911\node_modules\express\lib\router\index.js:328:13)
    at C:\Users\USUARIO\Desktop\sos-semana4\back_sos911\node_modules\express\lib\router\index.js:286:9
[2025-06-27 05:40:00] [WARN]: Error de validación CSRF
[2025-06-27 05:40:10] [INFO]: [ROL] Solicitud de listado de roles
[2025-06-27 05:40:13] [INFO]: [CLIENTE] Solicitud de listado de clientes
[2025-06-27 05:40:31] [INFO]: [USUARIO] Solicitud de usuario por ID: 5
[2025-06-27 05:40:35] [INFO]: [USUARIOS_NUMEROS] Solicitud de listado de usuarios_numeros
[2025-06-27 05:41:33] [INFO]: DEBUG - Correo recibido: teresa@gmail.com
[2025-06-27 05:41:33] [INFO]: DEBUG - Hash para búsqueda: de5067e51b1bedba2021fea1f8a13129ba01e46c9d88a8c3b1de7c3e504a4326
[2025-06-27 05:41:33] [INFO]: DEBUG - Usuario encontrado: 5
[2025-06-27 05:41:33] [INFO]: DEBUG - Password match: true
[2025-06-27 05:41:36] [INFO]: [USUARIO] Solicitud de listado de usuarios
[2025-06-27 05:41:38] [INFO]: [USUARIO] Solicitud de usuario por ID: 5
[2025-06-27 05:42:07] [INFO]: [ROL] Solicitud de listado de roles
[2025-06-27 10:43:45] [INFO]: [GET] /ruta-que-no-existe 404 2.614 ms - IP: ::1 - Agent: Mozilla/5.0 (Windows NT 10.0; Win64; x64) AppleWebKit/537.36 (KHTML, like Gecko) Chrome/137.0.0.0 Safari/537.36 Edg/137.0.0.0
[2025-06-27 10:44:06] [INFO]: [GET] /ruta-que-no-existe- 404 0.362 ms - IP: ::1 - Agent: Mozilla/5.0 (Windows NT 10.0; Win64; x64) AppleWebKit/537.36 (KHTML, like Gecko) Chrome/137.0.0.0 Safari/537.36 Edg/137.0.0.0
[2025-06-27 05:44:14] [INFO]: [USUARIOS_NUMEROS] Solicitud de listado de usuarios_numeros
[2025-06-27 10:44:26] [INFO]: [GET] /ruta-que-no-existe- 404 1.333 ms - IP: ::1 - Agent: Mozilla/5.0 (Windows NT 10.0; Win64; x64) AppleWebKit/537.36 (KHTML, like Gecko) Chrome/137.0.0.0 Safari/537.36 Edg/137.0.0.0
[2025-06-27 05:47:46] [INFO]: DEBUG - Correo recibido: teresa@gmail.com
[2025-06-27 05:47:46] [INFO]: DEBUG - Hash para búsqueda: de5067e51b1bedba2021fea1f8a13129ba01e46c9d88a8c3b1de7c3e504a4326
[2025-06-27 05:47:46] [INFO]: DEBUG - Usuario encontrado: 5
[2025-06-27 05:47:46] [INFO]: DEBUG - Password match: true
[2025-06-27 10:48:57] [INFO]: [GET] /ruta-que-no-existe 404 0.247 ms - IP: ::1 - Agent: Mozilla/5.0 (Windows NT 10.0; Win64; x64) AppleWebKit/537.36 (KHTML, like Gecko) Chrome/137.0.0.0 Safari/537.36 Edg/137.0.0.0
[2025-06-27 05:49:18] [INFO]: [USUARIO] Solicitud de listado de usuarios
[2025-06-27 05:49:20] [INFO]: [USUARIOS_NUMEROS] Solicitud de listado de usuarios_numeros
[2025-06-27 10:49:51] [INFO]: [GET] /ruta-que-no-existe 404 0.534 ms - IP: ::1 - Agent: Mozilla/5.0 (Windows NT 10.0; Win64; x64) AppleWebKit/537.36 (KHTML, like Gecko) Chrome/137.0.0.0 Safari/537.36 Edg/137.0.0.0
[2025-06-27 10:54:36] [INFO]: [GET] /ruta-que-no-existe 404 0.271 ms - IP: ::1 - Agent: Mozilla/5.0 (Windows NT 10.0; Win64; x64) AppleWebKit/537.36 (KHTML, like Gecko) Chrome/137.0.0.0 Safari/537.36 Edg/137.0.0.0
[2025-06-27 10:08:50] [INFO]: El servidor está escuchando en el puerto 9000
[2025-06-27 10:08:50] [INFO]: Conexión exitosa a MongoDB
[2025-06-27 10:08:51] [INFO]: Base de datos conectada
[2025-06-27 10:08:51] [INFO]: Conexión establecida con la base de datos
[2025-06-27 10:09:12] [INFO]: Database synchronized
[2025-06-27 10:20:27] [INFO]: [CLIENTE] Intento de login: correo=isabel@gmail.com
[2025-06-27 10:20:27] [INFO]: [CLIENTE] Hash para búsqueda: fa2af95cbd81fdacf2a31a0f77f759fbb3a08d6913a69a360473785dd693f67a
[2025-06-27 10:20:27] [INFO]: [CLIENTE] Usuario encontrado: 2
[2025-06-27 10:20:27] [INFO]: [CLIENTE] Password match: false
[2025-06-27 10:20:27] [WARN]: [CLIENTE] Login fallido: contraseña incorrecta para usuario id=2
[2025-06-27 10:20:29] [INFO]: [CLIENTE] Intento de login: correo=isabel@gmail.com
[2025-06-27 10:20:29] [INFO]: [CLIENTE] Hash para búsqueda: fa2af95cbd81fdacf2a31a0f77f759fbb3a08d6913a69a360473785dd693f67a
[2025-06-27 10:20:29] [INFO]: [CLIENTE] Usuario encontrado: 2
[2025-06-27 10:20:29] [INFO]: [CLIENTE] Password match: true
[2025-06-27 10:50:03] [INFO]: El servidor está escuchando en el puerto 9000
[2025-06-27 10:50:03] [INFO]: Conexión exitosa a MongoDB
[2025-06-27 10:50:04] [INFO]: Base de datos conectada
[2025-06-27 10:50:04] [INFO]: Conexión establecida con la base de datos
[2025-06-27 10:50:24] [INFO]: Database synchronized
[2025-06-27 10:51:21] [INFO]: El servidor está escuchando en el puerto 9000
[2025-06-27 10:51:21] [INFO]: Conexión exitosa a MongoDB
[2025-06-27 10:51:22] [INFO]: Base de datos conectada
[2025-06-27 10:51:22] [INFO]: Conexión establecida con la base de datos
[2025-06-27 10:51:42] [INFO]: Database synchronized
[2025-06-27 10:52:48] [INFO]: El servidor está escuchando en el puerto 9000
[2025-06-27 10:52:48] [INFO]: Conexión exitosa a MongoDB
[2025-06-27 10:52:48] [INFO]: Base de datos conectada
[2025-06-27 10:52:49] [INFO]: Conexión establecida con la base de datos
[2025-06-27 10:53:09] [INFO]: Database synchronized
[2025-06-27 10:54:07] [INFO]: El servidor está escuchando en el puerto 9000
[2025-06-27 10:54:07] [INFO]: Conexión exitosa a MongoDB
[2025-06-27 10:54:08] [INFO]: Base de datos conectada
[2025-06-27 10:54:08] [INFO]: Conexión establecida con la base de datos
[2025-06-27 10:54:28] [INFO]: Database synchronized
[2025-06-27 10:55:04] [INFO]: El servidor está escuchando en el puerto 9000
[2025-06-27 10:55:04] [INFO]: Conexión exitosa a MongoDB
[2025-06-27 10:55:04] [INFO]: Base de datos conectada
[2025-06-27 10:55:05] [INFO]: Conexión establecida con la base de datos
[2025-06-27 10:55:25] [INFO]: Database synchronized
[2025-06-27 10:56:10] [INFO]: El servidor está escuchando en el puerto 9000
[2025-06-27 10:56:10] [INFO]: Conexión exitosa a MongoDB
[2025-06-27 10:56:10] [INFO]: Base de datos conectada
[2025-06-27 10:56:11] [INFO]: Conexión establecida con la base de datos
[2025-06-27 10:56:31] [INFO]: Database synchronized
[2025-06-27 10:57:59] [INFO]: El servidor está escuchando en el puerto 9000
[2025-06-27 10:57:59] [INFO]: Conexión exitosa a MongoDB
[2025-06-27 10:58:00] [INFO]: Base de datos conectada
[2025-06-27 10:58:00] [INFO]: Conexión establecida con la base de datos
[2025-06-27 10:58:22] [INFO]: Database synchronized
[2025-06-27 11:00:40] [INFO]: El servidor está escuchando en el puerto 9000
[2025-06-27 11:00:40] [INFO]: Conexión exitosa a MongoDB
[2025-06-27 11:00:40] [INFO]: Base de datos conectada
[2025-06-27 11:00:41] [INFO]: Conexión establecida con la base de datos
[2025-06-27 11:01:03] [INFO]: Database synchronized
[2025-06-27 11:05:43] [INFO]: [USUARIO] Intento de registro: correo=cristina@gmail.com, nombre=cristina
[2025-06-27 11:05:48] [INFO]: [USUARIO] Intento de registro: correo=cristina@gmail.com, nombre=cristina
[2025-06-27 11:05:53] [INFO]: [USUARIO] Intento de registro: correo=cristina@gmail.com, nombre=cristina
[2025-06-27 11:06:02] [ERROR]: [USUARIO] Error en el registro: read ECONNRESET
[2025-06-27 11:06:03] [ERROR]: [USUARIO] Error en el registro: connect ETIMEDOUT
[2025-06-27 11:06:07] [ERROR]: [USUARIO] Error en el registro: read ECONNRESET
[2025-06-27 11:06:12] [INFO]: DEBUG - Correo recibido: teresa@gmail.com
[2025-06-27 11:06:12] [INFO]: DEBUG - Hash para búsqueda: de5067e51b1bedba2021fea1f8a13129ba01e46c9d88a8c3b1de7c3e504a4326
[2025-06-27 11:06:12] [ERROR]: Error en login: connect ETIMEDOUT
[2025-06-27 11:06:24] [INFO]: DEBUG - Correo recibido: teresa@gmail.com
[2025-06-27 11:06:24] [INFO]: DEBUG - Hash para búsqueda: de5067e51b1bedba2021fea1f8a13129ba01e46c9d88a8c3b1de7c3e504a4326
[2025-06-27 11:06:25] [INFO]: DEBUG - Correo recibido: teresa@gmail.com
[2025-06-27 11:06:25] [INFO]: DEBUG - Hash para búsqueda: de5067e51b1bedba2021fea1f8a13129ba01e46c9d88a8c3b1de7c3e504a4326
[2025-06-27 11:06:28] [INFO]: DEBUG - Correo recibido: teresa@gmail.com
[2025-06-27 11:06:28] [INFO]: DEBUG - Hash para búsqueda: de5067e51b1bedba2021fea1f8a13129ba01e46c9d88a8c3b1de7c3e504a4326
[2025-06-27 11:06:34] [ERROR]: Error en login: connect ETIMEDOUT
[2025-06-27 11:06:35] [ERROR]: Error en login: connect ETIMEDOUT
[2025-06-27 11:06:38] [ERROR]: Error en login: connect ETIMEDOUT
[2025-06-27 11:06:42] [INFO]: El servidor está escuchando en el puerto 9000
[2025-06-27 11:06:42] [INFO]: Conexión exitosa a MongoDB
[2025-06-27 11:06:52] [ERROR]: Error inesperado: connect ETIMEDOUT
[2025-06-27 11:06:52] [ERROR]: No se pudo conectar a la base de datos: connect ETIMEDOUT
[2025-06-27 11:06:52] [ERROR]: Error synchronizing the database: SequelizeConnectionError: connect ETIMEDOUT
[2025-06-27 11:14:34] [INFO]: El servidor está escuchando en el puerto 9000
[2025-06-27 11:14:34] [INFO]: Conexión exitosa a MongoDB
[2025-06-27 11:14:36] [INFO]: Base de datos conectada
[2025-06-27 11:14:37] [INFO]: Conexión establecida con la base de datos
[2025-06-27 11:14:59] [INFO]: Database synchronized
[2025-06-27 11:15:04] [INFO]: DEBUG - Correo recibido: teresa@gmail.com
[2025-06-27 11:15:04] [INFO]: DEBUG - Hash para búsqueda: de5067e51b1bedba2021fea1f8a13129ba01e46c9d88a8c3b1de7c3e504a4326
[2025-06-27 11:15:04] [INFO]: DEBUG - Usuario encontrado: 5
[2025-06-27 11:15:04] [INFO]: DEBUG - Password match: true
[2025-06-27 11:18:47] [INFO]: [USUARIO] Intento de registro: correo=cristina@gmail.com, nombre=cristina
[2025-06-27 11:18:47] [INFO]: [USUARIO] Registro exitoso: id=6, correo=cristina@gmail.com
[2025-06-27 11:22:50] [INFO]: El servidor está escuchando en el puerto 9000
[2025-06-27 11:22:50] [INFO]: Conexión exitosa a MongoDB
[2025-06-27 11:22:50] [INFO]: Base de datos conectada
[2025-06-27 11:22:51] [INFO]: Conexión establecida con la base de datos
[2025-06-27 11:23:07] [INFO]: DEBUG - Correo recibido: teresa@gmail.com
[2025-06-27 11:23:07] [INFO]: DEBUG - Hash para búsqueda: de5067e51b1bedba2021fea1f8a13129ba01e46c9d88a8c3b1de7c3e504a4326
[2025-06-27 11:23:07] [INFO]: DEBUG - Usuario encontrado: 5
[2025-06-27 11:23:07] [INFO]: DEBUG - Password match: true
[2025-06-27 11:23:12] [INFO]: Database synchronized
[2025-06-27 11:29:34] [INFO]: DEBUG - Correo recibido: teresa@gmail.com
[2025-06-27 11:29:34] [INFO]: DEBUG - Hash para búsqueda: de5067e51b1bedba2021fea1f8a13129ba01e46c9d88a8c3b1de7c3e504a4326
[2025-06-27 11:29:34] [INFO]: DEBUG - Usuario encontrado: 5
[2025-06-27 11:29:34] [INFO]: DEBUG - Password match: true
[2025-06-27 11:43:17] [INFO]: [USUARIO] Intento de registro: correo=geo@gmail.com, nombre=geovani
[2025-06-27 11:43:18] [INFO]: [USUARIO] Registro exitoso: id=7, correo=geo@gmail.com
[2025-06-27 11:51:31] [INFO]: El servidor está escuchando en el puerto 9000
[2025-06-27 11:51:31] [INFO]: Conexión exitosa a MongoDB
[2025-06-27 11:51:31] [INFO]: Base de datos conectada
[2025-06-27 11:51:32] [INFO]: Conexión establecida con la base de datos
[2025-06-27 11:51:51] [INFO]: Database synchronized
[2025-06-27 12:19:35] [INFO]: El servidor está escuchando en el puerto 9000
[2025-06-27 12:19:35] [INFO]: Conexión exitosa a MongoDB
[2025-06-27 12:19:36] [INFO]: Base de datos conectada
[2025-06-27 12:19:36] [INFO]: Conexión establecida con la base de datos
[2025-06-27 12:19:57] [INFO]: Database synchronized
[2025-06-27 12:28:08] [INFO]: DEBUG - Correo recibido: teresa@gmail.com
[2025-06-27 12:28:08] [INFO]: DEBUG - Hash para búsqueda: de5067e51b1bedba2021fea1f8a13129ba01e46c9d88a8c3b1de7c3e504a4326
[2025-06-27 12:28:08] [INFO]: DEBUG - Usuario encontrado: 5
[2025-06-27 12:28:08] [INFO]: DEBUG - Password match: true
[2025-06-27 12:30:10] [INFO]: El servidor está escuchando en el puerto 3000
[2025-06-27 12:30:10] [INFO]: Conexión exitosa a MongoDB
[2025-06-27 12:30:10] [INFO]: Base de datos conectada
[2025-06-27 12:30:11] [INFO]: Conexión establecida con la base de datos
[2025-06-27 17:30:14] [INFO]: [GET] /ws 404 1.349 ms - IP: ::1 - Agent: Mozilla/5.0 (Windows NT 10.0; Win64; x64) AppleWebKit/537.36 (KHTML, like Gecko) Chrome/137.0.0.0 Safari/537.36 Edg/137.0.0.0
[2025-06-27 17:30:15] [INFO]: [GET] /ws 404 0.797 ms - IP: ::1 - Agent: Mozilla/5.0 (Windows NT 10.0; Win64; x64) AppleWebKit/537.36 (KHTML, like Gecko) Chrome/137.0.0.0 Safari/537.36 Edg/137.0.0.0
[2025-06-27 17:30:18] [INFO]: [GET] /ws 404 2.119 ms - IP: ::1 - Agent: Mozilla/5.0 (Windows NT 10.0; Win64; x64) AppleWebKit/537.36 (KHTML, like Gecko) Chrome/137.0.0.0 Safari/537.36 Edg/137.0.0.0
[2025-06-27 17:30:23] [INFO]: [GET] /ws 404 0.222 ms - IP: ::1 - Agent: Mozilla/5.0 (Windows NT 10.0; Win64; x64) AppleWebKit/537.36 (KHTML, like Gecko) Chrome/137.0.0.0 Safari/537.36 Edg/137.0.0.0
[2025-06-27 17:30:32] [INFO]: [GET] /ws 404 0.923 ms - IP: ::1 - Agent: Mozilla/5.0 (Windows NT 10.0; Win64; x64) AppleWebKit/537.36 (KHTML, like Gecko) Chrome/137.0.0.0 Safari/537.36 Edg/137.0.0.0
[2025-06-27 12:30:32] [INFO]: Database synchronized
[2025-06-27 17:30:49] [INFO]: [GET] /ws 404 0.817 ms - IP: ::1 - Agent: Mozilla/5.0 (Windows NT 10.0; Win64; x64) AppleWebKit/537.36 (KHTML, like Gecko) Chrome/137.0.0.0 Safari/537.36 Edg/137.0.0.0
[2025-06-27 17:31:22] [INFO]: [GET] /ws 404 0.198 ms - IP: ::1 - Agent: Mozilla/5.0 (Windows NT 10.0; Win64; x64) AppleWebKit/537.36 (KHTML, like Gecko) Chrome/137.0.0.0 Safari/537.36 Edg/137.0.0.0
[2025-06-27 17:32:27] [INFO]: [GET] /ws 404 0.195 ms - IP: ::1 - Agent: Mozilla/5.0 (Windows NT 10.0; Win64; x64) AppleWebKit/537.36 (KHTML, like Gecko) Chrome/137.0.0.0 Safari/537.36 Edg/137.0.0.0
[2025-06-27 17:34:36] [INFO]: [GET] /ws 404 0.356 ms - IP: ::1 - Agent: Mozilla/5.0 (Windows NT 10.0; Win64; x64) AppleWebKit/537.36 (KHTML, like Gecko) Chrome/137.0.0.0 Safari/537.36 Edg/137.0.0.0
[2025-06-27 17:38:45] [INFO]: [GET] /static/media/person.42bf3274af67b56c79aa.png 404 0.433 ms - IP: ::1 - Agent: Mozilla/5.0 (Windows NT 10.0; Win64; x64) AppleWebKit/537.36 (KHTML, like Gecko) Chrome/137.0.0.0 Safari/537.36 Edg/137.0.0.0
[2025-06-27 17:38:52] [INFO]: [GET] /ws 404 0.511 ms - IP: ::1 - Agent: Mozilla/5.0 (Windows NT 10.0; Win64; x64) AppleWebKit/537.36 (KHTML, like Gecko) Chrome/137.0.0.0 Safari/537.36 Edg/137.0.0.0
[2025-06-27 17:46:24] [INFO]: [GET] /static/media/person.42bf3274af67b56c79aa.png 404 0.447 ms - IP: ::1 - Agent: Mozilla/5.0 (Windows NT 10.0; Win64; x64) AppleWebKit/537.36 (KHTML, like Gecko) Chrome/137.0.0.0 Safari/537.36 Edg/137.0.0.0
[2025-06-27 17:47:25] [INFO]: [GET] /ws 404 0.560 ms - IP: ::1 - Agent: Mozilla/5.0 (Windows NT 10.0; Win64; x64) AppleWebKit/537.36 (KHTML, like Gecko) Chrome/137.0.0.0 Safari/537.36 Edg/137.0.0.0
[2025-06-27 17:56:39] [INFO]: [GET] /registro 404 1.020 ms - IP: ::1 - Agent: Mozilla/5.0 (Windows NT 10.0; Win64; x64) AppleWebKit/537.36 (KHTML, like Gecko) Chrome/137.0.0.0 Safari/537.36 Edg/137.0.0.0
[2025-06-27 12:57:25] [INFO]: El servidor está escuchando en el puerto 9000
[2025-06-27 12:57:25] [INFO]: Conexión exitosa a MongoDB
[2025-06-27 12:57:25] [INFO]: Base de datos conectada
[2025-06-27 12:57:26] [INFO]: Conexión establecida con la base de datos
[2025-06-27 12:57:47] [INFO]: Database synchronized
[2025-06-27 12:58:59] [INFO]: [USUARIO] Intento de registro: correo=geao@gmail.com, nombre=pabloc
[2025-06-27 12:59:00] [INFO]: [USUARIO] Registro exitoso: id=8, correo=geao@gmail.com
[2025-06-27 12:59:13] [INFO]: DEBUG - Correo recibido: geao@gmail.com
[2025-06-27 12:59:13] [INFO]: DEBUG - Hash para búsqueda: 21673eacb75aad85fc8665b4cc2b930234bffe5c4b5db419581a93525c4ef20e
[2025-06-27 12:59:13] [INFO]: DEBUG - Usuario encontrado: 8
[2025-06-27 12:59:13] [INFO]: DEBUG - Password match: true
[2025-06-27 13:03:09] [INFO]: DEBUG - Correo recibido: juaein@mail.com
[2025-06-27 13:03:09] [INFO]: DEBUG - Hash para búsqueda: 3119ff2b5c44528f45f162526bdc5a1aa86fefac342d1fe633d1b473a5af3cd1
[2025-06-27 13:03:09] [INFO]: DEBUG - Usuario NO encontrado con ese hash
[2025-06-27 14:19:51] [INFO]: [USUARIO] Solicitud de listado de usuarios
[2025-06-27 14:24:34] [INFO]: [USUARIO] Intento de registro: correo=marlo@mail.com, nombre=marlon collaguazo
[2025-06-27 14:24:35] [INFO]: [USUARIO] Registro exitoso: id=9, correo=marlo@mail.com
[2025-06-27 15:29:16] [INFO]: [USUARIO] Solicitud de usuario por ID: 5
[2025-06-27 15:29:27] [INFO]: [USUARIO] Solicitud de listado de usuarios
[2025-06-27 15:39:49] [INFO]: El servidor está escuchando en el puerto 9000
[2025-06-27 15:39:49] [INFO]: Conexión exitosa a MongoDB
[2025-06-27 15:39:50] [INFO]: Base de datos conectada
[2025-06-27 15:39:50] [INFO]: Conexión establecida con la base de datos
[2025-06-27 15:40:12] [INFO]: Database synchronized
[2025-06-27 15:40:21] [INFO]: DEBUG - Correo recibido: teresa@gmail.com
[2025-06-27 15:40:21] [INFO]: DEBUG - Hash para búsqueda: de5067e51b1bedba2021fea1f8a13129ba01e46c9d88a8c3b1de7c3e504a4326
[2025-06-27 15:40:21] [INFO]: DEBUG - Usuario encontrado: 5
[2025-06-27 15:40:21] [INFO]: DEBUG - Password match: true
[2025-06-27 15:40:44] [INFO]: DEBUG - Correo recibido: teresa@gmail.com
[2025-06-27 15:40:44] [INFO]: DEBUG - Hash para búsqueda: de5067e51b1bedba2021fea1f8a13129ba01e46c9d88a8c3b1de7c3e504a4326
[2025-06-27 15:40:44] [INFO]: DEBUG - Usuario encontrado: 5
[2025-06-27 15:40:44] [INFO]: DEBUG - Password match: true
[2025-06-27 15:41:16] [INFO]: DEBUG - Correo recibido: teresa@gmail.com
[2025-06-27 15:41:16] [INFO]: DEBUG - Hash para búsqueda: de5067e51b1bedba2021fea1f8a13129ba01e46c9d88a8c3b1de7c3e504a4326
[2025-06-27 15:41:16] [INFO]: DEBUG - Usuario encontrado: 5
[2025-06-27 15:41:16] [INFO]: DEBUG - Password match: true
[2025-06-27 15:41:35] [INFO]: DEBUG - Correo recibido: teresa@gmail.com
[2025-06-27 15:41:35] [INFO]: DEBUG - Hash para búsqueda: de5067e51b1bedba2021fea1f8a13129ba01e46c9d88a8c3b1de7c3e504a4326
[2025-06-27 15:41:35] [INFO]: DEBUG - Usuario encontrado: 5
[2025-06-27 15:41:35] [INFO]: DEBUG - Password match: true
[2025-06-27 15:44:07] [INFO]: DEBUG - Correo recibido: teresa@gmail.com
[2025-06-27 15:44:07] [INFO]: DEBUG - Hash para búsqueda: de5067e51b1bedba2021fea1f8a13129ba01e46c9d88a8c3b1de7c3e504a4326
[2025-06-27 15:44:07] [INFO]: DEBUG - Usuario encontrado: 5
[2025-06-27 15:44:07] [INFO]: DEBUG - Password match: true
[2025-06-27 15:44:39] [INFO]: DEBUG - Correo recibido: teresa@gmail.com
[2025-06-27 15:44:39] [INFO]: DEBUG - Hash para búsqueda: de5067e51b1bedba2021fea1f8a13129ba01e46c9d88a8c3b1de7c3e504a4326
[2025-06-27 15:44:39] [INFO]: DEBUG - Usuario encontrado: 5
[2025-06-27 15:44:39] [INFO]: DEBUG - Password match: true
[2025-06-27 15:45:03] [INFO]: DEBUG - Correo recibido: teresa@gmail.com
[2025-06-27 15:45:03] [INFO]: DEBUG - Hash para búsqueda: de5067e51b1bedba2021fea1f8a13129ba01e46c9d88a8c3b1de7c3e504a4326
[2025-06-27 15:45:04] [INFO]: DEBUG - Usuario encontrado: 5
[2025-06-27 15:45:04] [INFO]: DEBUG - Password match: true
[2025-06-27 15:45:40] [INFO]: DEBUG - Correo recibido: teresa@gmail.com
[2025-06-27 15:45:40] [INFO]: DEBUG - Hash para búsqueda: de5067e51b1bedba2021fea1f8a13129ba01e46c9d88a8c3b1de7c3e504a4326
[2025-06-27 15:45:40] [INFO]: DEBUG - Usuario encontrado: 5
[2025-06-27 15:45:41] [INFO]: DEBUG - Password match: true
[2025-06-27 15:45:54] [INFO]: DEBUG - Correo recibido: teresa@gmail.com
[2025-06-27 15:45:54] [INFO]: DEBUG - Hash para búsqueda: de5067e51b1bedba2021fea1f8a13129ba01e46c9d88a8c3b1de7c3e504a4326
[2025-06-27 15:45:55] [INFO]: DEBUG - Usuario encontrado: 5
[2025-06-27 15:45:55] [INFO]: DEBUG - Password match: true
[2025-06-27 15:46:23] [INFO]: DEBUG - Correo recibido: teresa@gmail.com
[2025-06-27 15:46:23] [INFO]: DEBUG - Hash para búsqueda: de5067e51b1bedba2021fea1f8a13129ba01e46c9d88a8c3b1de7c3e504a4326
[2025-06-27 15:46:23] [INFO]: DEBUG - Usuario encontrado: 5
[2025-06-27 15:46:23] [INFO]: DEBUG - Password match: true
[2025-06-27 15:46:39] [INFO]: DEBUG - Correo recibido: teresa@gmail.com
[2025-06-27 15:46:39] [INFO]: DEBUG - Hash para búsqueda: de5067e51b1bedba2021fea1f8a13129ba01e46c9d88a8c3b1de7c3e504a4326
[2025-06-27 15:46:39] [INFO]: DEBUG - Usuario encontrado: 5
[2025-06-27 15:46:39] [INFO]: DEBUG - Password match: true
[2025-06-27 15:47:57] [INFO]: DEBUG - Correo recibido: teresa@gmail.com
[2025-06-27 15:47:57] [INFO]: DEBUG - Hash para búsqueda: de5067e51b1bedba2021fea1f8a13129ba01e46c9d88a8c3b1de7c3e504a4326
[2025-06-27 15:47:57] [INFO]: DEBUG - Usuario encontrado: 5
[2025-06-27 15:47:57] [INFO]: DEBUG - Password match: true
[2025-06-27 15:53:46] [INFO]: DEBUG - Correo recibido: teresa@gmail.com
[2025-06-27 15:53:46] [INFO]: DEBUG - Hash para búsqueda: de5067e51b1bedba2021fea1f8a13129ba01e46c9d88a8c3b1de7c3e504a4326
[2025-06-27 15:53:46] [INFO]: DEBUG - Usuario encontrado: 5
[2025-06-27 15:53:46] [INFO]: DEBUG - Password match: true
[2025-06-27 15:54:48] [INFO]: El servidor está escuchando en el puerto 9000
[2025-06-27 15:54:48] [INFO]: Conexión exitosa a MongoDB
[2025-06-27 15:54:48] [INFO]: Base de datos conectada
[2025-06-27 15:54:49] [INFO]: Conexión establecida con la base de datos
[2025-06-27 15:54:58] [ERROR]: Error synchronizing the database: SequelizeDatabaseError: Too many keys specified; max 64 keys allowed
[2025-06-27 15:55:03] [INFO]: DEBUG - Correo recibido: teresa@gmail.com
[2025-06-27 15:55:03] [INFO]: DEBUG - Hash para búsqueda: de5067e51b1bedba2021fea1f8a13129ba01e46c9d88a8c3b1de7c3e504a4326
[2025-06-27 15:55:03] [INFO]: DEBUG - Usuario encontrado: 5
[2025-06-27 15:55:03] [INFO]: DEBUG - Password match: true
[2025-06-27 15:55:11] [INFO]: DEBUG - Correo recibido: teresa@gmail.com
[2025-06-27 15:55:11] [INFO]: DEBUG - Hash para búsqueda: de5067e51b1bedba2021fea1f8a13129ba01e46c9d88a8c3b1de7c3e504a4326
[2025-06-27 15:55:11] [INFO]: DEBUG - Usuario encontrado: 5
[2025-06-27 15:55:11] [INFO]: DEBUG - Password match: true
[2025-06-27 15:55:18] [INFO]: DEBUG - Correo recibido: teresa@gmail.com
[2025-06-27 15:55:18] [INFO]: DEBUG - Hash para búsqueda: de5067e51b1bedba2021fea1f8a13129ba01e46c9d88a8c3b1de7c3e504a4326
[2025-06-27 15:55:18] [INFO]: DEBUG - Usuario encontrado: 5
[2025-06-27 15:55:19] [INFO]: DEBUG - Password match: true
[2025-06-27 15:55:27] [INFO]: DEBUG - Correo recibido: teresa@gmail.com
[2025-06-27 15:55:27] [INFO]: DEBUG - Hash para búsqueda: de5067e51b1bedba2021fea1f8a13129ba01e46c9d88a8c3b1de7c3e504a4326
[2025-06-27 15:55:27] [INFO]: DEBUG - Usuario encontrado: 5
[2025-06-27 15:55:27] [INFO]: DEBUG - Password match: true
[2025-06-27 15:55:42] [INFO]: DEBUG - Correo recibido: teresa@gmail.com
[2025-06-27 15:55:42] [INFO]: DEBUG - Hash para búsqueda: de5067e51b1bedba2021fea1f8a13129ba01e46c9d88a8c3b1de7c3e504a4326
[2025-06-27 15:55:42] [INFO]: DEBUG - Usuario encontrado: 5
[2025-06-27 15:55:42] [INFO]: DEBUG - Password match: true
[2025-06-27 15:55:55] [INFO]: DEBUG - Correo recibido: teresa@gmail.com
[2025-06-27 15:55:55] [INFO]: DEBUG - Hash para búsqueda: de5067e51b1bedba2021fea1f8a13129ba01e46c9d88a8c3b1de7c3e504a4326
[2025-06-27 15:55:56] [INFO]: DEBUG - Usuario encontrado: 5
[2025-06-27 15:55:56] [INFO]: DEBUG - Password match: true
[2025-06-27 15:56:16] [INFO]: DEBUG - Correo recibido: teresa@gmail.com
[2025-06-27 15:56:16] [INFO]: DEBUG - Hash para búsqueda: de5067e51b1bedba2021fea1f8a13129ba01e46c9d88a8c3b1de7c3e504a4326
[2025-06-27 15:56:16] [INFO]: DEBUG - Usuario encontrado: 5
[2025-06-27 15:56:17] [INFO]: DEBUG - Password match: true
[2025-06-27 15:56:34] [INFO]: DEBUG - Correo recibido: teresa@gmail.com
[2025-06-27 15:56:34] [INFO]: DEBUG - Hash para búsqueda: de5067e51b1bedba2021fea1f8a13129ba01e46c9d88a8c3b1de7c3e504a4326
[2025-06-27 15:56:34] [INFO]: DEBUG - Usuario encontrado: 5
[2025-06-27 15:56:34] [INFO]: DEBUG - Password match: true
[2025-06-27 15:56:53] [INFO]: DEBUG - Correo recibido: teresa@gmail.com
[2025-06-27 15:56:53] [INFO]: DEBUG - Hash para búsqueda: de5067e51b1bedba2021fea1f8a13129ba01e46c9d88a8c3b1de7c3e504a4326
[2025-06-27 15:56:53] [INFO]: DEBUG - Usuario encontrado: 5
[2025-06-27 15:56:53] [INFO]: DEBUG - Password match: true
[2025-06-27 16:07:16] [INFO]: DEBUG - Correo recibido: teresa@gmail.com
[2025-06-27 16:07:16] [INFO]: DEBUG - Hash para búsqueda: de5067e51b1bedba2021fea1f8a13129ba01e46c9d88a8c3b1de7c3e504a4326
[2025-06-27 16:07:16] [INFO]: DEBUG - Usuario encontrado: 5
[2025-06-27 16:07:16] [INFO]: DEBUG - Password match: true
[2025-06-27 16:07:33] [INFO]: DEBUG - Correo recibido: teresa@gmail.com
[2025-06-27 16:07:33] [INFO]: DEBUG - Hash para búsqueda: de5067e51b1bedba2021fea1f8a13129ba01e46c9d88a8c3b1de7c3e504a4326
[2025-06-27 16:07:34] [INFO]: DEBUG - Usuario encontrado: 5
[2025-06-27 16:07:34] [INFO]: DEBUG - Password match: true
[2025-06-27 16:17:23] [INFO]: DEBUG - Correo recibido: teresa@gmail.com
[2025-06-27 16:17:23] [INFO]: DEBUG - Hash para búsqueda: de5067e51b1bedba2021fea1f8a13129ba01e46c9d88a8c3b1de7c3e504a4326
[2025-06-27 16:17:23] [INFO]: DEBUG - Usuario encontrado: 5
[2025-06-27 16:17:23] [INFO]: DEBUG - Password match: true
[2025-06-27 16:17:41] [INFO]: DEBUG - Correo recibido: teresa@gmail.com
[2025-06-27 16:17:41] [INFO]: DEBUG - Hash para búsqueda: de5067e51b1bedba2021fea1f8a13129ba01e46c9d88a8c3b1de7c3e504a4326
[2025-06-27 16:17:41] [INFO]: DEBUG - Usuario encontrado: 5
[2025-06-27 16:17:41] [INFO]: DEBUG - Password match: true
[2025-06-27 16:24:05] [INFO]: DEBUG - Correo recibido: teresa@gmail.com
[2025-06-27 16:24:05] [INFO]: DEBUG - Hash para búsqueda: de5067e51b1bedba2021fea1f8a13129ba01e46c9d88a8c3b1de7c3e504a4326
[2025-06-27 16:24:05] [INFO]: DEBUG - Usuario encontrado: 5
[2025-06-27 16:24:05] [INFO]: DEBUG - Password match: true
[2025-06-27 16:28:37] [INFO]: DEBUG - Correo recibido: teresa@gmail.com
[2025-06-27 16:28:37] [INFO]: DEBUG - Hash para búsqueda: de5067e51b1bedba2021fea1f8a13129ba01e46c9d88a8c3b1de7c3e504a4326
[2025-06-27 16:28:37] [INFO]: DEBUG - Usuario encontrado: 5
[2025-06-27 16:28:37] [INFO]: DEBUG - Password match: true
[2025-06-27 16:28:49] [INFO]: DEBUG - Correo recibido: teresa@gmail.com
[2025-06-27 16:28:49] [INFO]: DEBUG - Hash para búsqueda: de5067e51b1bedba2021fea1f8a13129ba01e46c9d88a8c3b1de7c3e504a4326
[2025-06-27 16:28:49] [INFO]: DEBUG - Usuario encontrado: 5
[2025-06-27 16:28:49] [INFO]: DEBUG - Password match: true
[2025-06-27 16:28:58] [INFO]: DEBUG - Correo recibido: teresa@gmail.com
[2025-06-27 16:28:58] [INFO]: DEBUG - Hash para búsqueda: de5067e51b1bedba2021fea1f8a13129ba01e46c9d88a8c3b1de7c3e504a4326
[2025-06-27 16:28:59] [INFO]: DEBUG - Usuario encontrado: 5
[2025-06-27 16:28:59] [INFO]: DEBUG - Password match: true
[2025-06-27 16:29:07] [INFO]: DEBUG - Correo recibido: teresa@gmail.com
[2025-06-27 16:29:07] [INFO]: DEBUG - Hash para búsqueda: de5067e51b1bedba2021fea1f8a13129ba01e46c9d88a8c3b1de7c3e504a4326
[2025-06-27 16:29:07] [INFO]: DEBUG - Usuario encontrado: 5
[2025-06-27 16:29:07] [INFO]: DEBUG - Password match: true
[2025-06-27 16:29:21] [INFO]: El servidor está escuchando en el puerto 9000
[2025-06-27 16:29:21] [INFO]: Conexión exitosa a MongoDB
[2025-06-27 16:29:21] [INFO]: Base de datos conectada
[2025-06-27 16:29:22] [INFO]: Conexión establecida con la base de datos
[2025-06-27 16:29:30] [ERROR]: Error synchronizing the database: SequelizeDatabaseError: Too many keys specified; max 64 keys allowed
[2025-06-27 16:29:38] [INFO]: DEBUG - Correo recibido: teresa@gmail.com
[2025-06-27 16:29:38] [INFO]: DEBUG - Hash para búsqueda: de5067e51b1bedba2021fea1f8a13129ba01e46c9d88a8c3b1de7c3e504a4326
[2025-06-27 16:29:38] [INFO]: DEBUG - Usuario encontrado: 5
[2025-06-27 16:29:38] [INFO]: DEBUG - Password match: true
[2025-06-27 16:30:00] [INFO]: DEBUG - Correo recibido: teresa@gmail.com
[2025-06-27 16:30:00] [INFO]: DEBUG - Hash para búsqueda: de5067e51b1bedba2021fea1f8a13129ba01e46c9d88a8c3b1de7c3e504a4326
[2025-06-27 16:30:01] [INFO]: DEBUG - Usuario encontrado: 5
[2025-06-27 16:30:01] [INFO]: DEBUG - Password match: true
[2025-06-27 16:32:49] [INFO]: DEBUG - Correo recibido: teresa@gmail.com
[2025-06-27 16:32:49] [INFO]: DEBUG - Hash para búsqueda: de5067e51b1bedba2021fea1f8a13129ba01e46c9d88a8c3b1de7c3e504a4326
[2025-06-27 16:32:49] [INFO]: DEBUG - Usuario encontrado: 5
[2025-06-27 16:32:49] [INFO]: DEBUG - Password match: true
[2025-06-27 16:33:02] [INFO]: DEBUG - Correo recibido: teresa@gmail.com
[2025-06-27 16:33:02] [INFO]: DEBUG - Hash para búsqueda: de5067e51b1bedba2021fea1f8a13129ba01e46c9d88a8c3b1de7c3e504a4326
[2025-06-27 16:33:02] [INFO]: DEBUG - Usuario encontrado: 5
[2025-06-27 16:33:02] [INFO]: DEBUG - Password match: true
[2025-06-27 16:33:19] [INFO]: DEBUG - Correo recibido: teresa@gmail.com
[2025-06-27 16:33:19] [INFO]: DEBUG - Hash para búsqueda: de5067e51b1bedba2021fea1f8a13129ba01e46c9d88a8c3b1de7c3e504a4326
[2025-06-27 16:33:19] [INFO]: DEBUG - Usuario encontrado: 5
[2025-06-27 16:33:19] [INFO]: DEBUG - Password match: true
[2025-06-27 16:33:33] [INFO]: DEBUG - Correo recibido: teresa@gmail.com
[2025-06-27 16:33:33] [INFO]: DEBUG - Hash para búsqueda: de5067e51b1bedba2021fea1f8a13129ba01e46c9d88a8c3b1de7c3e504a4326
[2025-06-27 16:33:33] [INFO]: DEBUG - Usuario encontrado: 5
[2025-06-27 16:33:33] [INFO]: DEBUG - Password match: true
[2025-06-27 16:38:03] [INFO]: El servidor está escuchando en el puerto 9000
[2025-06-27 16:38:03] [INFO]: Conexión exitosa a MongoDB
[2025-06-27 16:38:03] [INFO]: Base de datos conectada
[2025-06-27 16:38:04] [INFO]: Conexión establecida con la base de datos
[2025-06-27 16:38:13] [ERROR]: Error synchronizing the database: SequelizeDatabaseError: Too many keys specified; max 64 keys allowed
[2025-06-27 16:38:59] [INFO]: El servidor está escuchando en el puerto 9000
[2025-06-27 16:38:59] [INFO]: Conexión exitosa a MongoDB
[2025-06-27 16:38:59] [INFO]: Base de datos conectada
[2025-06-27 16:39:00] [INFO]: Conexión establecida con la base de datos
[2025-06-27 16:39:03] [INFO]: El servidor está escuchando en el puerto 9000
[2025-06-27 16:39:03] [INFO]: Conexión exitosa a MongoDB
[2025-06-27 16:39:03] [INFO]: Base de datos conectada
[2025-06-27 16:39:04] [INFO]: Conexión establecida con la base de datos
[2025-06-27 16:39:14] [INFO]: El servidor está escuchando en el puerto 9000
[2025-06-27 16:39:14] [INFO]: Conexión exitosa a MongoDB
[2025-06-27 16:39:14] [INFO]: Base de datos conectada
[2025-06-27 16:39:15] [INFO]: Conexión establecida con la base de datos
[2025-06-27 16:39:23] [ERROR]: Error synchronizing the database: SequelizeDatabaseError: Too many keys specified; max 64 keys allowed
[2025-06-27 16:39:36] [INFO]: DEBUG - Correo recibido: teresa@gmail.com
[2025-06-27 16:39:36] [INFO]: DEBUG - Hash para búsqueda: de5067e51b1bedba2021fea1f8a13129ba01e46c9d88a8c3b1de7c3e504a4326
[2025-06-27 16:39:36] [INFO]: DEBUG - Usuario encontrado: 5
[2025-06-27 16:39:36] [INFO]: DEBUG - Password match: true
[2025-06-27 16:39:54] [INFO]: El servidor está escuchando en el puerto 9000
[2025-06-27 16:39:54] [INFO]: Conexión exitosa a MongoDB
[2025-06-27 16:39:54] [INFO]: Base de datos conectada
[2025-06-27 16:39:55] [INFO]: Conexión establecida con la base de datos
[2025-06-27 16:40:03] [ERROR]: Error synchronizing the database: SequelizeDatabaseError: Too many keys specified; max 64 keys allowed
[2025-06-27 16:40:17] [INFO]: DEBUG - Correo recibido: teresa@gmail.com
[2025-06-27 16:40:17] [INFO]: DEBUG - Hash para búsqueda: de5067e51b1bedba2021fea1f8a13129ba01e46c9d88a8c3b1de7c3e504a4326
[2025-06-27 16:40:17] [INFO]: DEBUG - Usuario encontrado: 5
[2025-06-27 16:40:17] [INFO]: DEBUG - Password match: true
[2025-06-27 16:41:44] [INFO]: El servidor está escuchando en el puerto 9000
[2025-06-27 16:41:44] [INFO]: Conexión exitosa a MongoDB
[2025-06-27 16:41:45] [INFO]: Base de datos conectada
[2025-06-27 16:41:45] [INFO]: Conexión establecida con la base de datos
[2025-06-27 16:41:56] [INFO]: Database synchronized
[2025-06-27 16:45:41] [INFO]: El servidor está escuchando en el puerto 9000
[2025-06-27 16:45:41] [INFO]: Conexión exitosa a MongoDB
[2025-06-27 16:45:41] [INFO]: Base de datos conectada
[2025-06-27 16:45:42] [INFO]: Conexión establecida con la base de datos
[2025-06-27 16:46:03] [INFO]: Database synchronized
[2025-06-27 16:46:34] [INFO]: DEBUG - Correo recibido: teresa@gmail.com
[2025-06-27 16:46:34] [INFO]: DEBUG - Hash para búsqueda: de5067e51b1bedba2021fea1f8a13129ba01e46c9d88a8c3b1de7c3e504a4326
[2025-06-27 16:46:34] [INFO]: DEBUG - Usuario NO encontrado con ese hash
[2025-06-27 16:47:15] [INFO]: [USUARIO] Intento de registro: correo=isma@gmail.com, nombre=Ismael Vargas
[2025-06-27 16:47:15] [INFO]: [USUARIO] Registro exitoso: id=1, correo=isma@gmail.com
[2025-06-27 16:47:27] [INFO]: DEBUG - Correo recibido: isma@gmail.com
[2025-06-27 16:47:27] [INFO]: DEBUG - Hash para búsqueda: 96ab28e8a64c85023ffffdeddeb13b7993e509fcf0e8c55ef3be066db55019f2
[2025-06-27 16:47:27] [INFO]: DEBUG - Usuario encontrado: 1
[2025-06-27 16:47:27] [INFO]: DEBUG - Password match: true
[2025-06-27 16:47:38] [INFO]: DEBUG - Correo recibido: isma@gmail.com
[2025-06-27 16:47:38] [INFO]: DEBUG - Hash para búsqueda: 96ab28e8a64c85023ffffdeddeb13b7993e509fcf0e8c55ef3be066db55019f2
[2025-06-27 16:47:38] [INFO]: DEBUG - Usuario encontrado: 1
[2025-06-27 16:47:38] [INFO]: DEBUG - Password match: true
[2025-06-27 16:47:44] [INFO]: [USUARIO] Solicitud de listado de usuarios
[2025-06-27 17:07:12] [INFO]: DEBUG - Correo recibido: isma@gmail.com
[2025-06-27 17:07:12] [INFO]: DEBUG - Hash para búsqueda: 96ab28e8a64c85023ffffdeddeb13b7993e509fcf0e8c55ef3be066db55019f2
[2025-06-27 17:07:12] [INFO]: DEBUG - Usuario encontrado: 1
[2025-06-27 17:07:12] [INFO]: DEBUG - Password match: true
[2025-06-27 17:07:15] [INFO]: [USUARIO] Solicitud de listado de usuarios
[2025-06-27 17:07:28] [INFO]: [USUARIO] Solicitud de listado de usuarios
[2025-06-27 17:20:05] [INFO]: [USUARIOS_NUMEROS] Solicitud de listado de usuarios_numeros
[2025-06-27 17:20:20] [INFO]: [USUARIOS_NUMEROS] Intento de registro: nombre=Juan, numero=0968004859, usuario_id=1
[2025-06-27 17:20:20] [INFO]: [USUARIOS_NUMEROS] Registro exitoso: id=1, usuario_id=1
[2025-06-27 17:20:22] [INFO]: [USUARIO] Solicitud de listado de usuarios
[2025-06-27 17:22:11] [INFO]: [USUARIOS_NUMEROS] Solicitud de listado de usuarios_numeros
[2025-06-27 17:24:40] [INFO]: DEBUG - Correo recibido: isma@gmail.com
[2025-06-27 17:24:40] [INFO]: DEBUG - Hash para búsqueda: 96ab28e8a64c85023ffffdeddeb13b7993e509fcf0e8c55ef3be066db55019f2
[2025-06-27 17:24:40] [INFO]: DEBUG - Usuario encontrado: 1
[2025-06-27 17:24:40] [INFO]: DEBUG - Password match: true
[2025-06-27 17:24:52] [INFO]: DEBUG - Correo recibido: isma@gmail.com
[2025-06-27 17:24:52] [INFO]: DEBUG - Hash para búsqueda: 96ab28e8a64c85023ffffdeddeb13b7993e509fcf0e8c55ef3be066db55019f2
[2025-06-27 17:24:52] [INFO]: DEBUG - Usuario encontrado: 1
[2025-06-27 17:24:52] [INFO]: DEBUG - Password match: true
[2025-06-27 17:27:28] [INFO]: [USUARIO] Solicitud de listado de usuarios
[2025-06-27 17:28:26] [INFO]: [USUARIO] Intento de registro: correo=aylin@gmail.com, nombre=Aylin Quilca
[2025-06-27 17:28:27] [INFO]: [USUARIO] Registro exitoso: id=2, correo=aylin@gmail.com
[2025-06-27 17:28:36] [INFO]: DEBUG - Correo recibido: aylin@gmail.com
[2025-06-27 17:28:36] [INFO]: DEBUG - Hash para búsqueda: 433d399a039ead8c08624c4b05e618332946b3ff660bdf481b5106110731668e
[2025-06-27 17:28:36] [INFO]: DEBUG - Usuario encontrado: 2
[2025-06-27 17:28:36] [INFO]: DEBUG - Password match: true
[2025-06-27 17:35:53] [INFO]: [USUARIO] Solicitud de listado de usuarios
[2025-06-27 17:37:47] [INFO]: [USUARIO] Solicitud de listado de usuarios
[2025-06-27 17:37:51] [INFO]: [USUARIOS_NUMEROS] Solicitud de listado de usuarios_numeros
[2025-06-27 17:37:54] [INFO]: [USUARIO] Solicitud de listado de usuarios
[2025-06-27 17:38:03] [INFO]: [USUARIO] Actualización de usuario: id=1
[2025-06-27 17:38:03] [INFO]: [USUARIO] Usuario actualizado correctamente: id=1
[2025-06-27 17:38:08] [INFO]: [USUARIO] Actualización de usuario: id=1
[2025-06-27 17:38:08] [INFO]: [USUARIO] Usuario actualizado correctamente: id=1
[2025-06-27 18:00:17] [INFO]: El servidor está escuchando en el puerto 9000
[2025-06-27 18:00:17] [INFO]: Conexión exitosa a MongoDB
[2025-06-27 18:00:17] [INFO]: Base de datos conectada
[2025-06-27 18:00:18] [INFO]: Conexión establecida con la base de datos
[2025-06-27 18:00:39] [INFO]: Database synchronized
[2025-06-27 18:02:59] [INFO]: [ROL] Solicitud de listado de roles
[2025-06-27 18:03:01] [INFO]: [USUARIO] Solicitud de listado de usuarios
[2025-06-27 18:04:22] [INFO]: [USUARIO] Solicitud de usuario por ID: 2
[2025-06-27 18:05:08] [INFO]: DEBUG - Correo recibido: isma@gmail.com
[2025-06-27 18:05:08] [INFO]: DEBUG - Hash para búsqueda: 96ab28e8a64c85023ffffdeddeb13b7993e509fcf0e8c55ef3be066db55019f2
[2025-06-27 18:05:08] [INFO]: DEBUG - Usuario encontrado: 1
[2025-06-27 18:05:08] [INFO]: DEBUG - Password match: true
[2025-06-27 18:09:11] [INFO]: [USUARIO] Solicitud de listado de usuarios
[2025-06-27 18:15:48] [INFO]: [USUARIO] Actualización de usuario: id=2
[2025-06-27 18:15:49] [INFO]: [USUARIO] Usuario actualizado correctamente: id=2
[2025-06-27 18:16:05] [INFO]: [USUARIO] Actualización de usuario: id=2
[2025-06-27 18:16:05] [INFO]: [USUARIO] Usuario actualizado correctamente: id=2
[2025-06-27 18:16:41] [INFO]: [USUARIOS_NUMEROS] Solicitud de listado de usuarios_numeros
[2025-06-27 18:16:48] [INFO]: [ROL] Solicitud de listado de roles
[2025-06-27 18:16:50] [INFO]: [CLIENTE] Solicitud de listado de clientes
[2025-06-27 18:17:27] [INFO]: [USUARIO] Solicitud de listado de usuarios
[2025-06-27 18:17:43] [INFO]: [USUARIOS_NUMEROS] Solicitud de listado de usuarios_numeros
[2025-06-27 18:17:48] [INFO]: [USUARIOS_NUMEROS] Actualización de usuario_numero: id=1
[2025-06-27 18:17:49] [INFO]: [USUARIOS_NUMEROS] Usuario_numero actualizado correctamente: id=1
[2025-06-27 18:17:56] [INFO]: [USUARIO] Solicitud de listado de usuarios
[2025-06-27 18:18:52] [INFO]: [USUARIOS_NUMEROS] Solicitud de listado de usuarios_numeros
[2025-06-27 18:19:09] [INFO]: [USUARIO] Solicitud de listado de usuarios
[2025-06-27 18:19:41] [INFO]: [USUARIOS_NUMEROS] Solicitud de listado de usuarios_numeros
[2025-06-27 18:19:46] [INFO]: [USUARIO] Solicitud de listado de usuarios
[2025-06-27 18:19:52] [INFO]: [USUARIO] Actualización de usuario: id=1
[2025-06-27 18:19:52] [INFO]: [USUARIO] Usuario actualizado correctamente: id=1
[2025-06-27 18:19:59] [INFO]: [USUARIO] Actualización de usuario: id=1
[2025-06-27 18:19:59] [INFO]: [USUARIO] Usuario actualizado correctamente: id=1
[2025-06-27 18:20:04] [INFO]: [USUARIO] Actualización de usuario: id=1
[2025-06-27 18:20:04] [INFO]: [USUARIO] Usuario actualizado correctamente: id=1
[2025-06-27 18:20:13] [INFO]: [USUARIOS_NUMEROS] Solicitud de listado de usuarios_numeros
[2025-06-27 18:20:19] [INFO]: [USUARIO] Solicitud de listado de usuarios
[2025-06-27 18:22:29] [INFO]: [USUARIOS_NUMEROS] Solicitud de listado de usuarios_numeros
[2025-06-27 18:22:34] [INFO]: [USUARIO] Solicitud de listado de usuarios
[2025-06-27 18:22:43] [INFO]: [USUARIO] Actualización de usuario: id=1
[2025-06-27 18:22:43] [INFO]: [USUARIO] Usuario actualizado correctamente: id=1
[2025-06-27 18:22:50] [INFO]: [USUARIO] Actualización de usuario: id=1
[2025-06-27 18:22:51] [INFO]: [USUARIO] Usuario actualizado correctamente: id=1
[2025-06-27 18:23:07] [INFO]: [CLIENTE] Solicitud de listado de clientes
[2025-06-27 18:25:43] [INFO]: [USUARIO] Actualización de usuario: id=2
[2025-06-27 18:25:43] [INFO]: [USUARIO] Usuario actualizado correctamente: id=2
[2025-06-27 18:25:45] [INFO]: [USUARIOS_NUMEROS] Solicitud de listado de usuarios_numeros
[2025-06-27 18:26:02] [INFO]: DEBUG - Correo recibido: isma@gmail.com
[2025-06-27 18:26:02] [INFO]: DEBUG - Hash para búsqueda: 96ab28e8a64c85023ffffdeddeb13b7993e509fcf0e8c55ef3be066db55019f2
[2025-06-27 18:26:02] [INFO]: DEBUG - Usuario encontrado: 1
[2025-06-27 18:26:02] [INFO]: DEBUG - Password match: true
[2025-06-27 18:26:14] [INFO]: DEBUG - Correo recibido: isma@gmail.com
[2025-06-27 18:26:14] [INFO]: DEBUG - Hash para búsqueda: 96ab28e8a64c85023ffffdeddeb13b7993e509fcf0e8c55ef3be066db55019f2
[2025-06-27 18:26:14] [INFO]: DEBUG - Usuario encontrado: 1
[2025-06-27 18:26:14] [INFO]: DEBUG - Password match: true
[2025-06-27 18:26:17] [INFO]: [USUARIO] Solicitud de listado de usuarios
[2025-06-27 18:26:18] [INFO]: [USUARIOS_NUMEROS] Solicitud de listado de usuarios_numeros
[2025-06-27 18:26:18] [INFO]: [ROL] Solicitud de listado de roles
[2025-06-27 18:26:19] [INFO]: [CLIENTE] Solicitud de listado de clientes
[2025-06-27 18:26:21] [INFO]: [CLIENTE] Solicitud de listado de clientes
[2025-06-27 18:26:22] [INFO]: [ROL] Solicitud de listado de roles
[2025-06-27 18:26:23] [INFO]: [USUARIOS_NUMEROS] Solicitud de listado de usuarios_numeros
[2025-06-27 18:26:33] [INFO]: [ROL] Solicitud de listado de roles
[2025-06-27 18:26:35] [INFO]: [CLIENTE] Solicitud de listado de clientes
[2025-06-27 18:26:37] [INFO]: [USUARIOS_NUMEROS] Solicitud de listado de usuarios_numeros
[2025-06-27 18:26:37] [INFO]: [USUARIO] Solicitud de listado de usuarios
[2025-06-27 18:26:40] [INFO]: [USUARIO] Solicitud de listado de usuarios
[2025-06-27 18:28:20] [INFO]: [USUARIO] Solicitud de listado de usuarios
[2025-06-27 18:28:22] [INFO]: [USUARIO] Solicitud de listado de usuarios
[2025-06-27 18:29:00] [INFO]: [USUARIO] Actualización de usuario: id=1
[2025-06-27 18:29:00] [INFO]: [USUARIO] Usuario actualizado correctamente: id=1
[2025-06-27 18:29:08] [INFO]: [USUARIO] Actualización de usuario: id=1
[2025-06-27 18:29:08] [INFO]: [USUARIO] Usuario actualizado correctamente: id=1
[2025-06-27 18:29:11] [INFO]: [USUARIO] Solicitud de listado de usuarios
[2025-06-27 18:29:13] [INFO]: [USUARIO] Solicitud de usuario por ID: 1
[2025-06-27 18:29:15] [INFO]: [USUARIO] Solicitud de listado de usuarios
[2025-06-27 18:30:24] [INFO]: [USUARIO] Actualización de usuario: id=1
[2025-06-27 18:30:24] [INFO]: [USUARIO] Usuario actualizado correctamente: id=1
[2025-06-27 18:30:29] [INFO]: [USUARIO] Actualización de usuario: id=1
[2025-06-27 18:30:29] [INFO]: [USUARIO] Usuario actualizado correctamente: id=1
[2025-06-27 18:30:32] [INFO]: [USUARIO] Solicitud de listado de usuarios
[2025-06-27 18:31:09] [INFO]: [USUARIOS_NUMEROS] Solicitud de listado de usuarios_numeros
[2025-06-27 18:31:16] [INFO]: [USUARIOS_NUMEROS] Actualización de usuario_numero: id=1
[2025-06-27 18:31:16] [INFO]: [USUARIOS_NUMEROS] Usuario_numero actualizado correctamente: id=1
[2025-06-27 18:31:22] [INFO]: [USUARIOS_NUMEROS] Actualización de usuario_numero: id=1
[2025-06-27 18:31:22] [INFO]: [USUARIOS_NUMEROS] Usuario_numero actualizado correctamente: id=1
[2025-06-27 18:31:24] [INFO]: [USUARIO] Solicitud de listado de usuarios
[2025-06-27 18:32:31] [INFO]: [USUARIO] Actualización de usuario: id=2
[2025-06-27 18:32:31] [INFO]: [USUARIO] Usuario actualizado correctamente: id=2
[2025-06-27 18:36:17] [INFO]: [USUARIO] Solicitud de listado de usuarios
[2025-06-27 18:36:28] [INFO]: [USUARIO] Solicitud de listado de usuarios
[2025-06-27 18:37:10] [INFO]: [USUARIO] Solicitud de listado de usuarios
[2025-06-27 18:37:24] [INFO]: [USUARIO] Actualización de usuario: id=1
[2025-06-27 18:37:24] [INFO]: [USUARIO] Usuario actualizado correctamente: id=1
[2025-06-27 18:40:13] [INFO]: [USUARIO] Actualización de usuario: id=1
[2025-06-27 18:40:13] [INFO]: [USUARIO] Usuario actualizado correctamente: id=1
[2025-06-27 18:46:34] [INFO]: [USUARIO] Actualización de usuario: id=1
[2025-06-27 18:46:34] [INFO]: [USUARIO] Usuario actualizado correctamente: id=1
[2025-06-27 18:46:42] [INFO]: [USUARIOS_NUMEROS] Solicitud de listado de usuarios_numeros
[2025-06-27 18:46:55] [INFO]: [ROL] Solicitud de listado de roles
[2025-06-27 18:46:56] [INFO]: [CLIENTE] Solicitud de listado de clientes
[2025-06-27 18:48:16] [INFO]: [USUARIO] Solicitud de listado de usuarios
[2025-06-27 18:48:23] [INFO]: [USUARIOS_NUMEROS] Solicitud de listado de usuarios_numeros
[2025-06-27 18:48:40] [INFO]: [USUARIO] Solicitud de listado de usuarios
[2025-06-27 18:49:06] [INFO]: [ROL] Solicitud de listado de roles
[2025-06-27 18:49:16] [INFO]: [USUARIOS_NUMEROS] Solicitud de listado de usuarios_numeros
[2025-06-27 18:49:19] [INFO]: [CLIENTE] Solicitud de listado de clientes
[2025-06-27 18:49:23] [INFO]: [USUARIO] Solicitud de listado de usuarios
[2025-06-27 18:52:14] [INFO]: [USUARIO] Solicitud de listado de usuarios
[2025-06-27 18:55:58] [INFO]: [USUARIO] Solicitud de usuario por ID: 1
[2025-06-27 18:56:43] [INFO]: [USUARIO] Solicitud de listado de usuarios
[2025-06-27 18:56:54] [INFO]: [USUARIO] Actualización de usuario: id=1
[2025-06-27 18:56:54] [INFO]: [USUARIO] Usuario actualizado correctamente: id=1
[2025-06-27 18:57:14] [INFO]: [USUARIO] Solicitud de listado de usuarios
[2025-06-27 18:57:49] [INFO]: [USUARIO] Solicitud de usuario por ID: 1
[2025-06-27 18:57:49] [WARN]: [USUARIO] Usuario no encontrado: id=1
[2025-06-27 18:58:05] [INFO]: [USUARIO] Solicitud de usuario por ID: 1
[2025-06-27 18:58:05] [WARN]: [USUARIO] Usuario no encontrado: id=1
[2025-06-27 18:58:19] [INFO]: DEBUG - Correo recibido: isma@gmail.com
[2025-06-27 18:58:19] [INFO]: DEBUG - Hash para búsqueda: 96ab28e8a64c85023ffffdeddeb13b7993e509fcf0e8c55ef3be066db55019f2
[2025-06-27 18:58:19] [INFO]: DEBUG - Usuario encontrado: 1
[2025-06-27 18:58:19] [INFO]: DEBUG - Password match: true
[2025-06-27 18:58:23] [INFO]: [USUARIO] Solicitud de usuario por ID: 1
[2025-06-27 18:58:23] [WARN]: [USUARIO] Usuario no encontrado: id=1
[2025-06-27 18:58:43] [INFO]: [USUARIO] Solicitud de usuario por ID: 1
[2025-06-27 18:58:43] [WARN]: [USUARIO] Usuario no encontrado: id=1
[2025-06-27 18:59:35] [INFO]: El servidor está escuchando en el puerto 9000
[2025-06-27 18:59:35] [INFO]: Conexión exitosa a MongoDB
[2025-06-27 18:59:36] [INFO]: Base de datos conectada
[2025-06-27 18:59:36] [INFO]: Conexión establecida con la base de datos
[2025-06-27 18:59:58] [INFO]: Database synchronized
[2025-06-27 19:00:10] [INFO]: DEBUG - Correo recibido: isma@gmail.com
[2025-06-27 19:00:10] [INFO]: DEBUG - Hash para búsqueda: 96ab28e8a64c85023ffffdeddeb13b7993e509fcf0e8c55ef3be066db55019f2
[2025-06-27 19:00:10] [INFO]: DEBUG - Usuario encontrado: 1
[2025-06-27 19:00:10] [INFO]: DEBUG - Password match: true
[2025-06-27 19:00:14] [INFO]: [USUARIO] Solicitud de usuario por ID: 1
[2025-06-27 19:12:47] [INFO]: [USUARIO] Solicitud de usuario por ID: 1
[2025-06-27 19:16:31] [INFO]: [USUARIO] Actualización de usuario: id=1
[2025-06-27 19:16:32] [INFO]: [USUARIO] Usuario actualizado correctamente: id=1
[2025-06-27 19:48:50] [INFO]: [USUARIOS_NUMEROS] Solicitud de listado de usuarios_numeros
[2025-06-27 19:49:33] [INFO]: [USUARIO] Solicitud de usuario por ID: 1
[2025-06-27 19:57:48] [INFO]: DEBUG - Correo recibido: isma@gmail.com
[2025-06-27 19:57:48] [INFO]: DEBUG - Hash para búsqueda: 96ab28e8a64c85023ffffdeddeb13b7993e509fcf0e8c55ef3be066db55019f2
[2025-06-27 19:57:48] [INFO]: DEBUG - Usuario encontrado: 1
[2025-06-27 19:57:48] [INFO]: DEBUG - Password match: true
[2025-06-27 19:58:27] [INFO]: [USUARIO] Solicitud de usuario por ID: 1
[2025-06-27 21:11:40] [INFO]: DEBUG - Correo recibido: isma@gmail.com
[2025-06-27 21:11:40] [INFO]: DEBUG - Hash para búsqueda: 96ab28e8a64c85023ffffdeddeb13b7993e509fcf0e8c55ef3be066db55019f2
[2025-06-27 21:11:40] [INFO]: DEBUG - Usuario encontrado: 1
[2025-06-27 21:11:40] [INFO]: DEBUG - Password match: true
[2025-06-27 21:11:59] [INFO]: El servidor está escuchando en el puerto 9000
[2025-06-27 21:11:59] [INFO]: Conexión exitosa a MongoDB
[2025-06-27 21:11:59] [INFO]: Base de datos conectada
[2025-06-27 21:12:00] [INFO]: Conexión establecida con la base de datos
[2025-06-27 21:12:21] [INFO]: Database synchronized
[2025-06-27 21:12:29] [INFO]: DEBUG - Correo recibido: isma@gmail.com
[2025-06-27 21:12:29] [INFO]: DEBUG - Hash para búsqueda: 96ab28e8a64c85023ffffdeddeb13b7993e509fcf0e8c55ef3be066db55019f2
[2025-06-27 21:12:29] [INFO]: DEBUG - Usuario encontrado: 1
[2025-06-27 21:12:29] [INFO]: DEBUG - Password match: true
[2025-06-28 12:39:03] [INFO]: El servidor está escuchando en el puerto 9000
[2025-06-28 12:39:03] [INFO]: Conexión exitosa a MongoDB
[2025-06-28 12:39:05] [INFO]: Base de datos conectada
[2025-06-28 12:39:06] [INFO]: Conexión establecida con la base de datos
[2025-06-28 12:39:29] [INFO]: Database synchronized
[2025-06-28 12:40:46] [INFO]: DEBUG - Correo recibido: isma@gmail.com
[2025-06-28 12:40:46] [INFO]: DEBUG - Hash para búsqueda: 96ab28e8a64c85023ffffdeddeb13b7993e509fcf0e8c55ef3be066db55019f2
[2025-06-28 12:40:47] [INFO]: DEBUG - Usuario encontrado: 1
[2025-06-28 12:40:47] [INFO]: DEBUG - Password match: true
[2025-06-28 12:41:00] [INFO]: DEBUG - Correo recibido: isma@gmail.com
[2025-06-28 12:41:00] [INFO]: DEBUG - Hash para búsqueda: 96ab28e8a64c85023ffffdeddeb13b7993e509fcf0e8c55ef3be066db55019f2
[2025-06-28 12:41:00] [INFO]: DEBUG - Usuario encontrado: 1
[2025-06-28 12:41:00] [INFO]: DEBUG - Password match: true
[2025-06-28 12:53:05] [INFO]: DEBUG - Correo recibido: isma@gmail.com
[2025-06-28 12:53:05] [INFO]: DEBUG - Hash para búsqueda: 96ab28e8a64c85023ffffdeddeb13b7993e509fcf0e8c55ef3be066db55019f2
[2025-06-28 12:53:05] [INFO]: DEBUG - Usuario encontrado: 1
[2025-06-28 12:53:05] [INFO]: DEBUG - Password match: true
[2025-06-28 12:53:33] [INFO]: [USUARIOS_NUMEROS] Solicitud de listado de usuarios_numeros
[2025-06-28 12:53:34] [INFO]: [ROL] Solicitud de listado de roles
[2025-06-28 12:53:35] [INFO]: [CLIENTE] Solicitud de listado de clientes
[2025-06-28 12:53:58] [INFO]: [CLIENTE] Solicitud de listado de clientes
[2025-06-28 12:54:16] [INFO]: [USUARIO] Solicitud de listado de usuarios
[2025-06-28 13:01:11] [INFO]: [USUARIO] Solicitud de listado de usuarios
[2025-06-28 13:01:16] [INFO]: [USUARIOS_NUMEROS] Solicitud de listado de usuarios_numeros
[2025-06-28 13:01:18] [INFO]: [CLIENTE] Solicitud de listado de clientes
[2025-06-28 13:01:19] [INFO]: [USUARIOS_NUMEROS] Solicitud de listado de usuarios_numeros
[2025-06-28 13:02:47] [INFO]: [USUARIO] Solicitud de listado de usuarios
[2025-06-28 13:02:48] [INFO]: [USUARIOS_NUMEROS] Solicitud de listado de usuarios_numeros
[2025-06-28 13:03:10] [INFO]: [USUARIOS_NUMEROS] Solicitud de listado de usuarios_numeros
[2025-06-28 13:03:13] [INFO]: [ROL] Solicitud de listado de roles
[2025-06-28 13:05:11] [INFO]: [USUARIO] Solicitud de listado de usuarios
[2025-06-28 13:05:12] [INFO]: [USUARIOS_NUMEROS] Solicitud de listado de usuarios_numeros
[2025-06-28 13:05:13] [INFO]: [ROL] Solicitud de listado de roles
[2025-06-28 13:05:14] [INFO]: [CLIENTE] Solicitud de listado de clientes
[2025-06-28 13:05:46] [INFO]: [USUARIO] Solicitud de listado de usuarios
[2025-06-28 13:05:48] [INFO]: [USUARIOS_NUMEROS] Solicitud de listado de usuarios_numeros
[2025-06-28 13:05:49] [INFO]: [ROL] Solicitud de listado de roles
[2025-06-28 13:07:51] [INFO]: [USUARIO] Solicitud de listado de usuarios
[2025-06-28 13:07:54] [INFO]: [USUARIOS_NUMEROS] Solicitud de listado de usuarios_numeros
[2025-06-28 13:08:10] [INFO]: [USUARIO] Solicitud de listado de usuarios
[2025-06-28 13:08:11] [INFO]: [USUARIOS_NUMEROS] Solicitud de listado de usuarios_numeros
[2025-06-28 13:08:12] [INFO]: [ROL] Solicitud de listado de roles
[2025-06-28 13:08:12] [INFO]: [CLIENTE] Solicitud de listado de clientes
[2025-06-28 13:08:13] [INFO]: [ROL] Solicitud de listado de roles
[2025-06-28 13:08:14] [INFO]: [USUARIO] Solicitud de listado de usuarios
[2025-06-28 13:08:16] [INFO]: [USUARIO] Solicitud de listado de usuarios
[2025-06-28 13:08:39] [INFO]: [USUARIO] Solicitud de listado de usuarios
[2025-06-28 13:08:45] [INFO]: [CLIENTE] Solicitud de listado de clientes
[2025-06-28 13:08:47] [INFO]: [ROL] Solicitud de listado de roles
[2025-06-28 13:41:35] [INFO]: [USUARIO] Solicitud de listado de usuarios
[2025-06-28 13:41:38] [INFO]: [CLIENTE] Solicitud de listado de clientes
[2025-06-28 13:45:01] [INFO]: [CLIENTE] Solicitud de listado de clientes
[2025-06-28 13:46:35] [INFO]: [CLIENTE] Solicitud de listado de clientes
[2025-06-28 13:48:00] [INFO]: [USUARIOS_NUMEROS] Solicitud de listado de usuarios_numeros
[2025-06-28 13:48:01] [INFO]: [USUARIO] Solicitud de listado de usuarios
[2025-06-28 13:48:02] [INFO]: [USUARIOS_NUMEROS] Solicitud de listado de usuarios_numeros
[2025-06-28 13:50:29] [INFO]: [USUARIO] Solicitud de listado de usuarios
[2025-06-28 13:50:30] [INFO]: [USUARIOS_NUMEROS] Solicitud de listado de usuarios_numeros
[2025-06-28 13:50:32] [INFO]: [USUARIO] Solicitud de listado de usuarios
[2025-06-28 13:51:11] [INFO]: [USUARIOS_NUMEROS] Solicitud de listado de usuarios_numeros
[2025-06-28 13:51:12] [INFO]: [ROL] Solicitud de listado de roles
[2025-06-28 13:51:47] [INFO]: [CLIENTE] Solicitud de listado de clientes
[2025-06-28 13:51:50] [INFO]: [USUARIOS_NUMEROS] Solicitud de listado de usuarios_numeros
[2025-06-28 13:53:12] [INFO]: [USUARIOS_NUMEROS] Solicitud de listado de usuarios_numeros
[2025-06-28 13:53:12] [INFO]: [USUARIO] Solicitud de listado de usuarios
[2025-06-28 13:53:14] [INFO]: [CLIENTE] Solicitud de listado de clientes
[2025-06-28 13:53:16] [INFO]: [CLIENTE] Solicitud de listado de clientes
[2025-06-28 13:53:17] [INFO]: [ROL] Solicitud de listado de roles
[2025-06-28 13:53:18] [INFO]: [USUARIOS_NUMEROS] Solicitud de listado de usuarios_numeros
[2025-06-28 13:54:18] [INFO]: DEBUG - Correo recibido: isma@gmail.com
[2025-06-28 13:54:18] [INFO]: DEBUG - Hash para búsqueda: 96ab28e8a64c85023ffffdeddeb13b7993e509fcf0e8c55ef3be066db55019f2
[2025-06-28 13:54:18] [INFO]: DEBUG - Usuario encontrado: 1
[2025-06-28 13:54:19] [INFO]: DEBUG - Password match: true
[2025-06-28 13:55:10] [INFO]: [USUARIO] Solicitud de listado de usuarios
[2025-06-28 13:56:55] [INFO]: [USUARIOS_NUMEROS] Solicitud de listado de usuarios_numeros
[2025-06-28 13:56:55] [INFO]: [CLIENTE] Solicitud de listado de clientes
[2025-06-28 13:58:46] [INFO]: [USUARIOS_NUMEROS] Solicitud de listado de usuarios_numeros
[2025-06-28 14:01:03] [INFO]: [USUARIOS_NUMEROS] Solicitud de listado de usuarios_numeros
[2025-06-28 14:01:11] [INFO]: [USUARIO] Solicitud de listado de usuarios
[2025-06-28 14:02:01] [INFO]: [USUARIO] Solicitud de listado de usuarios
[2025-06-28 14:02:02] [INFO]: [USUARIOS_NUMEROS] Solicitud de listado de usuarios_numeros
[2025-06-28 14:02:03] [INFO]: [ROL] Solicitud de listado de roles
[2025-06-28 14:03:31] [INFO]: [CLIENTE] Solicitud de listado de clientes
[2025-06-28 14:03:55] [INFO]: [CLIENTE] Solicitud de listado de clientes
[2025-06-28 14:07:13] [INFO]: [USUARIO] Solicitud de listado de usuarios
[2025-06-28 14:07:19] [INFO]: [USUARIO] Solicitud de listado de usuarios
[2025-06-28 14:13:16] [INFO]: [USUARIO] Solicitud de listado de usuarios
[2025-06-28 14:16:27] [INFO]: [USUARIOS_NUMEROS] Solicitud de listado de usuarios_numeros
[2025-06-28 14:18:51] [INFO]: [USUARIOS_NUMEROS] Solicitud de listado de usuarios_numeros
[2025-06-28 14:18:52] [INFO]: [USUARIO] Solicitud de listado de usuarios
[2025-06-28 14:18:53] [INFO]: [CLIENTE] Solicitud de listado de clientes
[2025-06-28 14:18:56] [INFO]: [CLIENTE] Solicitud de listado de clientes
[2025-06-28 14:18:57] [INFO]: [ROL] Solicitud de listado de roles
[2025-06-28 14:18:57] [INFO]: [USUARIOS_NUMEROS] Solicitud de listado de usuarios_numeros
[2025-06-28 14:18:58] [INFO]: [USUARIO] Solicitud de listado de usuarios
[2025-06-28 14:18:59] [INFO]: [CLIENTE] Solicitud de listado de clientes
[2025-06-28 14:20:12] [INFO]: [ROL] Solicitud de listado de roles
[2025-06-28 14:20:13] [INFO]: [USUARIO] Solicitud de listado de usuarios
[2025-06-28 14:20:48] [INFO]: [USUARIO] Solicitud de listado de usuarios
[2025-06-28 14:20:48] [INFO]: [ROL] Solicitud de listado de roles
[2025-06-28 14:20:49] [INFO]: [CLIENTE] Solicitud de listado de clientes
[2025-06-28 14:21:00] [INFO]: [USUARIO] Solicitud de usuario por ID: 1
[2025-06-28 14:21:14] [INFO]: [USUARIOS_NUMEROS] Solicitud de listado de usuarios_numeros
[2025-06-28 14:25:39] [INFO]: [USUARIO] Solicitud de listado de usuarios
[2025-06-28 14:25:41] [INFO]: [ROL] Solicitud de listado de roles
[2025-06-28 14:27:28] [INFO]: [USUARIO] Solicitud de listado de usuarios
[2025-06-28 14:27:34] [INFO]: [CLIENTE] Solicitud de listado de clientes
[2025-06-28 14:27:36] [INFO]: [ROL] Solicitud de listado de roles
[2025-06-28 14:29:15] [INFO]: [USUARIO] Solicitud de listado de usuarios
[2025-06-28 14:29:24] [INFO]: [USUARIOS_NUMEROS] Solicitud de listado de usuarios_numeros
[2025-06-28 14:29:26] [INFO]: [ROL] Solicitud de listado de roles
[2025-06-28 14:30:11] [INFO]: [USUARIO] Solicitud de listado de usuarios
[2025-06-28 14:30:16] [INFO]: [CLIENTE] Solicitud de listado de clientes
[2025-06-28 14:30:18] [INFO]: [ROL] Solicitud de listado de roles
[2025-06-28 14:30:18] [INFO]: [USUARIOS_NUMEROS] Solicitud de listado de usuarios_numeros
[2025-06-28 14:30:19] [INFO]: [USUARIO] Solicitud de listado de usuarios
[2025-06-28 14:31:15] [INFO]: [CLIENTE] Solicitud de listado de clientes
[2025-06-28 14:31:24] [INFO]: [ROL] Solicitud de listado de roles
[2025-06-28 14:31:26] [INFO]: [USUARIO] Solicitud de listado de usuarios
[2025-06-28 14:52:32] [INFO]: [USUARIOS_NUMEROS] Solicitud de listado de usuarios_numeros
[2025-06-28 14:52:34] [INFO]: [ROL] Solicitud de listado de roles
[2025-06-28 14:52:36] [INFO]: [USUARIO] Solicitud de listado de usuarios
[2025-06-28 14:52:38] [INFO]: [CLIENTE] Solicitud de listado de clientes
[2025-06-28 14:54:07] [INFO]: [USUARIO] Solicitud de listado de usuarios
[2025-06-28 14:54:10] [INFO]: [USUARIOS_NUMEROS] Solicitud de listado de usuarios_numeros
[2025-06-28 14:54:25] [INFO]: [ROL] Solicitud de listado de roles
[2025-06-28 14:54:27] [INFO]: [CLIENTE] Solicitud de listado de clientes
[2025-06-28 14:54:31] [INFO]: [USUARIO] Solicitud de listado de usuarios
[2025-06-28 14:54:34] [INFO]: [USUARIOS_NUMEROS] Solicitud de listado de usuarios_numeros
[2025-06-28 14:54:37] [INFO]: [USUARIO] Solicitud de listado de usuarios
[2025-06-28 14:54:39] [INFO]: [USUARIOS_NUMEROS] Solicitud de listado de usuarios_numeros
[2025-06-28 14:56:57] [INFO]: [USUARIO] Solicitud de listado de usuarios
[2025-06-28 14:56:59] [INFO]: [USUARIOS_NUMEROS] Solicitud de listado de usuarios_numeros
[2025-06-28 14:57:00] [INFO]: [ROL] Solicitud de listado de roles
[2025-06-28 14:57:00] [INFO]: [CLIENTE] Solicitud de listado de clientes
[2025-06-28 14:57:07] [INFO]: [ROL] Solicitud de listado de roles
[2025-06-28 14:57:22] [INFO]: [USUARIO] Solicitud de listado de usuarios
[2025-06-28 14:57:24] [INFO]: [USUARIOS_NUMEROS] Solicitud de listado de usuarios_numeros
[2025-06-28 15:00:00] [INFO]: [ROL] Solicitud de listado de roles
[2025-06-28 15:00:07] [INFO]: [CLIENTE] Solicitud de listado de clientes
[2025-06-28 15:00:13] [INFO]: [CLIENTE] Solicitud de listado de clientes
[2025-06-28 15:00:14] [INFO]: [USUARIOS_NUMEROS] Solicitud de listado de usuarios_numeros
[2025-06-28 15:00:15] [INFO]: [USUARIOS_NUMEROS] Solicitud de listado de usuarios_numeros
[2025-06-28 15:00:16] [INFO]: [ROL] Solicitud de listado de roles
[2025-06-28 15:00:17] [INFO]: [CLIENTE] Solicitud de listado de clientes
[2025-06-28 15:00:25] [INFO]: [USUARIO] Solicitud de listado de usuarios
[2025-06-28 15:00:54] [INFO]: [USUARIOS_NUMEROS] Solicitud de listado de usuarios_numeros
[2025-06-28 15:01:03] [INFO]: [ROL] Solicitud de listado de roles
[2025-06-28 15:01:14] [INFO]: [CLIENTE] Solicitud de listado de clientes
[2025-06-28 15:01:27] [INFO]: [USUARIO] Solicitud de listado de usuarios
[2025-06-28 15:01:28] [INFO]: [USUARIOS_NUMEROS] Solicitud de listado de usuarios_numeros
[2025-06-28 15:01:36] [INFO]: [ROL] Solicitud de listado de roles
[2025-06-28 15:02:39] [INFO]: [USUARIO] Solicitud de listado de usuarios
[2025-06-28 15:02:41] [INFO]: [CLIENTE] Solicitud de listado de clientes
[2025-06-28 15:07:04] [INFO]: [CLIENTE] Solicitud de listado de clientes
[2025-06-28 15:07:29] [INFO]: [CLIENTE] Solicitud de listado de clientes
[2025-06-28 15:07:44] [INFO]: [CLIENTE] Solicitud de listado de clientes
[2025-06-28 15:07:48] [INFO]: [USUARIO] Solicitud de listado de usuarios
[2025-06-28 15:10:37] [INFO]: [USUARIOS_NUMEROS] Solicitud de listado de usuarios_numeros
[2025-06-28 15:10:40] [INFO]: [ROL] Solicitud de listado de roles
[2025-06-28 15:10:52] [INFO]: [USUARIO] Solicitud de listado de usuarios
[2025-06-28 15:10:57] [INFO]: [USUARIOS_NUMEROS] Solicitud de listado de usuarios_numeros
[2025-06-28 15:11:08] [INFO]: [USUARIO] Solicitud de listado de usuarios
[2025-06-28 15:11:10] [INFO]: [USUARIOS_NUMEROS] Solicitud de listado de usuarios_numeros
[2025-06-28 15:12:21] [INFO]: DEBUG - Correo recibido: isma@gmail.com
[2025-06-28 15:12:21] [INFO]: DEBUG - Hash para búsqueda: 96ab28e8a64c85023ffffdeddeb13b7993e509fcf0e8c55ef3be066db55019f2
[2025-06-28 15:12:21] [INFO]: DEBUG - Usuario encontrado: 1
[2025-06-28 15:12:21] [INFO]: DEBUG - Password match: true
[2025-06-28 15:12:26] [INFO]: [USUARIO] Solicitud de listado de usuarios
[2025-06-28 15:12:30] [INFO]: [CLIENTE] Solicitud de listado de clientes
[2025-06-28 15:12:47] [INFO]: [USUARIOS_NUMEROS] Solicitud de listado de usuarios_numeros
[2025-06-28 15:12:49] [INFO]: [CLIENTE] Solicitud de listado de clientes
[2025-06-28 15:12:57] [INFO]: [USUARIO] Solicitud de listado de usuarios
[2025-06-28 15:13:19] [INFO]: [USUARIO] Solicitud de listado de usuarios
[2025-06-28 15:13:20] [INFO]: [USUARIOS_NUMEROS] Solicitud de listado de usuarios_numeros
[2025-06-28 15:15:52] [INFO]: [USUARIO] Solicitud de listado de usuarios
[2025-06-28 15:15:54] [INFO]: [ROL] Solicitud de listado de roles
[2025-06-28 15:18:01] [INFO]: [CLIENTE] Solicitud de listado de clientes
[2025-06-28 15:18:04] [INFO]: [USUARIO] Solicitud de listado de usuarios
[2025-06-28 15:18:20] [INFO]: [USUARIOS_NUMEROS] Solicitud de listado de usuarios_numeros
[2025-06-28 15:18:23] [INFO]: [ROL] Solicitud de listado de roles
[2025-06-28 15:18:38] [INFO]: [USUARIOS_NUMEROS] Solicitud de listado de usuarios_numeros
[2025-06-28 15:18:43] [INFO]: [ROL] Solicitud de listado de roles
[2025-06-28 15:18:49] [INFO]: [USUARIOS_NUMEROS] Solicitud de listado de usuarios_numeros
[2025-06-28 15:20:36] [INFO]: [USUARIO] Solicitud de listado de usuarios
[2025-06-28 15:21:40] [INFO]: [USUARIOS_NUMEROS] Solicitud de listado de usuarios_numeros
[2025-06-28 15:21:42] [INFO]: [USUARIO] Solicitud de listado de usuarios
[2025-06-28 15:22:42] [INFO]: [USUARIOS_NUMEROS] Solicitud de listado de usuarios_numeros
[2025-06-28 15:27:53] [INFO]: [CLIENTE] Solicitud de listado de clientes
[2025-06-28 15:27:56] [INFO]: [USUARIO] Solicitud de listado de usuarios
[2025-06-28 15:27:58] [INFO]: [CLIENTE] Solicitud de listado de clientes
[2025-06-28 15:27:59] [INFO]: [USUARIOS_NUMEROS] Solicitud de listado de usuarios_numeros
[2025-06-28 15:28:02] [INFO]: [CLIENTE] Solicitud de listado de clientes
[2025-06-28 15:28:04] [INFO]: [ROL] Solicitud de listado de roles
[2025-06-28 15:28:06] [INFO]: [USUARIO] Solicitud de listado de usuarios
[2025-06-28 15:28:07] [INFO]: [USUARIOS_NUMEROS] Solicitud de listado de usuarios_numeros
[2025-06-28 15:29:08] [INFO]: [CLIENTE] Solicitud de listado de clientes
[2025-06-28 15:29:56] [INFO]: [USUARIO] Solicitud de listado de usuarios
[2025-06-28 15:30:22] [INFO]: [USUARIO] Solicitud de listado de usuarios
[2025-06-28 15:30:24] [INFO]: [ROL] Solicitud de listado de roles
[2025-06-28 15:30:26] [INFO]: [USUARIO] Solicitud de listado de usuarios
[2025-06-28 15:37:19] [INFO]: [USUARIOS_NUMEROS] Solicitud de listado de usuarios_numeros
[2025-06-28 15:37:22] [INFO]: [USUARIO] Solicitud de listado de usuarios
[2025-06-28 15:37:25] [INFO]: [USUARIOS_NUMEROS] Solicitud de listado de usuarios_numeros
[2025-06-28 15:39:10] [INFO]: [USUARIO] Solicitud de listado de usuarios
[2025-06-28 15:40:57] [INFO]: [USUARIOS_NUMEROS] Solicitud de listado de usuarios_numeros
[2025-06-28 15:41:01] [INFO]: [USUARIO] Solicitud de listado de usuarios
[2025-06-28 15:57:20] [INFO]: [USUARIO] Solicitud de listado de usuarios
[2025-06-28 15:59:30] [INFO]: [USUARIO] Actualización de usuario: id=2
[2025-06-28 15:59:30] [INFO]: [USUARIO] Usuario actualizado correctamente: id=2
[2025-06-28 15:59:35] [INFO]: [USUARIO] Solicitud de listado de usuarios
[2025-06-28 15:59:39] [INFO]: [USUARIO] Actualización de usuario: id=2
[2025-06-28 15:59:39] [INFO]: [USUARIO] Usuario actualizado correctamente: id=2
[2025-06-28 15:59:41] [INFO]: [USUARIOS_NUMEROS] Solicitud de listado de usuarios_numeros
[2025-06-28 15:59:46] [INFO]: [USUARIOS_NUMEROS] Actualización de usuario_numero: id=1
[2025-06-28 15:59:46] [INFO]: [USUARIOS_NUMEROS] Usuario_numero actualizado correctamente: id=1
[2025-06-28 15:59:58] [INFO]: [USUARIO] Solicitud de listado de usuarios
[2025-06-28 16:15:55] [INFO]: [USUARIOS_NUMEROS] Solicitud de listado de usuarios_numeros
[2025-06-28 16:16:00] [INFO]: [ROL] Solicitud de listado de roles
[2025-06-28 16:16:29] [INFO]: [USUARIO] Solicitud de listado de usuarios
[2025-06-28 16:18:49] [INFO]: [USUARIO] Solicitud de listado de usuarios
[2025-06-28 16:18:50] [INFO]: [USUARIOS_NUMEROS] Solicitud de listado de usuarios_numeros
[2025-06-28 16:19:08] [INFO]: [USUARIO] Solicitud de listado de usuarios
[2025-06-28 16:19:23] [INFO]: [USUARIO] Actualización de usuario: id=1
[2025-06-28 16:19:23] [INFO]: [USUARIO] Usuario actualizado correctamente: id=1
[2025-06-28 16:19:30] [INFO]: [USUARIO] Actualización de usuario: id=1
[2025-06-28 16:19:31] [INFO]: [USUARIO] Usuario actualizado correctamente: id=1
[2025-06-28 16:19:34] [INFO]: [USUARIO] Solicitud de listado de usuarios
[2025-06-28 16:19:36] [INFO]: [USUARIO] Solicitud de usuario por ID: 1
[2025-06-28 16:19:47] [INFO]: [USUARIO] Solicitud de listado de usuarios
[2025-06-28 16:19:49] [INFO]: [USUARIOS_NUMEROS] Solicitud de listado de usuarios_numeros
[2025-06-28 16:19:54] [INFO]: [ROL] Solicitud de listado de roles
[2025-06-28 16:20:05] [INFO]: [ROL] Intento de registro: usuario_id=1, nombre=Cliente
[2025-06-28 16:20:05] [INFO]: [ROL] Registro exitoso: id=1, usuario_id=1
[2025-06-28 16:20:24] [INFO]: [ROL] Intento de registro: usuario_id=, nombre=Administrador
[2025-06-28 16:20:24] [WARN]: [ROL] Registro fallido: usuario no existe (usuario_id=)
[2025-06-28 16:20:28] [INFO]: [ROL] Intento de registro: usuario_id=1, nombre=Administrador
[2025-06-28 16:20:28] [INFO]: [ROL] Registro exitoso: id=2, usuario_id=1
[2025-06-28 16:20:36] [INFO]: [USUARIO] Solicitud de listado de usuarios
[2025-06-28 16:22:10] [INFO]: [CLIENTE] Solicitud de listado de clientes
[2025-06-28 16:22:12] [INFO]: [CLIENTE] Solicitud de listado de clientes
[2025-06-28 16:22:13] [INFO]: [ROL] Solicitud de listado de roles
[2025-06-28 16:24:20] [INFO]: [USUARIO] Solicitud de listado de usuarios
[2025-06-28 16:26:57] [INFO]: [USUARIO] Solicitud de listado de usuarios
[2025-06-28 16:27:21] [INFO]: [ROL] Solicitud de listado de roles
[2025-06-28 16:27:25] [INFO]: [USUARIO] Solicitud de listado de usuarios
[2025-06-28 16:27:37] [INFO]: [USUARIOS_NUMEROS] Solicitud de listado de usuarios_numeros
[2025-06-28 16:27:39] [INFO]: [USUARIO] Solicitud de listado de usuarios
[2025-06-28 16:27:39] [INFO]: [USUARIOS_NUMEROS] Solicitud de listado de usuarios_numeros
[2025-06-28 16:27:41] [INFO]: [USUARIO] Solicitud de listado de usuarios
[2025-06-28 16:27:42] [INFO]: [USUARIOS_NUMEROS] Solicitud de listado de usuarios_numeros
[2025-06-28 16:27:49] [INFO]: [ROL] Solicitud de listado de roles
[2025-06-28 16:27:51] [INFO]: [CLIENTE] Solicitud de listado de clientes
[2025-06-28 16:27:52] [INFO]: [USUARIO] Solicitud de listado de usuarios
[2025-06-28 16:30:55] [INFO]: [USUARIO] Solicitud de listado de usuarios
[2025-06-28 16:33:50] [INFO]: [USUARIOS_NUMEROS] Solicitud de listado de usuarios_numeros
[2025-06-28 16:33:51] [INFO]: [USUARIO] Solicitud de listado de usuarios
[2025-06-28 16:41:28] [INFO]: [USUARIO] Solicitud de listado de usuarios
[2025-06-28 16:41:35] [INFO]: [USUARIOS_NUMEROS] Solicitud de listado de usuarios_numeros
[2025-06-28 16:41:37] [INFO]: [ROL] Solicitud de listado de roles
[2025-06-28 16:41:37] [INFO]: [USUARIO] Solicitud de listado de usuarios
[2025-06-28 16:42:05] [INFO]: [USUARIO] Solicitud de listado de usuarios
[2025-06-28 16:42:35] [INFO]: [USUARIO] Solicitud de listado de usuarios
[2025-06-28 16:42:46] [INFO]: [USUARIO] Solicitud de listado de usuarios
[2025-06-28 16:43:30] [INFO]: [USUARIO] Solicitud de listado de usuarios
[2025-06-28 16:43:39] [INFO]: [USUARIO] Solicitud de listado de usuarios
[2025-06-28 16:43:53] [INFO]: [USUARIO] Solicitud de listado de usuarios
[2025-06-28 16:46:23] [INFO]: [USUARIO] Solicitud de listado de usuarios
[2025-06-28 16:46:33] [INFO]: [ROL] Solicitud de listado de roles
[2025-06-28 16:46:34] [INFO]: [USUARIO] Solicitud de listado de usuarios
[2025-06-28 16:46:48] [INFO]: [USUARIO] Solicitud de listado de usuarios
[2025-06-28 16:47:03] [INFO]: [USUARIO] Solicitud de listado de usuarios
[2025-06-28 16:50:48] [INFO]: [USUARIO] Solicitud de listado de usuarios
[2025-06-28 16:51:03] [INFO]: [USUARIO] Solicitud de listado de usuarios
[2025-06-28 16:51:06] [INFO]: [USUARIO] Solicitud de listado de usuarios
[2025-06-28 16:51:30] [INFO]: [USUARIO] Solicitud de listado de usuarios
[2025-06-28 16:52:03] [INFO]: [USUARIO] Solicitud de listado de usuarios
[2025-06-28 16:53:29] [INFO]: [USUARIO] Solicitud de listado de usuarios
[2025-06-28 16:56:48] [INFO]: [USUARIO] Solicitud de listado de usuarios
[2025-06-28 16:57:04] [INFO]: [USUARIOS_NUMEROS] Solicitud de listado de usuarios_numeros
[2025-06-28 17:01:10] [INFO]: [USUARIO] Solicitud de listado de usuarios
[2025-06-28 17:01:12] [INFO]: [USUARIOS_NUMEROS] Solicitud de listado de usuarios_numeros
[2025-06-28 17:01:14] [INFO]: [USUARIO] Solicitud de listado de usuarios
[2025-06-28 17:01:15] [INFO]: [USUARIOS_NUMEROS] Solicitud de listado de usuarios_numeros
[2025-06-28 17:01:35] [INFO]: [CLIENTE] Solicitud de listado de clientes
[2025-06-28 17:01:36] [INFO]: [ROL] Solicitud de listado de roles
[2025-06-28 17:01:36] [INFO]: [USUARIOS_NUMEROS] Solicitud de listado de usuarios_numeros
[2025-06-28 17:01:37] [INFO]: [ROL] Solicitud de listado de roles
[2025-06-28 17:01:41] [INFO]: [USUARIO] Solicitud de listado de usuarios
[2025-06-28 17:04:24] [INFO]: [USUARIO] Solicitud de listado de usuarios
[2025-06-28 17:04:36] [INFO]: DEBUG - Correo recibido: isma@gmail.com
[2025-06-28 17:04:36] [INFO]: DEBUG - Hash para búsqueda: 96ab28e8a64c85023ffffdeddeb13b7993e509fcf0e8c55ef3be066db55019f2
[2025-06-28 17:04:36] [INFO]: DEBUG - Usuario encontrado: 1
[2025-06-28 17:04:36] [INFO]: DEBUG - Password match: true
[2025-06-28 17:04:47] [INFO]: DEBUG - Correo recibido: isma@gmail.com
[2025-06-28 17:04:47] [INFO]: DEBUG - Hash para búsqueda: 96ab28e8a64c85023ffffdeddeb13b7993e509fcf0e8c55ef3be066db55019f2
[2025-06-28 17:04:48] [INFO]: DEBUG - Usuario encontrado: 1
[2025-06-28 17:04:48] [INFO]: DEBUG - Password match: true
[2025-06-28 17:04:57] [INFO]: [USUARIO] Solicitud de listado de usuarios
[2025-06-28 17:12:16] [INFO]: [USUARIOS_NUMEROS] Solicitud de listado de usuarios_numeros
[2025-06-28 17:12:18] [INFO]: [USUARIO] Solicitud de listado de usuarios
[2025-06-28 17:12:25] [INFO]: [USUARIOS_NUMEROS] Solicitud de listado de usuarios_numeros
[2025-06-28 17:12:56] [INFO]: [USUARIO] Solicitud de listado de usuarios
[2025-06-28 17:14:29] [INFO]: [USUARIOS_NUMEROS] Solicitud de listado de usuarios_numeros
[2025-06-28 17:14:49] [INFO]: [USUARIO] Solicitud de listado de usuarios
[2025-06-29 11:35:36] [INFO]: El servidor está escuchando en el puerto 9000
[2025-06-29 11:35:36] [INFO]: Conexión exitosa a MongoDB
[2025-06-29 11:35:39] [INFO]: Conexión establecida con la base de datos
[2025-06-29 11:35:42] [INFO]: Base de datos conectada
[2025-06-29 11:36:02] [INFO]: Database synchronized
[2025-06-29 11:36:31] [INFO]: DEBUG - Correo recibido: isma@gmail.com
[2025-06-29 11:36:31] [INFO]: DEBUG - Hash para búsqueda: 96ab28e8a64c85023ffffdeddeb13b7993e509fcf0e8c55ef3be066db55019f2
[2025-06-29 11:36:31] [INFO]: DEBUG - Usuario encontrado: 1
[2025-06-29 11:36:31] [INFO]: DEBUG - Password match: true
[2025-06-29 11:36:36] [INFO]: [USUARIO] Solicitud de listado de usuarios
[2025-06-29 11:36:43] [INFO]: [USUARIO] Solicitud de listado de usuarios
[2025-06-29 11:37:00] [INFO]: [USUARIO] Solicitud de listado de usuarios
[2025-06-29 11:37:29] [INFO]: [USUARIO] Solicitud de usuario por ID: 1
[2025-06-29 11:37:50] [INFO]: [USUARIO] Solicitud de listado de usuarios
[2025-06-29 11:53:09] [INFO]: [CLIENTE] Intento de registro: correo=lenin@gmail.com, nombre=Lenin Vargas
[2025-06-29 11:53:09] [INFO]: [CLIENTE] Registro exitoso: id=1, correo=lenin@gmail.com
[2025-06-29 11:53:17] [INFO]: [CLIENTE] Intento de login: correo=lenin@gmail.com
[2025-06-29 11:53:17] [INFO]: [CLIENTE] Hash para búsqueda: 317d9b4b4ba87dae99d44ea18f6ab581310b2a21dbe437d0a2ca5cc77de4d5bc
[2025-06-29 11:53:17] [INFO]: [CLIENTE] Usuario encontrado: 1
[2025-06-29 11:53:17] [INFO]: [CLIENTE] Password match: true
[2025-06-29 11:53:57] [INFO]: [USUARIO] Solicitud de listado de usuarios
[2025-06-29 11:54:07] [INFO]: [USUARIOS_NUMEROS] Solicitud de listado de usuarios_numeros
[2025-06-29 11:59:24] [INFO]: [USUARIO] Solicitud de listado de usuarios
[2025-06-29 11:59:33] [INFO]: [CLIENTE] Solicitud de listado de clientes
[2025-06-29 11:59:45] [INFO]: [ROL] Solicitud de listado de roles
[2025-06-29 12:00:28] [INFO]: [USUARIO] Solicitud de listado de usuarios
[2025-06-29 12:35:55] [INFO]: El servidor está escuchando en el puerto 9000
[2025-06-29 12:35:55] [INFO]: Conexión exitosa a MongoDB
[2025-06-29 12:35:55] [INFO]: Base de datos conectada
[2025-06-29 12:35:56] [INFO]: Conexión establecida con la base de datos
[2025-06-29 12:36:17] [INFO]: Database synchronized
[2025-06-29 12:40:03] [INFO]: DEBUG - Correo recibido: isma@gmail.com
[2025-06-29 12:40:03] [INFO]: DEBUG - Hash para búsqueda: 96ab28e8a64c85023ffffdeddeb13b7993e509fcf0e8c55ef3be066db55019f2
[2025-06-29 12:40:04] [INFO]: DEBUG - Usuario encontrado: 1
[2025-06-29 12:40:04] [INFO]: DEBUG - Password match: true
[2025-06-29 12:41:03] [INFO]: [USUARIO] Solicitud de listado de usuarios
[2025-06-29 12:42:34] [INFO]: [USUARIO] Solicitud de listado de usuarios
[2025-06-29 12:49:44] [INFO]: [USUARIO] Solicitud de listado de usuarios
[2025-06-29 12:49:46] [INFO]: [USUARIOS_NUMEROS] Solicitud de listado de usuarios_numeros
[2025-06-29 12:49:46] [INFO]: [USUARIO] Solicitud de listado de usuarios
[2025-06-29 12:49:50] [INFO]: [USUARIO] Solicitud de usuario por ID: 1
[2025-06-29 13:49:36] [INFO]: [USUARIO] Solicitud de listado de usuarios
[2025-06-29 13:57:25] [INFO]: [USUARIO] Solicitud de listado de usuarios
[2025-06-29 13:59:17] [INFO]: [USUARIO] Solicitud de listado de usuarios
[2025-06-29 14:01:07] [INFO]: DEBUG - Correo recibido: isma@gmail.com
[2025-06-29 14:01:07] [INFO]: DEBUG - Hash para búsqueda: 96ab28e8a64c85023ffffdeddeb13b7993e509fcf0e8c55ef3be066db55019f2
[2025-06-29 14:01:07] [INFO]: DEBUG - Usuario encontrado: 1
[2025-06-29 14:01:07] [INFO]: DEBUG - Password match: true
[2025-06-29 14:01:16] [INFO]: DEBUG - Correo recibido: isma@gmail.com
[2025-06-29 14:01:16] [INFO]: DEBUG - Hash para búsqueda: 96ab28e8a64c85023ffffdeddeb13b7993e509fcf0e8c55ef3be066db55019f2
[2025-06-29 14:01:16] [INFO]: DEBUG - Usuario encontrado: 1
[2025-06-29 14:01:16] [INFO]: DEBUG - Password match: true
[2025-06-29 14:10:21] [INFO]: [CLIENTE] Intento de login: correo=lenin@gmail.com
[2025-06-29 14:10:21] [INFO]: [CLIENTE] Hash para búsqueda: 317d9b4b4ba87dae99d44ea18f6ab581310b2a21dbe437d0a2ca5cc77de4d5bc
[2025-06-29 14:10:21] [INFO]: [CLIENTE] Usuario encontrado: 1
[2025-06-29 14:10:21] [INFO]: [CLIENTE] Password match: false
[2025-06-29 14:10:21] [WARN]: [CLIENTE] Login fallido: contraseña incorrecta para usuario id=1
[2025-06-29 14:10:24] [INFO]: [CLIENTE] Intento de login: correo=lenin@gmail.com
[2025-06-29 14:10:24] [INFO]: [CLIENTE] Hash para búsqueda: 317d9b4b4ba87dae99d44ea18f6ab581310b2a21dbe437d0a2ca5cc77de4d5bc
[2025-06-29 14:10:24] [INFO]: [CLIENTE] Usuario encontrado: 1
[2025-06-29 14:10:24] [INFO]: [CLIENTE] Password match: true
[2025-06-29 14:11:15] [INFO]: [USUARIO] Solicitud de listado de usuarios
[2025-06-29 14:11:17] [INFO]: [USUARIOS_NUMEROS] Solicitud de listado de usuarios_numeros
[2025-06-29 14:58:47] [INFO]: [USUARIO] Solicitud de listado de usuarios
[2025-06-29 15:03:01] [INFO]: [USUARIO] Solicitud de listado de usuarios
[2025-06-29 15:17:49] [INFO]: [USUARIO] Solicitud de listado de usuarios
[2025-06-29 15:25:39] [INFO]: DEBUG - Correo recibido: isma@gmail.com
[2025-06-29 15:25:39] [INFO]: DEBUG - Hash para búsqueda: 96ab28e8a64c85023ffffdeddeb13b7993e509fcf0e8c55ef3be066db55019f2
[2025-06-29 15:25:39] [INFO]: DEBUG - Usuario encontrado: 1
[2025-06-29 15:25:39] [INFO]: DEBUG - Password match: true
[2025-06-29 15:25:43] [INFO]: [USUARIO] Solicitud de listado de usuarios
[2025-06-29 15:25:47] [INFO]: [USUARIO] Solicitud de listado de usuarios
[2025-06-29 15:25:48] [INFO]: [USUARIOS_NUMEROS] Solicitud de listado de usuarios_numeros
[2025-06-29 15:25:50] [INFO]: [ROL] Solicitud de listado de roles
[2025-06-29 15:47:17] [INFO]: [USUARIO] Solicitud de listado de usuarios
[2025-06-29 15:59:36] [INFO]: [USUARIO] Solicitud de listado de usuarios
[2025-06-29 15:59:36] [INFO]: [USUARIOS_NUMEROS] Solicitud de listado de usuarios_numeros
[2025-06-29 15:59:49] [INFO]: [USUARIOS_NUMEROS] Solicitud de listado de usuarios_numeros
[2025-06-29 15:59:51] [INFO]: [USUARIOS_NUMEROS] Solicitud de listado de usuarios_numeros
[2025-06-29 16:04:46] [INFO]: DEBUG - Correo recibido: isma@gmail.com
[2025-06-29 16:04:46] [INFO]: DEBUG - Hash para búsqueda: 96ab28e8a64c85023ffffdeddeb13b7993e509fcf0e8c55ef3be066db55019f2
[2025-06-29 16:04:46] [INFO]: DEBUG - Usuario encontrado: 1
[2025-06-29 16:04:46] [INFO]: DEBUG - Password match: true
[2025-06-29 16:04:54] [INFO]: DEBUG - Correo recibido: isma@gmail.com
[2025-06-29 16:04:54] [INFO]: DEBUG - Hash para búsqueda: 96ab28e8a64c85023ffffdeddeb13b7993e509fcf0e8c55ef3be066db55019f2
[2025-06-29 16:04:54] [INFO]: DEBUG - Usuario encontrado: 1
[2025-06-29 16:04:54] [INFO]: DEBUG - Password match: true
[2025-06-29 16:13:06] [INFO]: [USUARIO] Solicitud de listado de usuarios
[2025-06-29 16:23:03] [INFO]: [USUARIO] Solicitud de listado de usuarios
[2025-06-29 16:23:06] [INFO]: [USUARIO] Solicitud de listado de usuarios
[2025-06-29 16:46:30] [INFO]: [USUARIO] Solicitud de listado de usuarios
[2025-06-29 16:46:31] [INFO]: [USUARIOS_NUMEROS] Solicitud de listado de usuarios_numeros
[2025-06-29 16:46:33] [INFO]: [USUARIO] Solicitud de listado de usuarios
[2025-06-29 16:46:44] [INFO]: DEBUG - Correo recibido: isma@gmail.com
[2025-06-29 16:46:44] [INFO]: DEBUG - Hash para búsqueda: 96ab28e8a64c85023ffffdeddeb13b7993e509fcf0e8c55ef3be066db55019f2
[2025-06-29 16:46:44] [INFO]: DEBUG - Usuario encontrado: 1
[2025-06-29 16:46:44] [INFO]: DEBUG - Password match: true
[2025-06-29 16:46:52] [INFO]: DEBUG - Correo recibido: isma@gmail.com
[2025-06-29 16:46:52] [INFO]: DEBUG - Hash para búsqueda: 96ab28e8a64c85023ffffdeddeb13b7993e509fcf0e8c55ef3be066db55019f2
[2025-06-29 16:46:52] [INFO]: DEBUG - Usuario encontrado: 1
[2025-06-29 16:46:52] [INFO]: DEBUG - Password match: true
[2025-06-29 16:47:17] [INFO]: [USUARIO] Solicitud de listado de usuarios
[2025-06-29 16:47:17] [INFO]: [USUARIOS_NUMEROS] Solicitud de listado de usuarios_numeros
[2025-06-29 16:57:30] [INFO]: [USUARIO] Solicitud de usuario por ID: 1
[2025-06-29 16:57:36] [INFO]: [USUARIOS_NUMEROS] Solicitud de listado de usuarios_numeros
[2025-06-29 16:57:36] [INFO]: [USUARIO] Solicitud de listado de usuarios
[2025-06-29 16:57:40] [INFO]: [USUARIO] Actualización de usuario: id=2
[2025-06-29 16:57:40] [INFO]: [USUARIO] Usuario actualizado correctamente: id=2
[2025-06-29 16:57:45] [INFO]: [USUARIOS_NUMEROS] Solicitud de listado de usuarios_numeros
[2025-06-29 16:57:46] [INFO]: [USUARIO] Solicitud de listado de usuarios
[2025-06-29 16:57:50] [INFO]: [USUARIO] Actualización de usuario: id=2
[2025-06-29 16:57:50] [INFO]: [USUARIO] Usuario actualizado correctamente: id=2
[2025-06-29 16:58:15] [INFO]: [USUARIOS_NUMEROS] Solicitud de listado de usuarios_numeros
[2025-06-29 16:58:18] [INFO]: [USUARIO] Solicitud de listado de usuarios
[2025-06-29 16:59:35] [INFO]: [USUARIO] Solicitud de listado de usuarios
[2025-06-29 16:59:51] [INFO]: [USUARIO] Solicitud de listado de usuarios
[2025-06-29 17:00:18] [INFO]: [USUARIO] Solicitud de listado de usuarios
[2025-06-29 17:06:06] [INFO]: El servidor está escuchando en el puerto 9000
[2025-06-29 17:06:06] [INFO]: Conexión exitosa a MongoDB
[2025-06-29 17:06:07] [INFO]: Base de datos conectada
[2025-06-29 17:06:07] [INFO]: Conexión establecida con la base de datos
[2025-06-29 17:06:27] [INFO]: Database synchronized
[2025-06-29 17:23:10] [INFO]: [USUARIO] Solicitud de listado de usuarios
[2025-06-29 17:26:19] [INFO]: [USUARIO] Solicitud de listado de usuarios
[2025-06-29 17:27:35] [INFO]: DEBUG - Correo recibido: oi@gmail.com
[2025-06-29 17:27:35] [INFO]: DEBUG - Hash para búsqueda: bff10f310512b371143614f60e5e8146fe20f46d813a52759aec3b6c33be8d0d
[2025-06-29 17:27:35] [INFO]: DEBUG - Usuario NO encontrado con ese hash
[2025-06-29 17:28:28] [INFO]: [USUARIO] Solicitud de listado de usuarios
[2025-06-29 17:28:40] [INFO]: [USUARIO] Solicitud de listado de usuarios
[2025-06-29 17:36:15] [INFO]: [USUARIOS_NUMEROS] Solicitud de listado de usuarios_numeros
[2025-06-29 17:36:15] [INFO]: [USUARIO] Solicitud de listado de usuarios
[2025-06-29 17:38:04] [INFO]: [USUARIO] Solicitud de listado de usuarios
[2025-06-29 17:38:07] [INFO]: [USUARIO] Solicitud de usuario por ID: 1
[2025-06-29 17:45:33] [INFO]: [USUARIO] Solicitud de listado de usuarios
[2025-06-29 17:47:29] [INFO]: [USUARIO] Solicitud de listado de usuarios
[2025-06-29 17:47:33] [INFO]: [USUARIO] Solicitud de listado de usuarios
[2025-06-29 17:47:36] [INFO]: [USUARIOS_NUMEROS] Solicitud de listado de usuarios_numeros
[2025-06-29 17:47:43] [INFO]: [USUARIO] Solicitud de usuario por ID: 1
[2025-06-29 17:47:45] [INFO]: [USUARIO] Solicitud de listado de usuarios
[2025-06-29 17:47:46] [INFO]: [USUARIOS_NUMEROS] Solicitud de listado de usuarios_numeros
[2025-06-29 17:48:14] [INFO]: [USUARIO] Solicitud de listado de usuarios
[2025-06-29 17:48:19] [INFO]: [CLIENTE] Solicitud de listado de clientes
[2025-06-29 17:48:20] [INFO]: [ROL] Solicitud de listado de roles
[2025-06-29 17:48:21] [INFO]: [USUARIOS_NUMEROS] Solicitud de listado de usuarios_numeros
[2025-06-29 17:48:40] [INFO]: [USUARIO] Solicitud de listado de usuarios
[2025-06-29 17:48:46] [INFO]: [USUARIO] Solicitud de usuario por ID: 1
[2025-06-29 17:54:32] [INFO]: [USUARIO] Solicitud de usuario por ID: 1
[2025-06-29 17:55:18] [INFO]: [USUARIO] Solicitud de listado de usuarios
[2025-06-29 17:55:21] [INFO]: [USUARIO] Solicitud de usuario por ID: 1
[2025-06-29 17:59:33] [INFO]: [USUARIO] Solicitud de usuario por ID: 1
[2025-06-29 17:59:47] [INFO]: [USUARIO] Solicitud de usuario por ID: 1
[2025-06-29 17:59:48] [INFO]: [USUARIO] Solicitud de usuario por ID: 1
[2025-06-29 18:00:18] [INFO]: [USUARIO] Solicitud de usuario por ID: 1
[2025-06-29 18:02:11] [INFO]: [USUARIO] Solicitud de usuario por ID: 1
[2025-06-29 18:02:52] [INFO]: [USUARIO] Solicitud de usuario por ID: 1
[2025-06-29 18:05:49] [INFO]: [USUARIO] Solicitud de listado de usuarios
[2025-06-29 18:05:54] [INFO]: [USUARIO] Solicitud de usuario por ID: 1
[2025-06-29 18:06:21] [INFO]: [USUARIO] Actualización de usuario: id=1
[2025-06-29 18:06:21] [INFO]: [USUARIO] Usuario actualizado correctamente: id=1
[2025-06-29 18:06:35] [INFO]: [USUARIO] Actualización de usuario: id=1
[2025-06-29 18:06:36] [INFO]: [USUARIO] Usuario actualizado correctamente: id=1
[2025-06-29 18:06:45] [INFO]: [USUARIO] Actualización de usuario: id=1
[2025-06-29 18:06:45] [INFO]: [USUARIO] Usuario actualizado correctamente: id=1
[2025-06-29 18:07:05] [INFO]: [USUARIO] Solicitud de usuario por ID: 1
[2025-06-29 18:08:21] [INFO]: [USUARIO] Solicitud de usuario por ID: 1
[2025-06-29 18:11:46] [INFO]: [USUARIO] Solicitud de listado de usuarios
[2025-06-29 18:11:57] [INFO]: [USUARIO] Solicitud de usuario por ID: 1
[2025-06-29 18:12:44] [INFO]: [USUARIO] Intento de registro: correo=sofia@gmail.com, nombre=Sofia Luz
[2025-06-29 18:12:44] [INFO]: [USUARIO] Registro exitoso: id=3, correo=sofia@gmail.com
[2025-06-29 18:12:52] [INFO]: DEBUG - Correo recibido: sofia@gmail.com
[2025-06-29 18:12:52] [INFO]: DEBUG - Hash para búsqueda: bdd8ef419d30192fb4540ab45d1156a9a66b0723014f0131a9368543a3361d61
[2025-06-29 18:12:52] [INFO]: DEBUG - Usuario encontrado: 3
[2025-06-29 18:12:52] [INFO]: DEBUG - Password match: true
[2025-06-29 18:12:59] [INFO]: DEBUG - Correo recibido: sofia@gmail.com
[2025-06-29 18:12:59] [INFO]: DEBUG - Hash para búsqueda: bdd8ef419d30192fb4540ab45d1156a9a66b0723014f0131a9368543a3361d61
[2025-06-29 18:12:59] [INFO]: DEBUG - Usuario encontrado: 3
[2025-06-29 18:12:59] [INFO]: DEBUG - Password match: true
[2025-06-29 18:13:05] [INFO]: [USUARIO] Solicitud de usuario por ID: 3
[2025-06-29 18:13:29] [INFO]: [USUARIO] Actualización de usuario: id=3
[2025-06-29 18:13:29] [INFO]: [USUARIO] Usuario actualizado correctamente: id=3
[2025-06-29 18:13:43] [INFO]: [USUARIO] Actualización de usuario: id=3
[2025-06-29 18:13:43] [INFO]: [USUARIO] Usuario actualizado correctamente: id=3
[2025-06-29 18:13:48] [INFO]: [USUARIO] Solicitud de listado de usuarios
[2025-06-29 18:13:53] [INFO]: [USUARIO] Solicitud de usuario por ID: 3
[2025-06-29 18:13:59] [INFO]: [USUARIO] Actualización de usuario: id=3
[2025-06-29 18:14:00] [INFO]: [USUARIO] Usuario actualizado correctamente: id=3
[2025-06-29 18:14:01] [INFO]: [USUARIO] Solicitud de listado de usuarios
[2025-06-29 18:14:02] [INFO]: [USUARIOS_NUMEROS] Solicitud de listado de usuarios_numeros
[2025-06-29 18:14:03] [INFO]: [USUARIO] Solicitud de usuario por ID: 3
[2025-06-29 18:14:35] [INFO]: [USUARIO] Actualización de usuario: id=3
[2025-06-29 18:14:35] [INFO]: [USUARIO] Usuario actualizado correctamente: id=3
[2025-06-29 18:14:51] [INFO]: [USUARIO] Solicitud de listado de usuarios
[2025-06-29 18:14:54] [INFO]: [USUARIO] Solicitud de usuario por ID: 3
[2025-06-29 18:14:58] [INFO]: [USUARIO] Actualización de usuario: id=3
[2025-06-29 18:14:58] [INFO]: [USUARIO] Usuario actualizado correctamente: id=3
[2025-06-29 18:15:00] [INFO]: [USUARIOS_NUMEROS] Solicitud de listado de usuarios_numeros
[2025-06-29 18:15:02] [INFO]: [USUARIO] Solicitud de usuario por ID: 3
[2025-06-29 18:15:06] [INFO]: [USUARIO] Solicitud de usuario por ID: 3
[2025-06-29 18:17:15] [INFO]: [USUARIO] Solicitud de listado de usuarios
[2025-06-29 18:17:17] [INFO]: [USUARIO] Solicitud de usuario por ID: 3
[2025-06-29 18:19:02] [INFO]: [USUARIO] Solicitud de usuario por ID: 3
[2025-06-29 18:19:03] [INFO]: [USUARIO] Solicitud de listado de usuarios
[2025-06-29 18:19:13] [INFO]: [USUARIO] Solicitud de listado de usuarios
[2025-06-29 18:19:17] [INFO]: [USUARIO] Solicitud de usuario por ID: 3
[2025-06-29 18:19:27] [INFO]: [USUARIO] Actualización de usuario: id=3
[2025-06-29 18:19:27] [INFO]: [USUARIO] Usuario actualizado correctamente: id=3
[2025-06-29 18:19:31] [INFO]: [USUARIO] Solicitud de usuario por ID: 3
[2025-06-29 18:23:29] [INFO]: [USUARIO] Solicitud de usuario por ID: 3
[2025-06-29 18:25:23] [INFO]: [USUARIO] Solicitud de usuario por ID: 3
[2025-06-29 18:26:59] [INFO]: [USUARIO] Solicitud de usuario por ID: 3
[2025-06-29 18:27:41] [INFO]: [USUARIOS_NUMEROS] Solicitud de listado de usuarios_numeros
[2025-06-29 18:27:42] [INFO]: [USUARIO] Solicitud de listado de usuarios
[2025-06-29 18:27:49] [INFO]: [USUARIO] Solicitud de usuario por ID: 3
[2025-06-29 18:31:24] [INFO]: [USUARIO] Solicitud de usuario por ID: 3
[2025-06-29 18:34:36] [INFO]: [USUARIO] Solicitud de usuario por ID: 3
[2025-06-29 18:34:46] [INFO]: [USUARIO] Solicitud de usuario por ID: 3
[2025-06-29 18:34:48] [INFO]: [USUARIO] Solicitud de listado de usuarios
[2025-06-29 18:34:51] [INFO]: [USUARIOS_NUMEROS] Solicitud de listado de usuarios_numeros
[2025-06-29 18:34:54] [INFO]: [USUARIO] Solicitud de usuario por ID: 3
[2025-06-29 18:39:39] [INFO]: [USUARIO] Solicitud de usuario por ID: 3
[2025-06-29 18:44:33] [INFO]: [USUARIO] Solicitud de listado de usuarios
[2025-06-29 18:44:42] [INFO]: [USUARIO] Solicitud de usuario por ID: 3
[2025-06-29 18:46:34] [INFO]: [USUARIO] Actualización de usuario: id=3
[2025-06-29 18:46:34] [INFO]: [USUARIO] Usuario actualizado correctamente: id=3
[2025-06-29 18:47:49] [INFO]: [USUARIO] Solicitud de usuario por ID: 3
[2025-06-29 18:47:52] [INFO]: [USUARIO] Solicitud de usuario por ID: 3
[2025-06-29 18:48:34] [INFO]: [USUARIO] Solicitud de usuario por ID: 3
[2025-06-29 18:50:39] [INFO]: [USUARIO] Solicitud de listado de usuarios
[2025-06-29 18:50:41] [INFO]: [USUARIO] Solicitud de usuario por ID: 3
[2025-06-29 18:55:16] [INFO]: [USUARIO] Solicitud de usuario por ID: 3
[2025-06-29 18:55:22] [INFO]: [USUARIO] Solicitud de usuario por ID: 3
[2025-06-29 18:56:33] [INFO]: DEBUG - Correo recibido: sofia@gmail.com
[2025-06-29 18:56:33] [INFO]: DEBUG - Hash para búsqueda: bdd8ef419d30192fb4540ab45d1156a9a66b0723014f0131a9368543a3361d61
[2025-06-29 18:56:34] [INFO]: DEBUG - Usuario encontrado: 3
[2025-06-29 18:56:34] [INFO]: DEBUG - Password match: true
[2025-06-29 18:56:44] [INFO]: DEBUG - Correo recibido: sofia@gmail.com
[2025-06-29 18:56:44] [INFO]: DEBUG - Hash para búsqueda: bdd8ef419d30192fb4540ab45d1156a9a66b0723014f0131a9368543a3361d61
[2025-06-29 18:56:44] [INFO]: DEBUG - Usuario encontrado: 3
[2025-06-29 18:56:44] [INFO]: DEBUG - Password match: true
[2025-06-29 18:56:54] [INFO]: DEBUG - Correo recibido: sofia@gmail.com
[2025-06-29 18:56:54] [INFO]: DEBUG - Hash para búsqueda: bdd8ef419d30192fb4540ab45d1156a9a66b0723014f0131a9368543a3361d61
[2025-06-29 18:56:54] [INFO]: DEBUG - Usuario encontrado: 3
[2025-06-29 18:56:54] [INFO]: DEBUG - Password match: false
[2025-06-29 18:56:59] [INFO]: DEBUG - Correo recibido: sofia@gmail.com
[2025-06-29 18:56:59] [INFO]: DEBUG - Hash para búsqueda: bdd8ef419d30192fb4540ab45d1156a9a66b0723014f0131a9368543a3361d61
[2025-06-29 18:56:59] [INFO]: DEBUG - Usuario encontrado: 3
[2025-06-29 18:56:59] [INFO]: DEBUG - Password match: true
[2025-06-29 18:57:04] [INFO]: [USUARIO] Solicitud de usuario por ID: 3
[2025-06-29 18:57:22] [INFO]: [USUARIO] Actualización de usuario: id=3
[2025-06-29 18:57:22] [INFO]: [USUARIO] Usuario actualizado correctamente: id=3
[2025-06-29 18:57:24] [INFO]: [CLIENTE] Solicitud de listado de clientes
[2025-06-29 18:57:26] [INFO]: [USUARIO] Solicitud de listado de usuarios
[2025-06-29 18:57:30] [INFO]: [ROL] Solicitud de listado de roles
[2025-06-29 18:57:31] [INFO]: [USUARIO] Solicitud de usuario por ID: 3
[2025-06-29 18:57:38] [INFO]: [USUARIO] Actualización de usuario: id=3
[2025-06-29 18:57:38] [INFO]: [USUARIO] Usuario actualizado correctamente: id=3
[2025-06-29 18:57:43] [INFO]: [USUARIO] Solicitud de usuario por ID: 3
[2025-06-29 18:57:50] [INFO]: [USUARIOS_NUMEROS] Solicitud de listado de usuarios_numeros
[2025-06-29 18:57:51] [INFO]: [USUARIO] Solicitud de listado de usuarios
[2025-06-29 18:57:53] [INFO]: [USUARIO] Solicitud de listado de usuarios
[2025-06-29 18:57:56] [INFO]: [USUARIO] Solicitud de listado de usuarios
[2025-06-29 18:57:58] [INFO]: [USUARIO] Solicitud de usuario por ID: 3
[2025-06-29 19:01:03] [INFO]: [USUARIO] Solicitud de usuario por ID: 3
[2025-06-29 19:03:32] [INFO]: [USUARIO] Solicitud de usuario por ID: 3
[2025-06-29 19:03:37] [INFO]: [USUARIO] Solicitud de usuario por ID: 3
[2025-06-29 19:03:40] [INFO]: [USUARIO] Solicitud de usuario por ID: 3
[2025-06-29 19:06:10] [INFO]: [USUARIO] Solicitud de usuario por ID: 5
[2025-06-29 19:06:10] [WARN]: [USUARIO] Usuario no encontrado: id=5
[2025-06-29 19:07:32] [INFO]: [USUARIO] Solicitud de usuario por ID: 5
[2025-06-29 19:07:32] [WARN]: [USUARIO] Usuario no encontrado: id=5
[2025-06-29 19:11:46] [INFO]: [USUARIO] Solicitud de usuario por ID: 3
[2025-06-29 19:11:46] [INFO]: [USUARIO] Solicitud de usuario por ID: 5
[2025-06-29 19:11:46] [WARN]: [USUARIO] Usuario no encontrado: id=5
[2025-06-29 19:13:24] [INFO]: [USUARIO] Solicitud de usuario por ID: 3
[2025-06-29 19:14:57] [INFO]: [USUARIO] Solicitud de usuario por ID: 3
[2025-06-29 19:14:58] [INFO]: [USUARIO] Solicitud de usuario por ID: 5
[2025-06-29 19:14:58] [WARN]: [USUARIO] Usuario no encontrado: id=5
[2025-06-29 19:15:57] [INFO]: [USUARIO] Solicitud de usuario por ID: 3
[2025-06-29 19:15:57] [INFO]: [USUARIO] Solicitud de usuario por ID: 5
[2025-06-29 19:15:57] [WARN]: [USUARIO] Usuario no encontrado: id=5
[2025-06-29 19:16:38] [INFO]: [USUARIO] Solicitud de usuario por ID: 3
[2025-06-29 19:16:45] [INFO]: [USUARIO] Actualización de usuario: id=3
[2025-06-29 19:16:45] [INFO]: [USUARIO] Usuario actualizado correctamente: id=3
[2025-06-29 19:17:09] [INFO]: DEBUG - Correo recibido: sofia@gmail.com
[2025-06-29 19:17:09] [INFO]: DEBUG - Hash para búsqueda: bdd8ef419d30192fb4540ab45d1156a9a66b0723014f0131a9368543a3361d61
[2025-06-29 19:17:09] [INFO]: DEBUG - Usuario encontrado: 3
[2025-06-29 19:17:09] [INFO]: DEBUG - Password match: false
[2025-06-29 19:17:12] [INFO]: DEBUG - Correo recibido: sofia@gmail.com
[2025-06-29 19:17:12] [INFO]: DEBUG - Hash para búsqueda: bdd8ef419d30192fb4540ab45d1156a9a66b0723014f0131a9368543a3361d61
[2025-06-29 19:17:12] [INFO]: DEBUG - Usuario encontrado: 3
[2025-06-29 19:17:12] [INFO]: DEBUG - Password match: true
[2025-06-29 19:17:21] [INFO]: DEBUG - Correo recibido: sofia@gmail.com
[2025-06-29 19:17:21] [INFO]: DEBUG - Hash para búsqueda: bdd8ef419d30192fb4540ab45d1156a9a66b0723014f0131a9368543a3361d61
[2025-06-29 19:17:21] [INFO]: DEBUG - Usuario encontrado: 3
[2025-06-29 19:17:21] [INFO]: DEBUG - Password match: true
[2025-06-29 19:18:40] [INFO]: [USUARIO] Solicitud de usuario por ID: 3
[2025-06-29 19:18:51] [INFO]: [USUARIO] Actualización de usuario: id=3
[2025-06-29 19:18:51] [INFO]: [USUARIO] Usuario actualizado correctamente: id=3
[2025-06-29 19:18:57] [INFO]: [USUARIO] Solicitud de usuario por ID: 3
[2025-06-29 19:20:05] [INFO]: [USUARIO] Solicitud de usuario por ID: 5
[2025-06-29 19:20:05] [WARN]: [USUARIO] Usuario no encontrado: id=5
[2025-06-29 19:24:01] [INFO]: [USUARIO] Solicitud de usuario por ID: 5
[2025-06-29 19:24:02] [WARN]: [USUARIO] Usuario no encontrado: id=5
[2025-06-29 19:24:03] [INFO]: [USUARIO] Solicitud de listado de usuarios
[2025-06-29 19:24:04] [INFO]: [ROL] Solicitud de listado de roles
[2025-06-29 19:24:04] [INFO]: [USUARIOS_NUMEROS] Solicitud de listado de usuarios_numeros
[2025-06-29 19:24:05] [INFO]: [CLIENTE] Solicitud de listado de clientes
[2025-06-29 19:24:11] [INFO]: [USUARIO] Solicitud de usuario por ID: 5
[2025-06-29 19:24:11] [WARN]: [USUARIO] Usuario no encontrado: id=5
[2025-06-29 19:25:47] [INFO]: [USUARIO] Solicitud de usuario por ID: 3
[2025-06-29 19:25:47] [INFO]: [USUARIO] Solicitud de usuario por ID: 5
[2025-06-29 19:25:47] [WARN]: [USUARIO] Usuario no encontrado: id=5
[2025-06-29 19:26:44] [INFO]: [USUARIO] Solicitud de usuario por ID: 3
[2025-06-29 19:27:06] [INFO]: [USUARIO] Solicitud de usuario por ID: 3
[2025-06-29 19:27:06] [INFO]: [USUARIO] Solicitud de usuario por ID: 5
[2025-06-29 19:27:06] [WARN]: [USUARIO] Usuario no encontrado: id=5
[2025-06-29 19:29:40] [INFO]: [USUARIO] Solicitud de usuario por ID: 3
[2025-06-29 19:29:52] [INFO]: [USUARIO] Solicitud de usuario por ID: 3
[2025-06-29 19:34:22] [INFO]: [USUARIO] Solicitud de listado de usuarios
[2025-06-29 19:34:33] [INFO]: [USUARIO] Solicitud de usuario por ID: 3
[2025-06-29 19:34:39] [INFO]: [USUARIO] Actualización de usuario: id=3
[2025-06-29 19:34:39] [INFO]: [USUARIO] Usuario actualizado correctamente: id=3
[2025-06-29 19:34:39] [INFO]: [USUARIO] Solicitud de usuario por ID: 3
[2025-06-29 19:34:40] [INFO]: [USUARIO] Solicitud de usuario por ID: 5
[2025-06-29 19:34:40] [WARN]: [USUARIO] Usuario no encontrado: id=5
[2025-06-29 19:35:39] [INFO]: [USUARIO] Solicitud de usuario por ID: 3
[2025-06-29 19:35:59] [INFO]: [USUARIO] Solicitud de usuario por ID: 5
[2025-06-29 19:35:59] [WARN]: [USUARIO] Usuario no encontrado: id=5
[2025-06-29 19:36:33] [INFO]: [USUARIO] Solicitud de usuario por ID: 3
[2025-06-29 19:39:08] [INFO]: [USUARIO] Solicitud de usuario por ID: 3
[2025-06-29 19:39:22] [INFO]: [USUARIO] Solicitud de usuario por ID: 3
[2025-06-29 19:39:27] [INFO]: [USUARIO] Solicitud de usuario por ID: 5
[2025-06-29 19:39:28] [WARN]: [USUARIO] Usuario no encontrado: id=5
[2025-06-29 19:41:57] [INFO]: [USUARIO] Solicitud de usuario por ID: 5
[2025-06-29 19:41:57] [WARN]: [USUARIO] Usuario no encontrado: id=5
[2025-06-29 19:45:06] [INFO]: [USUARIO] Solicitud de usuario por ID: 3
[2025-06-29 19:45:24] [INFO]: [USUARIO] Solicitud de usuario por ID: 3
[2025-06-29 19:45:44] [INFO]: [USUARIO] Solicitud de usuario por ID: 5
[2025-06-29 19:45:45] [WARN]: [USUARIO] Usuario no encontrado: id=5
[2025-06-29 19:46:09] [INFO]: [USUARIO] Solicitud de listado de usuarios
[2025-06-29 19:46:19] [INFO]: [USUARIO] Solicitud de usuario por ID: 5
[2025-06-29 19:46:19] [WARN]: [USUARIO] Usuario no encontrado: id=5
[2025-06-29 19:49:24] [INFO]: [USUARIO] Solicitud de usuario por ID: 3
[2025-06-29 19:49:42] [INFO]: [USUARIO] Solicitud de usuario por ID: 5
[2025-06-29 19:49:42] [WARN]: [USUARIO] Usuario no encontrado: id=5
[2025-06-29 19:52:50] [INFO]: [USUARIO] Solicitud de usuario por ID: 5
[2025-06-29 19:52:50] [WARN]: [USUARIO] Usuario no encontrado: id=5
[2025-06-29 19:56:30] [INFO]: [USUARIO] Solicitud de usuario por ID: 5
[2025-06-29 19:56:30] [WARN]: [USUARIO] Usuario no encontrado: id=5
[2025-06-29 19:56:40] [INFO]: DEBUG - Correo recibido: sofia@gmail.com
[2025-06-29 19:56:40] [INFO]: DEBUG - Hash para búsqueda: bdd8ef419d30192fb4540ab45d1156a9a66b0723014f0131a9368543a3361d61
[2025-06-29 19:56:40] [INFO]: DEBUG - Usuario encontrado: 3
[2025-06-29 19:56:40] [INFO]: DEBUG - Password match: true
[2025-06-29 19:56:44] [INFO]: [USUARIO] Solicitud de usuario por ID: 3
[2025-06-29 19:56:54] [INFO]: [USUARIO] Solicitud de usuario por ID: 5
[2025-06-29 19:56:54] [WARN]: [USUARIO] Usuario no encontrado: id=5
[2025-06-29 19:57:45] [INFO]: DEBUG - Correo recibido: sofia@gmail.com
[2025-06-29 19:57:45] [INFO]: DEBUG - Hash para búsqueda: bdd8ef419d30192fb4540ab45d1156a9a66b0723014f0131a9368543a3361d61
[2025-06-29 19:57:45] [INFO]: DEBUG - Usuario encontrado: 3
[2025-06-29 19:57:45] [INFO]: DEBUG - Password match: false
[2025-06-29 19:57:49] [INFO]: DEBUG - Correo recibido: sofia@gmail.com
[2025-06-29 19:57:49] [INFO]: DEBUG - Hash para búsqueda: bdd8ef419d30192fb4540ab45d1156a9a66b0723014f0131a9368543a3361d61
[2025-06-29 19:57:49] [INFO]: DEBUG - Usuario encontrado: 3
[2025-06-29 19:57:49] [INFO]: DEBUG - Password match: true
[2025-06-29 19:58:18] [INFO]: DEBUG - Correo recibido: sofia@gmail.com
[2025-06-29 19:58:18] [INFO]: DEBUG - Hash para búsqueda: bdd8ef419d30192fb4540ab45d1156a9a66b0723014f0131a9368543a3361d61
[2025-06-29 19:58:18] [INFO]: DEBUG - Usuario encontrado: 3
[2025-06-29 19:58:18] [INFO]: DEBUG - Password match: true
[2025-06-29 19:58:29] [INFO]: [USUARIO] Solicitud de listado de usuarios
[2025-06-29 19:58:34] [INFO]: [USUARIO] Solicitud de listado de usuarios
[2025-06-29 19:58:34] [INFO]: [USUARIOS_NUMEROS] Solicitud de listado de usuarios_numeros
[2025-06-29 19:58:35] [INFO]: [CLIENTE] Solicitud de listado de clientes
[2025-06-29 19:58:36] [INFO]: [CLIENTE] Solicitud de listado de clientes
[2025-06-29 19:58:37] [INFO]: [CLIENTE] Solicitud de listado de clientes
[2025-06-29 19:58:40] [INFO]: [USUARIO] Solicitud de usuario por ID: 3
[2025-06-29 19:58:42] [INFO]: [USUARIO] Solicitud de usuario por ID: 3
[2025-06-29 19:59:19] [INFO]: [USUARIO] Solicitud de usuario por ID: 3
[2025-06-29 19:59:34] [INFO]: [USUARIO] Solicitud de usuario por ID: 3
[2025-06-29 20:00:19] [INFO]: [USUARIO] Solicitud de usuario por ID: 3
[2025-06-29 20:00:26] [INFO]: [USUARIO] Solicitud de usuario por ID: 3
[2025-06-29 20:04:20] [INFO]: [USUARIO] Solicitud de usuario por ID: 3
[2025-06-29 20:05:24] [INFO]: DEBUG - Correo recibido: sofi@gmail.com
[2025-06-29 20:05:24] [INFO]: DEBUG - Hash para búsqueda: 0da90153d7e9866a39d471292ac9401d08e1fb73e1f7fa1c55e4c533610f5b7f
[2025-06-29 20:05:24] [INFO]: DEBUG - Usuario NO encontrado con ese hash
[2025-06-29 20:05:30] [INFO]: DEBUG - Correo recibido: sofi@gmail.com
[2025-06-29 20:05:30] [INFO]: DEBUG - Hash para búsqueda: 0da90153d7e9866a39d471292ac9401d08e1fb73e1f7fa1c55e4c533610f5b7f
[2025-06-29 20:05:30] [INFO]: DEBUG - Usuario NO encontrado con ese hash
[2025-06-29 20:05:44] [INFO]: DEBUG - Correo recibido: sofi@gmail.com
[2025-06-29 20:05:44] [INFO]: DEBUG - Hash para búsqueda: 0da90153d7e9866a39d471292ac9401d08e1fb73e1f7fa1c55e4c533610f5b7f
[2025-06-29 20:05:44] [INFO]: DEBUG - Usuario NO encontrado con ese hash
[2025-06-29 20:05:46] [INFO]: DEBUG - Correo recibido: sofi@gmail.com
[2025-06-29 20:05:46] [INFO]: DEBUG - Hash para búsqueda: 0da90153d7e9866a39d471292ac9401d08e1fb73e1f7fa1c55e4c533610f5b7f
[2025-06-29 20:05:46] [INFO]: DEBUG - Usuario NO encontrado con ese hash
[2025-06-29 20:05:51] [INFO]: DEBUG - Correo recibido: sofi@gmail.com
[2025-06-29 20:05:51] [INFO]: DEBUG - Hash para búsqueda: 0da90153d7e9866a39d471292ac9401d08e1fb73e1f7fa1c55e4c533610f5b7f
[2025-06-29 20:05:51] [INFO]: DEBUG - Usuario NO encontrado con ese hash
[2025-06-29 20:06:04] [INFO]: [CLIENTE] Solicitud de listado de clientes
[2025-06-29 20:06:10] [INFO]: [USUARIO] Solicitud de usuario por ID: 3
[2025-06-29 20:06:28] [INFO]: DEBUG - Correo recibido: sofia@gmail.com
[2025-06-29 20:06:28] [INFO]: DEBUG - Hash para búsqueda: bdd8ef419d30192fb4540ab45d1156a9a66b0723014f0131a9368543a3361d61
[2025-06-29 20:06:28] [INFO]: DEBUG - Usuario encontrado: 3
[2025-06-29 20:06:28] [INFO]: DEBUG - Password match: true
[2025-06-29 20:06:33] [INFO]: [USUARIO] Solicitud de usuario por ID: 3
[2025-06-29 20:08:02] [INFO]: [USUARIO] Solicitud de usuario por ID: 3
[2025-06-29 20:08:04] [INFO]: [USUARIO] Solicitud de usuario por ID: 3
[2025-06-29 20:09:06] [INFO]: [USUARIO] Solicitud de listado de usuarios
[2025-06-29 20:09:10] [INFO]: [ROL] Solicitud de listado de roles
[2025-06-29 20:10:01] [INFO]: [USUARIO] Solicitud de listado de usuarios
[2025-06-29 20:10:05] [INFO]: [USUARIO] Solicitud de usuario por ID: 3
[2025-06-29 20:10:39] [INFO]: [USUARIO] Solicitud de usuario por ID: 3
[2025-06-29 20:12:28] [INFO]: [USUARIO] Actualización de usuario: id=3
[2025-06-29 20:12:28] [INFO]: [USUARIO] Usuario actualizado correctamente: id=3
[2025-06-29 20:13:21] [INFO]: [USUARIO] Solicitud de usuario por ID: 3
[2025-06-29 20:13:22] [INFO]: [USUARIO] Solicitud de usuario por ID: 3
[2025-06-29 20:13:23] [INFO]: [USUARIO] Solicitud de usuario por ID: 3
[2025-06-29 20:13:23] [INFO]: [USUARIO] Solicitud de usuario por ID: 3
[2025-06-29 20:13:23] [INFO]: [USUARIO] Solicitud de usuario por ID: 3
[2025-06-29 20:13:24] [INFO]: [USUARIO] Solicitud de usuario por ID: 3
[2025-06-29 20:13:24] [INFO]: [USUARIO] Solicitud de usuario por ID: 3
[2025-06-29 20:13:24] [INFO]: [USUARIO] Solicitud de usuario por ID: 3
[2025-06-29 20:13:24] [INFO]: [USUARIO] Solicitud de usuario por ID: 3
[2025-06-29 20:13:51] [INFO]: [USUARIO] Solicitud de listado de usuarios
[2025-06-29 20:14:10] [INFO]: [USUARIO] Solicitud de usuario por ID: 3
[2025-06-29 20:14:24] [INFO]: [USUARIO] Solicitud de usuario por ID: 3
[2025-06-29 20:14:51] [INFO]: [USUARIO] Solicitud de usuario por ID: 3
[2025-06-29 20:20:05] [INFO]: [USUARIO] Solicitud de usuario por ID: 3
[2025-06-29 20:20:11] [INFO]: [USUARIO] Solicitud de usuario por ID: 3
[2025-06-29 20:21:55] [INFO]: [USUARIO] Solicitud de usuario por ID: 3
[2025-06-29 20:23:50] [INFO]: [USUARIO] Solicitud de usuario por ID: 3
[2025-06-29 20:23:53] [INFO]: [USUARIO] Solicitud de usuario por ID: 3
[2025-06-29 20:24:19] [INFO]: [USUARIO] Solicitud de usuario por ID: 3
[2025-06-29 20:24:24] [INFO]: [USUARIO] Solicitud de usuario por ID: 3
[2025-06-29 20:24:51] [INFO]: [USUARIO] Solicitud de usuario por ID: 3
[2025-06-29 20:25:08] [INFO]: [USUARIO] Solicitud de usuario por ID: 3
[2025-06-29 20:26:04] [INFO]: [USUARIO] Solicitud de usuario por ID: 3
[2025-06-29 20:27:58] [INFO]: [USUARIO] Solicitud de usuario por ID: 3
[2025-06-29 20:35:40] [INFO]: [USUARIO] Solicitud de usuario por ID: 3
[2025-06-29 20:35:41] [INFO]: [USUARIO] Solicitud de listado de usuarios
[2025-06-29 20:35:43] [INFO]: [USUARIO] Solicitud de usuario por ID: 3
[2025-06-29 20:36:04] [INFO]: [USUARIO] Actualización de usuario: id=3
[2025-06-29 20:36:05] [INFO]: [USUARIO] Usuario actualizado correctamente: id=3
[2025-06-29 20:36:33] [INFO]: [USUARIO] Solicitud de usuario por ID: 3
[2025-06-29 20:36:52] [INFO]: [USUARIO] Solicitud de usuario por ID: 3
[2025-06-29 20:37:04] [INFO]: [USUARIO] Solicitud de usuario por ID: 3
[2025-06-29 20:39:40] [INFO]: [USUARIO] Solicitud de usuario por ID: 3
[2025-06-29 20:41:41] [INFO]: [USUARIO] Solicitud de usuario por ID: 3
[2025-06-29 20:44:18] [INFO]: [USUARIO] Solicitud de usuario por ID: 3
[2025-06-29 20:44:28] [INFO]: [USUARIO] Solicitud de usuario por ID: 3
[2025-06-29 20:45:51] [INFO]: [USUARIO] Solicitud de usuario por ID: 3
[2025-06-29 20:45:59] [INFO]: [USUARIO] Solicitud de usuario por ID: 3
[2025-06-29 20:46:42] [INFO]: [USUARIO] Solicitud de usuario por ID: 3
[2025-06-29 20:47:05] [INFO]: [USUARIO] Solicitud de usuario por ID: 3
[2025-06-29 20:47:10] [INFO]: [USUARIO] Solicitud de usuario por ID: 3
[2025-06-29 20:47:11] [INFO]: [USUARIO] Solicitud de usuario por ID: 3
[2025-06-29 20:47:35] [INFO]: [USUARIO] Solicitud de usuario por ID: 3
[2025-06-29 20:48:13] [INFO]: DEBUG - Correo recibido: sofia@gmail.com
[2025-06-29 20:48:13] [INFO]: DEBUG - Hash para búsqueda: bdd8ef419d30192fb4540ab45d1156a9a66b0723014f0131a9368543a3361d61
[2025-06-29 20:48:13] [INFO]: DEBUG - Usuario encontrado: 3
[2025-06-29 20:48:13] [INFO]: DEBUG - Password match: true
[2025-06-29 20:48:21] [INFO]: [USUARIO] Solicitud de usuario por ID: 3
[2025-06-29 20:50:40] [INFO]: [USUARIO] Solicitud de usuario por ID: 3
[2025-06-29 20:52:28] [INFO]: [USUARIO] Solicitud de usuario por ID: 3
[2025-06-29 20:53:17] [INFO]: [USUARIO] Solicitud de usuario por ID: 3
[2025-06-29 20:53:59] [INFO]: [USUARIO] Solicitud de usuario por ID: 3
[2025-06-29 20:54:14] [INFO]: DEBUG - Correo recibido: sofia@gmail.com
[2025-06-29 20:54:14] [INFO]: DEBUG - Hash para búsqueda: bdd8ef419d30192fb4540ab45d1156a9a66b0723014f0131a9368543a3361d61
[2025-06-29 20:54:14] [INFO]: DEBUG - Usuario encontrado: 3
[2025-06-29 20:54:14] [INFO]: DEBUG - Password match: false
[2025-06-29 20:54:17] [INFO]: DEBUG - Correo recibido: sofia@gmail.com
[2025-06-29 20:54:17] [INFO]: DEBUG - Hash para búsqueda: bdd8ef419d30192fb4540ab45d1156a9a66b0723014f0131a9368543a3361d61
[2025-06-29 20:54:17] [INFO]: DEBUG - Usuario encontrado: 3
[2025-06-29 20:54:17] [INFO]: DEBUG - Password match: true
[2025-06-29 20:54:22] [INFO]: [USUARIO] Solicitud de usuario por ID: 3
[2025-06-29 20:55:30] [INFO]: [USUARIO] Solicitud de usuario por ID: 3
[2025-06-29 20:57:35] [INFO]: [USUARIO] Solicitud de usuario por ID: 3
[2025-06-29 20:57:43] [INFO]: [USUARIO] Solicitud de usuario por ID: 3
[2025-06-29 20:58:15] [INFO]: [USUARIO] Solicitud de usuario por ID: 3
[2025-06-29 20:58:23] [INFO]: [USUARIO] Solicitud de usuario por ID: 3
[2025-06-29 20:58:27] [INFO]: [USUARIO] Solicitud de usuario por ID: 3
[2025-06-29 20:58:34] [INFO]: [USUARIO] Solicitud de usuario por ID: 3
[2025-06-29 20:58:38] [INFO]: [USUARIO] Solicitud de usuario por ID: 3
[2025-06-29 21:00:38] [INFO]: [USUARIO] Solicitud de usuario por ID: 3
[2025-06-29 21:03:37] [INFO]: [USUARIO] Solicitud de usuario por ID: 3
[2025-06-29 21:03:45] [INFO]: [USUARIO] Solicitud de usuario por ID: 3
[2025-06-29 21:05:49] [INFO]: [USUARIO] Solicitud de usuario por ID: 3
[2025-06-29 21:07:41] [INFO]: [USUARIO] Solicitud de usuario por ID: 3
[2025-06-29 21:11:02] [INFO]: [USUARIO] Solicitud de usuario por ID: 3
[2025-06-29 21:11:19] [INFO]: [USUARIO] Solicitud de usuario por ID: 3
[2025-06-29 21:13:52] [INFO]: [USUARIO] Solicitud de usuario por ID: 3
[2025-06-29 21:15:58] [INFO]: [USUARIO] Solicitud de usuario por ID: 3
[2025-06-29 21:19:39] [INFO]: [USUARIO] Solicitud de usuario por ID: 3
[2025-06-29 21:22:11] [INFO]: [USUARIO] Solicitud de usuario por ID: 3
[2025-06-29 21:24:07] [INFO]: [USUARIO] Solicitud de usuario por ID: 3
[2025-06-29 21:24:47] [INFO]: [USUARIO] Solicitud de usuario por ID: 3
[2025-06-29 21:25:36] [INFO]: [USUARIO] Solicitud de usuario por ID: 3
[2025-06-29 21:27:03] [INFO]: [USUARIO] Solicitud de usuario por ID: 3
[2025-06-29 21:27:21] [INFO]: [USUARIO] Solicitud de usuario por ID: 3
[2025-06-29 21:27:22] [INFO]: [USUARIO] Solicitud de usuario por ID: 3
[2025-06-29 21:27:22] [INFO]: [USUARIO] Solicitud de usuario por ID: 3
[2025-06-29 21:27:22] [INFO]: [USUARIO] Solicitud de usuario por ID: 3
[2025-06-29 21:27:22] [INFO]: [USUARIO] Solicitud de usuario por ID: 3
[2025-06-29 21:27:23] [INFO]: [USUARIO] Solicitud de usuario por ID: 3
[2025-06-29 21:27:23] [INFO]: [USUARIO] Solicitud de usuario por ID: 3
[2025-06-29 21:27:23] [INFO]: [USUARIO] Solicitud de usuario por ID: 3
[2025-06-29 21:27:23] [INFO]: [USUARIO] Solicitud de usuario por ID: 3
[2025-06-29 21:27:23] [INFO]: [USUARIO] Solicitud de usuario por ID: 3
[2025-06-29 21:27:23] [INFO]: [USUARIO] Solicitud de usuario por ID: 3
[2025-06-29 21:27:24] [INFO]: [USUARIO] Solicitud de usuario por ID: 3
[2025-06-29 21:29:14] [INFO]: [USUARIO] Solicitud de usuario por ID: 3
[2025-06-29 21:29:23] [INFO]: [USUARIO] Actualización de usuario: id=3
[2025-06-29 21:29:24] [INFO]: [USUARIO] Usuario actualizado correctamente: id=3
[2025-06-29 21:31:33] [INFO]: [USUARIO] Solicitud de usuario por ID: 3
[2025-06-29 21:31:46] [INFO]: [USUARIO] Solicitud de usuario por ID: 3
[2025-06-29 21:32:51] [INFO]: [USUARIO] Solicitud de usuario por ID: 3
[2025-06-29 21:35:17] [INFO]: [USUARIO] Solicitud de usuario por ID: 3
[2025-06-29 21:35:26] [INFO]: [USUARIO] Solicitud de usuario por ID: 3
[2025-06-29 21:38:23] [INFO]: [USUARIO] Solicitud de usuario por ID: 3
[2025-06-29 21:41:02] [INFO]: [USUARIO] Solicitud de usuario por ID: 3
[2025-06-29 21:41:13] [INFO]: [USUARIO] Solicitud de usuario por ID: 3
[2025-06-29 21:44:09] [INFO]: [USUARIO] Solicitud de usuario por ID: 3
[2025-06-29 21:44:17] [INFO]: [USUARIO] Solicitud de usuario por ID: 3
[2025-06-29 21:44:28] [INFO]: [USUARIO] Solicitud de usuario por ID: 3
[2025-06-29 21:44:56] [INFO]: [USUARIO] Solicitud de usuario por ID: 3
[2025-06-29 21:46:08] [INFO]: [USUARIO] Actualización de usuario: id=3
[2025-06-29 21:46:08] [INFO]: [USUARIO] Usuario actualizado correctamente: id=3
[2025-06-29 21:48:42] [INFO]: [USUARIO] Solicitud de usuario por ID: 3
[2025-06-29 21:48:51] [INFO]: [USUARIO] Solicitud de usuario por ID: 3
[2025-06-29 21:50:23] [INFO]: [USUARIO] Solicitud de usuario por ID: 3
[2025-06-29 21:50:30] [INFO]: [USUARIO] Solicitud de usuario por ID: 3
[2025-06-29 21:50:44] [INFO]: [USUARIO] Solicitud de usuario por ID: 3
[2025-06-29 21:50:48] [INFO]: [USUARIO] Solicitud de usuario por ID: 3
[2025-06-29 21:51:22] [INFO]: [USUARIO] Solicitud de usuario por ID: 3
[2025-06-29 21:51:35] [INFO]: [USUARIO] Solicitud de usuario por ID: 3
[2025-06-29 21:51:39] [INFO]: [USUARIO] Solicitud de usuario por ID: 3
[2025-06-29 21:51:42] [INFO]: [USUARIO] Solicitud de usuario por ID: 3
[2025-06-29 21:51:45] [INFO]: [USUARIO] Solicitud de usuario por ID: 3
[2025-06-29 21:51:57] [INFO]: [USUARIO] Solicitud de usuario por ID: 3
[2025-06-29 21:53:36] [INFO]: El servidor está escuchando en el puerto 9000
[2025-06-29 21:53:36] [INFO]: Conexión exitosa a MongoDB
[2025-06-29 21:53:37] [INFO]: Base de datos conectada
[2025-06-29 21:53:37] [INFO]: Conexión establecida con la base de datos
[2025-06-29 21:53:59] [INFO]: Database synchronized
[2025-06-29 21:54:03] [INFO]: [USUARIO] Solicitud de usuario por ID: 3
[2025-06-29 21:54:08] [INFO]: [USUARIO] Solicitud de usuario por ID: 3
[2025-06-29 21:54:09] [INFO]: [USUARIO] Solicitud de usuario por ID: 3
[2025-06-29 21:54:28] [INFO]: [USUARIO] Solicitud de usuario por ID: 3
[2025-06-29 21:54:34] [INFO]: [USUARIO] Solicitud de usuario por ID: 3
[2025-06-29 21:54:37] [INFO]: [USUARIO] Solicitud de usuario por ID: 3
[2025-06-29 21:54:43] [INFO]: [USUARIO] Solicitud de usuario por ID: 3
[2025-06-29 21:54:52] [INFO]: [USUARIO] Solicitud de usuario por ID: 3
[2025-06-29 21:55:00] [INFO]: [USUARIO] Solicitud de usuario por ID: 3
[2025-06-29 21:55:07] [INFO]: [USUARIO] Solicitud de usuario por ID: 3
[2025-06-29 21:56:34] [INFO]: [USUARIO] Solicitud de usuario por ID: 3
[2025-06-29 21:58:08] [INFO]: [USUARIO] Solicitud de usuario por ID: 3
[2025-06-29 21:58:22] [INFO]: [USUARIO] Solicitud de usuario por ID: 3
[2025-06-29 21:58:35] [INFO]: [USUARIO] Solicitud de usuario por ID: 3
[2025-06-29 21:59:37] [INFO]: [USUARIO] Actualización de usuario: id=3
[2025-06-29 21:59:37] [INFO]: [USUARIO] Usuario actualizado correctamente: id=3
[2025-06-29 21:59:42] [INFO]: [USUARIO] Solicitud de listado de usuarios
[2025-06-29 21:59:45] [INFO]: [USUARIO] Solicitud de usuario por ID: 3
[2025-06-29 22:00:23] [INFO]: [USUARIO] Actualización de usuario: id=3
[2025-06-29 22:00:23] [INFO]: [USUARIO] Usuario actualizado correctamente: id=3
[2025-06-29 22:00:36] [INFO]: [USUARIO] Actualización de usuario: id=3
[2025-06-29 22:00:36] [INFO]: [USUARIO] Usuario actualizado correctamente: id=3
[2025-06-29 22:00:51] [INFO]: DEBUG - Correo recibido: sofia@gmail.com
[2025-06-29 22:00:51] [INFO]: DEBUG - Hash para búsqueda: bdd8ef419d30192fb4540ab45d1156a9a66b0723014f0131a9368543a3361d61
[2025-06-29 22:00:51] [INFO]: DEBUG - Usuario encontrado: 3
[2025-06-29 22:00:51] [INFO]: DEBUG - Password match: true
[2025-06-29 22:01:03] [INFO]: DEBUG - Correo recibido: sofia@gmail.com
[2025-06-29 22:01:03] [INFO]: DEBUG - Hash para búsqueda: bdd8ef419d30192fb4540ab45d1156a9a66b0723014f0131a9368543a3361d61
[2025-06-29 22:01:03] [INFO]: DEBUG - Usuario encontrado: 3
[2025-06-29 22:01:03] [INFO]: DEBUG - Password match: false
[2025-06-29 22:01:08] [INFO]: DEBUG - Correo recibido: sofia@gmail.com
[2025-06-29 22:01:08] [INFO]: DEBUG - Hash para búsqueda: bdd8ef419d30192fb4540ab45d1156a9a66b0723014f0131a9368543a3361d61
[2025-06-29 22:01:08] [INFO]: DEBUG - Usuario encontrado: 3
[2025-06-29 22:01:08] [INFO]: DEBUG - Password match: true
[2025-06-29 22:01:13] [INFO]: [USUARIO] Solicitud de usuario por ID: 3
[2025-06-29 22:04:35] [INFO]: El servidor está escuchando en el puerto 9000
[2025-06-29 22:04:35] [INFO]: Conexión exitosa a MongoDB
[2025-06-29 22:04:36] [INFO]: Base de datos conectada
[2025-06-29 22:04:36] [INFO]: Conexión establecida con la base de datos
[2025-06-29 22:04:58] [INFO]: Database synchronized
[2025-06-29 22:05:50] [INFO]: DEBUG - Correo recibido: sofia@gmail.com
[2025-06-29 22:05:50] [INFO]: DEBUG - Hash para búsqueda: bdd8ef419d30192fb4540ab45d1156a9a66b0723014f0131a9368543a3361d61
[2025-06-29 22:05:50] [INFO]: DEBUG - Usuario encontrado: 3
[2025-06-29 22:05:50] [INFO]: DEBUG - Password match: true
[2025-06-29 22:05:56] [INFO]: [USUARIO] Solicitud de usuario por ID: 3
[2025-06-29 22:06:00] [INFO]: [USUARIO] Solicitud de usuario por ID: 3
[2025-06-29 22:10:40] [INFO]: [USUARIO] Solicitud de usuario por ID: 3
[2025-06-29 22:13:13] [INFO]: [USUARIO] Solicitud de usuario por ID: 3
[2025-06-29 22:13:22] [INFO]: [USUARIO] Solicitud de listado de usuarios
[2025-06-29 22:13:30] [INFO]: [USUARIO] Solicitud de usuario por ID: 3
[2025-06-30 09:54:11] [INFO]: El servidor está escuchando en el puerto 9000
[2025-06-30 09:54:11] [INFO]: Conexión exitosa a MongoDB
[2025-06-30 09:54:14] [INFO]: Base de datos conectada
[2025-06-30 09:54:14] [INFO]: Conexión establecida con la base de datos
[2025-06-30 09:54:37] [INFO]: Database synchronized
[2025-06-30 09:55:14] [INFO]: DEBUG - Correo recibido: isma@gmail.com
[2025-06-30 09:55:14] [INFO]: DEBUG - Hash para búsqueda: 96ab28e8a64c85023ffffdeddeb13b7993e509fcf0e8c55ef3be066db55019f2
[2025-06-30 09:55:14] [INFO]: DEBUG - Usuario encontrado: 1
[2025-06-30 09:55:14] [INFO]: DEBUG - Password match: true
[2025-06-30 09:55:23] [INFO]: [USUARIO] Solicitud de usuario por ID: 1
[2025-06-30 09:55:27] [INFO]: [USUARIO] Solicitud de listado de usuarios
[2025-06-30 09:55:31] [INFO]: [USUARIO] Solicitud de usuario por ID: 1
[2025-06-30 09:55:55] [INFO]: [USUARIO] Actualización de usuario: id=1
[2025-06-30 09:55:55] [INFO]: [USUARIO] Usuario actualizado correctamente: id=1
[2025-06-30 09:56:10] [INFO]: [USUARIO] Solicitud de listado de usuarios
[2025-06-30 10:03:52] [INFO]: [USUARIO] Solicitud de usuario por ID: 1
[2025-06-30 10:04:25] [INFO]: [USUARIO] Solicitud de listado de usuarios
[2025-06-30 10:04:30] [INFO]: [USUARIO] Solicitud de listado de usuarios
[2025-06-30 10:04:31] [INFO]: [USUARIOS_NUMEROS] Solicitud de listado de usuarios_numeros
[2025-06-30 10:04:32] [INFO]: [ROL] Solicitud de listado de roles
[2025-06-30 10:04:33] [INFO]: [USUARIO] Solicitud de listado de usuarios
[2025-06-30 10:15:05] [INFO]: El servidor está escuchando en el puerto 9000
[2025-06-30 10:15:05] [INFO]: Conexión exitosa a MongoDB
[2025-06-30 10:15:05] [INFO]: Base de datos conectada
[2025-06-30 10:15:06] [INFO]: Conexión establecida con la base de datos
[2025-06-30 10:15:28] [INFO]: Database synchronized
[2025-06-30 10:16:07] [INFO]: DEBUG - Correo recibido: isma@gmail.com
[2025-06-30 10:16:07] [INFO]: DEBUG - Hash para búsqueda: 96ab28e8a64c85023ffffdeddeb13b7993e509fcf0e8c55ef3be066db55019f2
[2025-06-30 10:16:07] [INFO]: DEBUG - Usuario encontrado: 1
[2025-06-30 10:16:07] [INFO]: DEBUG - Password match: false
[2025-06-30 10:16:12] [INFO]: DEBUG - Correo recibido: isma@gmail.com
[2025-06-30 10:16:12] [INFO]: DEBUG - Hash para búsqueda: 96ab28e8a64c85023ffffdeddeb13b7993e509fcf0e8c55ef3be066db55019f2
[2025-06-30 10:16:12] [INFO]: DEBUG - Usuario encontrado: 1
[2025-06-30 10:16:12] [INFO]: DEBUG - Password match: true
[2025-06-30 10:16:32] [INFO]: [USUARIO] Solicitud de usuario por ID: 1
[2025-06-30 10:22:03] [INFO]: [USUARIO] Solicitud de listado de usuarios
[2025-06-30 10:22:19] [INFO]: [USUARIO] Solicitud de usuario por ID: 1
[2025-06-30 10:22:48] [INFO]: [USUARIO] Solicitud de listado de usuarios
[2025-06-30 10:22:51] [INFO]: [USUARIO] Solicitud de usuario por ID: 1
[2025-06-30 10:24:40] [INFO]: [USUARIO] Solicitud de usuario por ID: 1
[2025-06-30 10:25:05] [INFO]: [CLIENTE] Solicitud de listado de clientes
[2025-06-30 10:25:15] [INFO]: [USUARIO] Solicitud de usuario por ID: 1
[2025-06-30 10:31:18] [INFO]: [USUARIO] Solicitud de usuario por ID: 1
[2025-06-30 10:44:48] [INFO]: [USUARIO] Solicitud de usuario por ID: 1
[2025-06-30 10:45:57] [INFO]: [USUARIO] Solicitud de usuario por ID: 1
[2025-06-30 10:48:02] [INFO]: [USUARIO] Solicitud de usuario por ID: 1
[2025-06-30 10:48:57] [INFO]: DEBUG - Correo recibido: isma@gmail.com
[2025-06-30 10:48:57] [INFO]: DEBUG - Hash para búsqueda: 96ab28e8a64c85023ffffdeddeb13b7993e509fcf0e8c55ef3be066db55019f2
[2025-06-30 10:48:57] [INFO]: DEBUG - Usuario encontrado: 1
[2025-06-30 10:48:57] [INFO]: DEBUG - Password match: true
[2025-06-30 10:51:04] [INFO]: [USUARIO] Solicitud de usuario por ID: 1
[2025-06-30 10:51:33] [INFO]: [USUARIO] Actualización de usuario: id=1
[2025-06-30 10:51:34] [INFO]: [USUARIO] Usuario actualizado correctamente: id=1
[2025-06-30 10:52:11] [INFO]: [USUARIO] Solicitud de usuario por ID: 1
[2025-06-30 10:52:21] [INFO]: [USUARIO] Solicitud de listado de usuarios
[2025-06-30 10:53:23] [INFO]: [USUARIOS_NUMEROS] Solicitud de listado de usuarios_numeros
[2025-06-30 10:53:24] [INFO]: [ROL] Solicitud de listado de roles
[2025-06-30 10:53:24] [INFO]: [CLIENTE] Solicitud de listado de clientes
[2025-06-30 10:53:28] [INFO]: [USUARIO] Solicitud de usuario por ID: 1
[2025-06-30 10:53:33] [INFO]: [USUARIO] Solicitud de listado de usuarios
[2025-06-30 10:56:40] [INFO]: [USUARIO] Solicitud de listado de usuarios
[2025-06-30 11:02:38] [INFO]: [USUARIO] Solicitud de listado de usuarios
[2025-06-30 11:02:39] [INFO]: [USUARIOS_NUMEROS] Solicitud de listado de usuarios_numeros
[2025-06-30 11:02:48] [INFO]: [USUARIO] Solicitud de usuario por ID: 1
[2025-06-30 11:16:04] [INFO]: [USUARIO] Solicitud de usuario por ID: 1
[2025-06-30 11:16:32] [INFO]: [USUARIO] Solicitud de usuario por ID: 1
[2025-06-30 11:34:55] [INFO]: [USUARIO] Solicitud de listado de usuarios
[2025-06-30 11:34:59] [INFO]: [USUARIO] Solicitud de usuario por ID: 1
[2025-06-30 11:37:11] [INFO]: [USUARIO] Solicitud de usuario por ID: 1
[2025-06-30 11:37:21] [INFO]: [USUARIO] Solicitud de usuario por ID: 1
[2025-06-30 11:39:57] [INFO]: [USUARIO] Solicitud de usuario por ID: 1
[2025-06-30 11:40:33] [INFO]: [USUARIO] Solicitud de usuario por ID: 1
[2025-06-30 11:40:36] [INFO]: [USUARIO] Solicitud de usuario por ID: 1
[2025-06-30 11:40:36] [INFO]: [USUARIO] Solicitud de usuario por ID: 1
[2025-06-30 11:46:19] [INFO]: [USUARIO] Solicitud de usuario por ID: 1
[2025-06-30 11:48:12] [INFO]: [USUARIO] Solicitud de usuario por ID: 1
[2025-06-30 11:48:29] [INFO]: [USUARIO] Solicitud de listado de usuarios
[2025-06-30 11:48:32] [INFO]: [USUARIO] Solicitud de usuario por ID: 1
[2025-06-30 11:48:39] [INFO]: [USUARIO] Solicitud de listado de usuarios
[2025-06-30 11:48:45] [INFO]: [USUARIO] Solicitud de usuario por ID: 1
[2025-06-30 11:49:02] [INFO]: [USUARIO] Solicitud de listado de usuarios
[2025-06-30 11:49:05] [INFO]: [USUARIO] Solicitud de usuario por ID: 1
[2025-06-30 11:49:07] [INFO]: [USUARIO] Solicitud de listado de usuarios
[2025-06-30 11:49:11] [INFO]: [CLIENTE] Solicitud de listado de clientes
[2025-06-30 11:53:19] [INFO]: [USUARIO] Solicitud de usuario por ID: 1
[2025-06-30 11:53:32] [INFO]: [USUARIO] Solicitud de listado de usuarios
[2025-06-30 12:01:02] [INFO]: [USUARIO] Solicitud de listado de usuarios
[2025-06-30 12:01:16] [INFO]: [USUARIO] Solicitud de listado de usuarios
[2025-06-30 12:01:17] [INFO]: [USUARIOS_NUMEROS] Solicitud de listado de usuarios_numeros
[2025-06-30 12:01:19] [INFO]: [USUARIO] Solicitud de listado de usuarios
[2025-06-30 12:01:44] [INFO]: [USUARIO] Solicitud de usuario por ID: 1
[2025-06-30 12:02:21] [INFO]: [USUARIO] Solicitud de listado de usuarios
[2025-06-30 12:02:56] [INFO]: [ROL] Solicitud de listado de roles
[2025-06-30 12:02:56] [INFO]: [CLIENTE] Solicitud de listado de clientes
[2025-06-30 12:02:57] [INFO]: [ROL] Solicitud de listado de roles
[2025-06-30 12:02:58] [INFO]: [USUARIO] Solicitud de listado de usuarios
[2025-06-30 12:04:33] [INFO]: [USUARIO] Solicitud de listado de usuarios
[2025-06-30 12:05:41] [INFO]: [USUARIO] Solicitud de listado de usuarios
[2025-06-30 12:05:50] [INFO]: [USUARIO] Solicitud de listado de usuarios
[2025-06-30 12:05:51] [INFO]: [USUARIO] Solicitud de listado de usuarios
[2025-06-30 12:05:52] [INFO]: [USUARIOS_NUMEROS] Solicitud de listado de usuarios_numeros
[2025-06-30 12:05:53] [INFO]: [USUARIO] Solicitud de listado de usuarios
[2025-06-30 12:06:02] [INFO]: [USUARIO] Solicitud de listado de usuarios
[2025-06-30 12:06:03] [INFO]: [USUARIO] Solicitud de listado de usuarios
[2025-06-30 12:06:03] [INFO]: [USUARIO] Solicitud de listado de usuarios
[2025-06-30 12:06:03] [INFO]: [USUARIO] Solicitud de listado de usuarios
[2025-06-30 12:06:03] [INFO]: [USUARIO] Solicitud de listado de usuarios
[2025-06-30 12:06:03] [INFO]: [USUARIO] Solicitud de listado de usuarios
[2025-06-30 12:06:03] [INFO]: [USUARIO] Solicitud de listado de usuarios
[2025-06-30 12:06:40] [INFO]: [USUARIOS_NUMEROS] Solicitud de listado de usuarios_numeros
[2025-06-30 12:06:41] [INFO]: [USUARIO] Solicitud de listado de usuarios
[2025-06-30 12:06:58] [INFO]: [USUARIOS_NUMEROS] Solicitud de listado de usuarios_numeros
[2025-06-30 12:06:59] [INFO]: [ROL] Solicitud de listado de roles
[2025-06-30 12:07:05] [INFO]: [USUARIO] Solicitud de listado de usuarios
[2025-06-30 12:07:22] [INFO]: [USUARIO] Solicitud de listado de usuarios
[2025-06-30 12:07:31] [INFO]: [USUARIO] Solicitud de listado de usuarios
[2025-06-30 12:08:16] [INFO]: [USUARIO] Solicitud de listado de usuarios
[2025-06-30 12:08:38] [INFO]: [USUARIO] Solicitud de listado de usuarios
[2025-06-30 12:08:38] [INFO]: [USUARIO] Solicitud de listado de usuarios
[2025-06-30 12:09:57] [INFO]: DEBUG - Correo recibido: isma@gmail.com
[2025-06-30 12:09:57] [INFO]: DEBUG - Hash para búsqueda: 96ab28e8a64c85023ffffdeddeb13b7993e509fcf0e8c55ef3be066db55019f2
[2025-06-30 12:09:57] [INFO]: DEBUG - Usuario encontrado: 1
[2025-06-30 12:09:57] [INFO]: DEBUG - Password match: true
[2025-06-30 12:10:54] [INFO]: [USUARIO] Solicitud de listado de usuarios
[2025-06-30 12:11:00] [INFO]: [USUARIOS_NUMEROS] Solicitud de listado de usuarios_numeros
[2025-06-30 12:11:04] [INFO]: [USUARIO] Solicitud de listado de usuarios
[2025-06-30 12:11:06] [INFO]: [USUARIOS_NUMEROS] Solicitud de listado de usuarios_numeros
[2025-06-30 12:11:10] [INFO]: [CLIENTE] Solicitud de listado de clientes
[2025-06-30 12:21:38] [INFO]: [USUARIO] Solicitud de listado de usuarios
[2025-06-30 12:26:04] [INFO]: [USUARIO] Solicitud de listado de usuarios
[2025-06-30 12:26:04] [INFO]: [USUARIO] Solicitud de listado de usuarios
[2025-06-30 12:26:07] [INFO]: [USUARIO] Solicitud de listado de usuarios
[2025-06-30 12:26:08] [INFO]: [ROL] Solicitud de listado de roles
[2025-06-30 12:26:09] [INFO]: [USUARIOS_NUMEROS] Solicitud de listado de usuarios_numeros
[2025-06-30 12:26:10] [INFO]: [USUARIO] Solicitud de listado de usuarios
[2025-06-30 12:26:20] [INFO]: [USUARIO] Solicitud de listado de usuarios
[2025-06-30 12:26:20] [INFO]: [USUARIO] Solicitud de listado de usuarios
[2025-06-30 12:27:41] [INFO]: [USUARIO] Solicitud de listado de usuarios
[2025-06-30 12:27:41] [INFO]: [USUARIO] Solicitud de listado de usuarios
[2025-06-30 12:27:50] [INFO]: [USUARIO] Solicitud de listado de usuarios
[2025-06-30 12:27:50] [INFO]: [USUARIO] Solicitud de listado de usuarios
[2025-06-30 12:28:02] [INFO]: [USUARIO] Solicitud de listado de usuarios
[2025-06-30 12:28:02] [INFO]: [USUARIO] Solicitud de listado de usuarios
[2025-06-30 12:28:13] [INFO]: [USUARIO] Solicitud de listado de usuarios
[2025-06-30 12:28:13] [INFO]: [USUARIO] Solicitud de listado de usuarios
[2025-06-30 12:28:21] [INFO]: [USUARIO] Solicitud de listado de usuarios
[2025-06-30 12:28:21] [INFO]: [USUARIO] Solicitud de listado de usuarios
[2025-06-30 12:28:55] [INFO]: [USUARIO] Solicitud de listado de usuarios
[2025-06-30 12:28:55] [INFO]: [USUARIO] Solicitud de listado de usuarios
[2025-06-30 12:29:06] [INFO]: [USUARIO] Solicitud de listado de usuarios
[2025-06-30 12:29:07] [INFO]: [USUARIO] Solicitud de listado de usuarios
[2025-06-30 12:29:33] [INFO]: [USUARIOS_NUMEROS] Solicitud de listado de usuarios_numeros
[2025-06-30 12:29:34] [INFO]: [USUARIO] Solicitud de listado de usuarios
[2025-06-30 12:29:41] [INFO]: [USUARIO] Solicitud de listado de usuarios
[2025-06-30 12:29:41] [INFO]: [USUARIO] Solicitud de listado de usuarios
[2025-06-30 12:29:57] [INFO]: [USUARIO] Solicitud de usuario por ID: 1
[2025-06-30 12:30:01] [INFO]: [USUARIO] Solicitud de listado de usuarios
[2025-06-30 12:32:51] [INFO]: [USUARIO] Solicitud de listado de usuarios
[2025-06-30 12:32:51] [INFO]: [USUARIO] Solicitud de listado de usuarios
[2025-06-30 12:40:38] [INFO]: [USUARIO] Solicitud de listado de usuarios
[2025-06-30 12:40:38] [INFO]: [USUARIO] Solicitud de listado de usuarios
[2025-06-30 12:41:55] [INFO]: [USUARIO] Actualización de usuario: id=1
[2025-06-30 12:41:56] [INFO]: [USUARIO] Usuario actualizado correctamente: id=1
[2025-06-30 12:42:01] [INFO]: [USUARIO] Actualización de usuario: id=1
[2025-06-30 12:42:01] [INFO]: [USUARIO] Usuario actualizado correctamente: id=1
[2025-06-30 12:42:04] [INFO]: [USUARIO] Solicitud de listado de usuarios
[2025-06-30 12:42:12] [INFO]: [USUARIO] Actualización de usuario: id=3
[2025-06-30 12:42:12] [INFO]: [USUARIO] Usuario actualizado correctamente: id=3
[2025-06-30 12:42:28] [INFO]: [USUARIO] Actualización de usuario: id=3
[2025-06-30 12:42:28] [INFO]: [USUARIO] Usuario actualizado correctamente: id=3
[2025-06-30 12:43:04] [INFO]: [USUARIO] Solicitud de usuario por ID: 1
[2025-06-30 12:43:14] [INFO]: [USUARIO] Solicitud de listado de usuarios
[2025-06-30 13:27:57] [INFO]: [USUARIO] Solicitud de usuario por ID: 1
[2025-06-30 13:28:04] [INFO]: [USUARIO] Solicitud de listado de usuarios
[2025-06-30 13:46:54] [INFO]: [USUARIOS_NUMEROS] Solicitud de listado de usuarios_numeros
[2025-06-30 13:46:55] [INFO]: [USUARIO] Solicitud de listado de usuarios
[2025-06-30 13:46:57] [INFO]: [USUARIOS_NUMEROS] Solicitud de listado de usuarios_numeros
[2025-06-30 13:49:00] [INFO]: [USUARIO] Solicitud de listado de usuarios
[2025-06-30 13:50:49] [INFO]: [USUARIO] Solicitud de listado de usuarios
[2025-06-30 13:50:50] [INFO]: [USUARIOS_NUMEROS] Solicitud de listado de usuarios_numeros
[2025-06-30 13:50:52] [INFO]: [CLIENTE] Solicitud de listado de clientes
[2025-06-30 13:52:17] [INFO]: [ROL] Solicitud de listado de roles
[2025-06-30 13:52:25] [INFO]: [USUARIOS_NUMEROS] Solicitud de listado de usuarios_numeros
[2025-06-30 13:52:27] [INFO]: [ROL] Solicitud de listado de roles
[2025-06-30 13:52:29] [INFO]: [USUARIOS_NUMEROS] Solicitud de listado de usuarios_numeros
[2025-06-30 13:52:30] [INFO]: [ROL] Solicitud de listado de roles
[2025-06-30 13:52:37] [INFO]: [CLIENTE] Solicitud de listado de clientes
[2025-06-30 13:52:50] [INFO]: [ROL] Solicitud de listado de roles
[2025-06-30 13:52:54] [INFO]: [USUARIO] Solicitud de listado de usuarios
[2025-06-30 13:53:04] [INFO]: [USUARIO] Solicitud de usuario por ID: 1
[2025-06-30 13:53:10] [INFO]: [USUARIO] Solicitud de listado de usuarios
[2025-06-30 14:04:41] [INFO]: [USUARIO] Actualización de usuario: id=2
[2025-06-30 14:04:41] [INFO]: [USUARIO] Usuario actualizado correctamente: id=2
[2025-06-30 14:04:43] [INFO]: [USUARIOS_NUMEROS] Solicitud de listado de usuarios_numeros
[2025-06-30 14:04:57] [INFO]: [USUARIO] Solicitud de listado de usuarios
[2025-06-30 14:06:13] [INFO]: [USUARIO] Solicitud de listado de usuarios
[2025-06-30 14:06:18] [INFO]: [USUARIO] Actualización de usuario: id=2
[2025-06-30 14:06:18] [INFO]: [USUARIO] Usuario actualizado correctamente: id=2
[2025-06-30 14:06:27] [INFO]: [USUARIOS_NUMEROS] Solicitud de listado de usuarios_numeros
[2025-06-30 14:06:28] [INFO]: [USUARIO] Solicitud de listado de usuarios
[2025-06-30 14:06:52] [INFO]: [USUARIO] Solicitud de listado de usuarios
[2025-06-30 14:06:53] [INFO]: [USUARIOS_NUMEROS] Solicitud de listado de usuarios_numeros
[2025-06-30 14:06:57] [INFO]: [ROL] Solicitud de listado de roles
[2025-06-30 14:07:00] [INFO]: [CLIENTE] Solicitud de listado de clientes
[2025-06-30 14:07:11] [INFO]: [USUARIO] Solicitud de listado de usuarios
[2025-06-30 14:10:25] [INFO]: [USUARIO] Actualización de usuario: id=1
[2025-06-30 14:10:25] [INFO]: [USUARIO] Usuario actualizado correctamente: id=1
[2025-06-30 14:10:31] [INFO]: [USUARIO] Actualización de usuario: id=1
[2025-06-30 14:10:31] [INFO]: [USUARIO] Usuario actualizado correctamente: id=1
[2025-06-30 14:12:57] [INFO]: [USUARIO] Actualización de usuario: id=2
[2025-06-30 14:12:57] [INFO]: [USUARIO] Usuario actualizado correctamente: id=2
[2025-06-30 14:13:37] [INFO]: [USUARIO] Actualización de usuario: id=2
[2025-06-30 14:13:37] [INFO]: [USUARIO] Usuario actualizado correctamente: id=2
[2025-06-30 14:13:42] [INFO]: [USUARIO] Actualización de usuario: id=2
[2025-06-30 14:13:43] [INFO]: [USUARIO] Usuario actualizado correctamente: id=2
[2025-06-30 14:14:12] [INFO]: [CLIENTE] Solicitud de listado de clientes
[2025-06-30 14:14:24] [INFO]: [USUARIO] Solicitud de listado de usuarios
[2025-06-30 14:14:53] [INFO]: [USUARIO] Actualización de usuario: id=1
[2025-06-30 14:14:53] [INFO]: [USUARIO] Usuario actualizado correctamente: id=1
[2025-06-30 14:15:08] [INFO]: [USUARIO] Actualización de usuario: id=1
[2025-06-30 14:15:09] [INFO]: [USUARIO] Usuario actualizado correctamente: id=1
[2025-06-30 14:21:16] [INFO]: [USUARIO] Actualización de usuario: id=2
[2025-06-30 14:21:16] [INFO]: [USUARIO] Usuario actualizado correctamente: id=2
[2025-06-30 14:21:25] [INFO]: [USUARIO] Actualización de usuario: id=2
[2025-06-30 14:21:25] [INFO]: [USUARIO] Usuario actualizado correctamente: id=2
[2025-06-30 14:22:59] [INFO]: [USUARIO] Actualización de usuario: id=2
[2025-06-30 14:22:59] [INFO]: [USUARIO] Usuario actualizado correctamente: id=2
[2025-06-30 14:23:16] [INFO]: [USUARIO] Solicitud de listado de usuarios
[2025-06-30 14:33:05] [INFO]: [USUARIO] Solicitud de usuario por ID: 1
[2025-06-30 14:33:09] [INFO]: [USUARIO] Solicitud de listado de usuarios
[2025-06-30 14:33:28] [INFO]: [USUARIOS_NUMEROS] Solicitud de listado de usuarios_numeros
[2025-06-30 14:33:30] [INFO]: [USUARIO] Solicitud de listado de usuarios
[2025-06-30 14:34:23] [INFO]: [USUARIOS_NUMEROS] Solicitud de listado de usuarios_numeros
[2025-06-30 14:35:26] [INFO]: [USUARIO] Solicitud de listado de usuarios
[2025-06-30 14:35:36] [INFO]: [CLIENTE] Solicitud de listado de clientes
[2025-06-30 14:35:41] [INFO]: [USUARIO] Solicitud de listado de usuarios
[2025-06-30 14:36:08] [INFO]: [USUARIOS_NUMEROS] Solicitud de listado de usuarios_numeros
[2025-06-30 14:36:23] [INFO]: [USUARIO] Solicitud de listado de usuarios
[2025-06-30 14:36:24] [INFO]: [USUARIOS_NUMEROS] Solicitud de listado de usuarios_numeros
[2025-06-30 14:36:53] [INFO]: [USUARIOS_NUMEROS] Actualización de usuario_numero: id=1
[2025-06-30 14:36:54] [INFO]: [USUARIOS_NUMEROS] Usuario_numero actualizado correctamente: id=1
[2025-06-30 14:37:01] [INFO]: [USUARIOS_NUMEROS] Actualización de usuario_numero: id=1
[2025-06-30 14:37:01] [INFO]: [USUARIOS_NUMEROS] Usuario_numero actualizado correctamente: id=1
[2025-06-30 14:37:06] [INFO]: [USUARIO] Solicitud de listado de usuarios
[2025-06-30 14:37:12] [INFO]: [USUARIO] Actualización de usuario: id=1
[2025-06-30 14:37:12] [INFO]: [USUARIO] Usuario actualizado correctamente: id=1
[2025-06-30 14:37:15] [INFO]: [USUARIO] Solicitud de usuario por ID: 1
[2025-06-30 14:37:22] [INFO]: [USUARIO] Solicitud de listado de usuarios
[2025-06-30 14:37:32] [INFO]: [USUARIOS_NUMEROS] Solicitud de listado de usuarios_numeros
[2025-06-30 14:38:27] [INFO]: [USUARIOS_NUMEROS] Intento de registro: nombre=Pablo, numero=0995745471, usuario_id=1
[2025-06-30 14:38:27] [INFO]: [USUARIOS_NUMEROS] Registro exitoso: id=2, usuario_id=1
[2025-06-30 14:39:47] [INFO]: [ROL] Solicitud de listado de roles
[2025-06-30 14:40:09] [INFO]: [CLIENTE] Solicitud de listado de clientes
[2025-06-30 14:40:12] [INFO]: [USUARIO] Solicitud de listado de usuarios
[2025-06-30 14:40:28] [INFO]: [USUARIOS_NUMEROS] Solicitud de listado de usuarios_numeros
[2025-06-30 14:40:42] [INFO]: [USUARIO] Solicitud de listado de usuarios
[2025-06-30 14:40:47] [INFO]: [USUARIOS_NUMEROS] Solicitud de listado de usuarios_numeros
[2025-06-30 14:41:12] [INFO]: [USUARIOS_NUMEROS] Solicitud de listado de usuarios_numeros
[2025-06-30 14:41:22] [INFO]: [USUARIO] Solicitud de listado de usuarios
[2025-06-30 14:41:27] [INFO]: [USUARIOS_NUMEROS] Solicitud de listado de usuarios_numeros
[2025-06-30 14:43:01] [INFO]: [USUARIO] Solicitud de listado de usuarios
[2025-06-30 14:43:06] [INFO]: [USUARIOS_NUMEROS] Solicitud de listado de usuarios_numeros
[2025-06-30 14:45:11] [INFO]: [USUARIOS_NUMEROS] Actualización de usuario_numero: id=1
[2025-06-30 14:45:11] [INFO]: [USUARIOS_NUMEROS] Usuario_numero actualizado correctamente: id=1
[2025-06-30 14:45:58] [INFO]: [USUARIOS_NUMEROS] Intento de registro: nombre=Juan Gomez, numero=0968004859, usuario_id=1
[2025-06-30 14:45:58] [INFO]: [USUARIOS_NUMEROS] Registro exitoso: id=3, usuario_id=1
[2025-06-30 14:46:09] [INFO]: [USUARIOS_NUMEROS] Actualización de usuario_numero: id=3
[2025-06-30 14:46:09] [INFO]: [USUARIOS_NUMEROS] Usuario_numero actualizado correctamente: id=3
[2025-06-30 14:46:17] [INFO]: [USUARIO] Solicitud de listado de usuarios
[2025-06-30 14:46:22] [INFO]: [USUARIOS_NUMEROS] Solicitud de listado de usuarios_numeros
[2025-06-30 14:46:39] [INFO]: [USUARIOS_NUMEROS] Actualización de usuario_numero: id=2
[2025-06-30 14:46:39] [INFO]: [USUARIOS_NUMEROS] Usuario_numero actualizado correctamente: id=2
[2025-06-30 14:46:56] [INFO]: [USUARIOS_NUMEROS] Actualización de usuario_numero: id=1
[2025-06-30 14:46:56] [INFO]: [USUARIOS_NUMEROS] Usuario_numero actualizado correctamente: id=1
[2025-06-30 14:47:11] [INFO]: [ROL] Solicitud de listado de roles
[2025-06-30 14:47:26] [INFO]: [USUARIO] Solicitud de listado de usuarios
[2025-06-30 14:47:31] [INFO]: [USUARIOS_NUMEROS] Solicitud de listado de usuarios_numeros
[2025-06-30 14:47:44] [INFO]: [USUARIOS_NUMEROS] Actualización de usuario_numero: id=1
[2025-06-30 14:47:44] [INFO]: [USUARIOS_NUMEROS] Usuario_numero actualizado correctamente: id=1
[2025-06-30 14:48:15] [INFO]: [USUARIOS_NUMEROS] Actualización de usuario_numero: id=1
[2025-06-30 14:48:15] [INFO]: [USUARIOS_NUMEROS] Usuario_numero actualizado correctamente: id=1
[2025-06-30 14:50:03] [INFO]: [USUARIO] Solicitud de listado de usuarios
[2025-06-30 14:50:08] [INFO]: [USUARIOS_NUMEROS] Solicitud de listado de usuarios_numeros
[2025-06-30 14:56:43] [INFO]: [USUARIOS_NUMEROS] Actualización de usuario_numero: id=2
[2025-06-30 14:56:43] [INFO]: [USUARIOS_NUMEROS] Usuario_numero actualizado correctamente: id=2
[2025-06-30 14:57:11] [INFO]: [ROL] Solicitud de listado de roles
[2025-06-30 14:57:38] [INFO]: [CLIENTE] Solicitud de listado de clientes
[2025-06-30 14:57:40] [INFO]: [ROL] Solicitud de listado de roles
[2025-06-30 14:57:40] [INFO]: [USUARIOS_NUMEROS] Solicitud de listado de usuarios_numeros
[2025-06-30 14:57:45] [INFO]: [ROL] Solicitud de listado de roles
[2025-06-30 14:57:47] [INFO]: [USUARIOS_NUMEROS] Solicitud de listado de usuarios_numeros
[2025-06-30 14:57:55] [INFO]: [ROL] Solicitud de listado de roles
[2025-06-30 14:58:04] [INFO]: [USUARIOS_NUMEROS] Solicitud de listado de usuarios_numeros
[2025-06-30 14:58:08] [INFO]: [ROL] Solicitud de listado de roles
[2025-06-30 14:58:17] [INFO]: [USUARIOS_NUMEROS] Solicitud de listado de usuarios_numeros
[2025-06-30 14:58:24] [INFO]: [ROL] Solicitud de listado de roles
[2025-06-30 14:58:26] [INFO]: [CLIENTE] Solicitud de listado de clientes
[2025-06-30 14:58:52] [INFO]: [USUARIOS_NUMEROS] Solicitud de listado de usuarios_numeros
[2025-06-30 14:58:52] [INFO]: [ROL] Solicitud de listado de roles
[2025-06-30 14:59:24] [INFO]: [ROL] Actualización de rol: id=2
[2025-06-30 14:59:24] [INFO]: [ROL] Actualización de rol: id=2
[2025-06-30 14:59:24] [INFO]: [ROL] Rol actualizado correctamente: id=2
[2025-06-30 14:59:24] [INFO]: [ROL] Solicitud de rol por ID: 2
[2025-06-30 14:59:24] [INFO]: [ROL] Rol actualizado correctamente: id=2
[2025-06-30 15:01:14] [INFO]: [ROL] Actualización de rol: id=2
[2025-06-30 15:01:15] [INFO]: [ROL] Rol actualizado correctamente: id=2
[2025-06-30 15:01:15] [INFO]: [ROL] Actualización de rol: id=2
[2025-06-30 15:01:15] [INFO]: [ROL] Solicitud de rol por ID: 2
[2025-06-30 15:01:15] [INFO]: [ROL] Rol actualizado correctamente: id=2
[2025-06-30 15:01:21] [INFO]: [ROL] Actualización de rol: id=2
[2025-06-30 15:01:21] [INFO]: [ROL] Rol actualizado correctamente: id=2
[2025-06-30 15:01:21] [INFO]: [ROL] Actualización de rol: id=2
[2025-06-30 15:01:21] [INFO]: [ROL] Solicitud de rol por ID: 2
[2025-06-30 15:01:21] [INFO]: [ROL] Rol actualizado correctamente: id=2
[2025-06-30 15:01:43] [INFO]: [CLIENTE] Solicitud de listado de clientes
[2025-06-30 15:02:18] [INFO]: [USUARIO] Solicitud de listado de usuarios
[2025-06-30 15:02:32] [INFO]: [CLIENTE] Solicitud de listado de clientes
[2025-06-30 15:03:02] [INFO]: [CLIENTE] Solicitud de listado de clientes
[2025-06-30 15:03:31] [INFO]: [USUARIO] Solicitud de listado de usuarios
[2025-06-30 15:03:50] [INFO]: [CLIENTE] Solicitud de listado de clientes
[2025-06-30 15:04:49] [ERROR]: invalid csrf token
STACK:
ForbiddenError: invalid csrf token
    at csrf (C:\Users\USUARIO\Desktop\sos-semana4\back_sos911\node_modules\csurf\index.js:112:19)
    at Layer.handle [as handle_request] (C:\Users\USUARIO\Desktop\sos-semana4\back_sos911\node_modules\express\lib\router\layer.js:95:5)
    at trim_prefix (C:\Users\USUARIO\Desktop\sos-semana4\back_sos911\node_modules\express\lib\router\index.js:328:13)
    at C:\Users\USUARIO\Desktop\sos-semana4\back_sos911\node_modules\express\lib\router\index.js:286:9
    at Function.process_params (C:\Users\USUARIO\Desktop\sos-semana4\back_sos911\node_modules\express\lib\router\index.js:346:12)
    at next (C:\Users\USUARIO\Desktop\sos-semana4\back_sos911\node_modules\express\lib\router\index.js:280:10)
    at C:\Users\USUARIO\Desktop\sos-semana4\back_sos911\src\app.js:127:5
    at Layer.handle [as handle_request] (C:\Users\USUARIO\Desktop\sos-semana4\back_sos911\node_modules\express\lib\router\layer.js:95:5)
    at trim_prefix (C:\Users\USUARIO\Desktop\sos-semana4\back_sos911\node_modules\express\lib\router\index.js:328:13)
    at C:\Users\USUARIO\Desktop\sos-semana4\back_sos911\node_modules\express\lib\router\index.js:286:9
[2025-06-30 15:04:49] [WARN]: Error de validación CSRF
[2025-06-30 15:04:55] [ERROR]: invalid csrf token
STACK:
ForbiddenError: invalid csrf token
    at csrf (C:\Users\USUARIO\Desktop\sos-semana4\back_sos911\node_modules\csurf\index.js:112:19)
    at Layer.handle [as handle_request] (C:\Users\USUARIO\Desktop\sos-semana4\back_sos911\node_modules\express\lib\router\layer.js:95:5)
    at trim_prefix (C:\Users\USUARIO\Desktop\sos-semana4\back_sos911\node_modules\express\lib\router\index.js:328:13)
    at C:\Users\USUARIO\Desktop\sos-semana4\back_sos911\node_modules\express\lib\router\index.js:286:9
    at Function.process_params (C:\Users\USUARIO\Desktop\sos-semana4\back_sos911\node_modules\express\lib\router\index.js:346:12)
    at next (C:\Users\USUARIO\Desktop\sos-semana4\back_sos911\node_modules\express\lib\router\index.js:280:10)
    at C:\Users\USUARIO\Desktop\sos-semana4\back_sos911\src\app.js:127:5
    at Layer.handle [as handle_request] (C:\Users\USUARIO\Desktop\sos-semana4\back_sos911\node_modules\express\lib\router\layer.js:95:5)
    at trim_prefix (C:\Users\USUARIO\Desktop\sos-semana4\back_sos911\node_modules\express\lib\router\index.js:328:13)
    at C:\Users\USUARIO\Desktop\sos-semana4\back_sos911\node_modules\express\lib\router\index.js:286:9
[2025-06-30 15:04:55] [WARN]: Error de validación CSRF
[2025-06-30 15:05:35] [ERROR]: invalid csrf token
STACK:
ForbiddenError: invalid csrf token
    at csrf (C:\Users\USUARIO\Desktop\sos-semana4\back_sos911\node_modules\csurf\index.js:112:19)
    at Layer.handle [as handle_request] (C:\Users\USUARIO\Desktop\sos-semana4\back_sos911\node_modules\express\lib\router\layer.js:95:5)
    at trim_prefix (C:\Users\USUARIO\Desktop\sos-semana4\back_sos911\node_modules\express\lib\router\index.js:328:13)
    at C:\Users\USUARIO\Desktop\sos-semana4\back_sos911\node_modules\express\lib\router\index.js:286:9
    at Function.process_params (C:\Users\USUARIO\Desktop\sos-semana4\back_sos911\node_modules\express\lib\router\index.js:346:12)
    at next (C:\Users\USUARIO\Desktop\sos-semana4\back_sos911\node_modules\express\lib\router\index.js:280:10)
    at C:\Users\USUARIO\Desktop\sos-semana4\back_sos911\src\app.js:127:5
    at Layer.handle [as handle_request] (C:\Users\USUARIO\Desktop\sos-semana4\back_sos911\node_modules\express\lib\router\layer.js:95:5)
    at trim_prefix (C:\Users\USUARIO\Desktop\sos-semana4\back_sos911\node_modules\express\lib\router\index.js:328:13)
    at C:\Users\USUARIO\Desktop\sos-semana4\back_sos911\node_modules\express\lib\router\index.js:286:9
[2025-06-30 15:05:35] [WARN]: Error de validación CSRF
[2025-06-30 15:07:22] [ERROR]: invalid csrf token
STACK:
ForbiddenError: invalid csrf token
    at csrf (C:\Users\USUARIO\Desktop\sos-semana4\back_sos911\node_modules\csurf\index.js:112:19)
    at Layer.handle [as handle_request] (C:\Users\USUARIO\Desktop\sos-semana4\back_sos911\node_modules\express\lib\router\layer.js:95:5)
    at trim_prefix (C:\Users\USUARIO\Desktop\sos-semana4\back_sos911\node_modules\express\lib\router\index.js:328:13)
    at C:\Users\USUARIO\Desktop\sos-semana4\back_sos911\node_modules\express\lib\router\index.js:286:9
    at Function.process_params (C:\Users\USUARIO\Desktop\sos-semana4\back_sos911\node_modules\express\lib\router\index.js:346:12)
    at next (C:\Users\USUARIO\Desktop\sos-semana4\back_sos911\node_modules\express\lib\router\index.js:280:10)
    at C:\Users\USUARIO\Desktop\sos-semana4\back_sos911\src\app.js:127:5
    at Layer.handle [as handle_request] (C:\Users\USUARIO\Desktop\sos-semana4\back_sos911\node_modules\express\lib\router\layer.js:95:5)
    at trim_prefix (C:\Users\USUARIO\Desktop\sos-semana4\back_sos911\node_modules\express\lib\router\index.js:328:13)
    at C:\Users\USUARIO\Desktop\sos-semana4\back_sos911\node_modules\express\lib\router\index.js:286:9
[2025-06-30 15:07:22] [WARN]: Error de validación CSRF
[2025-06-30 15:07:27] [ERROR]: invalid csrf token
STACK:
ForbiddenError: invalid csrf token
    at csrf (C:\Users\USUARIO\Desktop\sos-semana4\back_sos911\node_modules\csurf\index.js:112:19)
    at Layer.handle [as handle_request] (C:\Users\USUARIO\Desktop\sos-semana4\back_sos911\node_modules\express\lib\router\layer.js:95:5)
    at trim_prefix (C:\Users\USUARIO\Desktop\sos-semana4\back_sos911\node_modules\express\lib\router\index.js:328:13)
    at C:\Users\USUARIO\Desktop\sos-semana4\back_sos911\node_modules\express\lib\router\index.js:286:9
    at Function.process_params (C:\Users\USUARIO\Desktop\sos-semana4\back_sos911\node_modules\express\lib\router\index.js:346:12)
    at next (C:\Users\USUARIO\Desktop\sos-semana4\back_sos911\node_modules\express\lib\router\index.js:280:10)
    at C:\Users\USUARIO\Desktop\sos-semana4\back_sos911\src\app.js:127:5
    at Layer.handle [as handle_request] (C:\Users\USUARIO\Desktop\sos-semana4\back_sos911\node_modules\express\lib\router\layer.js:95:5)
    at trim_prefix (C:\Users\USUARIO\Desktop\sos-semana4\back_sos911\node_modules\express\lib\router\index.js:328:13)
    at C:\Users\USUARIO\Desktop\sos-semana4\back_sos911\node_modules\express\lib\router\index.js:286:9
[2025-06-30 15:07:27] [WARN]: Error de validación CSRF
[2025-06-30 15:07:34] [ERROR]: invalid csrf token
STACK:
ForbiddenError: invalid csrf token
    at csrf (C:\Users\USUARIO\Desktop\sos-semana4\back_sos911\node_modules\csurf\index.js:112:19)
    at Layer.handle [as handle_request] (C:\Users\USUARIO\Desktop\sos-semana4\back_sos911\node_modules\express\lib\router\layer.js:95:5)
    at trim_prefix (C:\Users\USUARIO\Desktop\sos-semana4\back_sos911\node_modules\express\lib\router\index.js:328:13)
    at C:\Users\USUARIO\Desktop\sos-semana4\back_sos911\node_modules\express\lib\router\index.js:286:9
    at Function.process_params (C:\Users\USUARIO\Desktop\sos-semana4\back_sos911\node_modules\express\lib\router\index.js:346:12)
    at next (C:\Users\USUARIO\Desktop\sos-semana4\back_sos911\node_modules\express\lib\router\index.js:280:10)
    at C:\Users\USUARIO\Desktop\sos-semana4\back_sos911\src\app.js:127:5
    at Layer.handle [as handle_request] (C:\Users\USUARIO\Desktop\sos-semana4\back_sos911\node_modules\express\lib\router\layer.js:95:5)
    at trim_prefix (C:\Users\USUARIO\Desktop\sos-semana4\back_sos911\node_modules\express\lib\router\index.js:328:13)
    at C:\Users\USUARIO\Desktop\sos-semana4\back_sos911\node_modules\express\lib\router\index.js:286:9
[2025-06-30 15:07:34] [WARN]: Error de validación CSRF
[2025-06-30 15:07:39] [INFO]: [CLIENTE] Solicitud de listado de clientes
[2025-06-30 15:08:03] [ERROR]: invalid csrf token
STACK:
ForbiddenError: invalid csrf token
    at csrf (C:\Users\USUARIO\Desktop\sos-semana4\back_sos911\node_modules\csurf\index.js:112:19)
    at Layer.handle [as handle_request] (C:\Users\USUARIO\Desktop\sos-semana4\back_sos911\node_modules\express\lib\router\layer.js:95:5)
    at trim_prefix (C:\Users\USUARIO\Desktop\sos-semana4\back_sos911\node_modules\express\lib\router\index.js:328:13)
    at C:\Users\USUARIO\Desktop\sos-semana4\back_sos911\node_modules\express\lib\router\index.js:286:9
    at Function.process_params (C:\Users\USUARIO\Desktop\sos-semana4\back_sos911\node_modules\express\lib\router\index.js:346:12)
    at next (C:\Users\USUARIO\Desktop\sos-semana4\back_sos911\node_modules\express\lib\router\index.js:280:10)
    at C:\Users\USUARIO\Desktop\sos-semana4\back_sos911\src\app.js:127:5
    at Layer.handle [as handle_request] (C:\Users\USUARIO\Desktop\sos-semana4\back_sos911\node_modules\express\lib\router\layer.js:95:5)
    at trim_prefix (C:\Users\USUARIO\Desktop\sos-semana4\back_sos911\node_modules\express\lib\router\index.js:328:13)
    at C:\Users\USUARIO\Desktop\sos-semana4\back_sos911\node_modules\express\lib\router\index.js:286:9
[2025-06-30 15:08:03] [WARN]: Error de validación CSRF
[2025-06-30 15:08:07] [ERROR]: invalid csrf token
STACK:
ForbiddenError: invalid csrf token
    at csrf (C:\Users\USUARIO\Desktop\sos-semana4\back_sos911\node_modules\csurf\index.js:112:19)
    at Layer.handle [as handle_request] (C:\Users\USUARIO\Desktop\sos-semana4\back_sos911\node_modules\express\lib\router\layer.js:95:5)
    at trim_prefix (C:\Users\USUARIO\Desktop\sos-semana4\back_sos911\node_modules\express\lib\router\index.js:328:13)
    at C:\Users\USUARIO\Desktop\sos-semana4\back_sos911\node_modules\express\lib\router\index.js:286:9
    at Function.process_params (C:\Users\USUARIO\Desktop\sos-semana4\back_sos911\node_modules\express\lib\router\index.js:346:12)
    at next (C:\Users\USUARIO\Desktop\sos-semana4\back_sos911\node_modules\express\lib\router\index.js:280:10)
    at C:\Users\USUARIO\Desktop\sos-semana4\back_sos911\src\app.js:127:5
    at Layer.handle [as handle_request] (C:\Users\USUARIO\Desktop\sos-semana4\back_sos911\node_modules\express\lib\router\layer.js:95:5)
    at trim_prefix (C:\Users\USUARIO\Desktop\sos-semana4\back_sos911\node_modules\express\lib\router\index.js:328:13)
    at C:\Users\USUARIO\Desktop\sos-semana4\back_sos911\node_modules\express\lib\router\index.js:286:9
[2025-06-30 15:08:07] [WARN]: Error de validación CSRF
[2025-06-30 15:08:10] [ERROR]: invalid csrf token
STACK:
ForbiddenError: invalid csrf token
    at csrf (C:\Users\USUARIO\Desktop\sos-semana4\back_sos911\node_modules\csurf\index.js:112:19)
    at Layer.handle [as handle_request] (C:\Users\USUARIO\Desktop\sos-semana4\back_sos911\node_modules\express\lib\router\layer.js:95:5)
    at trim_prefix (C:\Users\USUARIO\Desktop\sos-semana4\back_sos911\node_modules\express\lib\router\index.js:328:13)
    at C:\Users\USUARIO\Desktop\sos-semana4\back_sos911\node_modules\express\lib\router\index.js:286:9
    at Function.process_params (C:\Users\USUARIO\Desktop\sos-semana4\back_sos911\node_modules\express\lib\router\index.js:346:12)
    at next (C:\Users\USUARIO\Desktop\sos-semana4\back_sos911\node_modules\express\lib\router\index.js:280:10)
    at C:\Users\USUARIO\Desktop\sos-semana4\back_sos911\src\app.js:127:5
    at Layer.handle [as handle_request] (C:\Users\USUARIO\Desktop\sos-semana4\back_sos911\node_modules\express\lib\router\layer.js:95:5)
    at trim_prefix (C:\Users\USUARIO\Desktop\sos-semana4\back_sos911\node_modules\express\lib\router\index.js:328:13)
    at C:\Users\USUARIO\Desktop\sos-semana4\back_sos911\node_modules\express\lib\router\index.js:286:9
[2025-06-30 15:08:10] [WARN]: Error de validación CSRF
[2025-06-30 15:09:34] [INFO]: [USUARIO] Solicitud de listado de usuarios
[2025-06-30 15:09:38] [INFO]: [CLIENTE] Solicitud de listado de clientes
[2025-06-30 15:10:18] [ERROR]: invalid csrf token
STACK:
ForbiddenError: invalid csrf token
    at csrf (C:\Users\USUARIO\Desktop\sos-semana4\back_sos911\node_modules\csurf\index.js:112:19)
    at Layer.handle [as handle_request] (C:\Users\USUARIO\Desktop\sos-semana4\back_sos911\node_modules\express\lib\router\layer.js:95:5)
    at trim_prefix (C:\Users\USUARIO\Desktop\sos-semana4\back_sos911\node_modules\express\lib\router\index.js:328:13)
    at C:\Users\USUARIO\Desktop\sos-semana4\back_sos911\node_modules\express\lib\router\index.js:286:9
    at Function.process_params (C:\Users\USUARIO\Desktop\sos-semana4\back_sos911\node_modules\express\lib\router\index.js:346:12)
    at next (C:\Users\USUARIO\Desktop\sos-semana4\back_sos911\node_modules\express\lib\router\index.js:280:10)
    at C:\Users\USUARIO\Desktop\sos-semana4\back_sos911\src\app.js:127:5
    at Layer.handle [as handle_request] (C:\Users\USUARIO\Desktop\sos-semana4\back_sos911\node_modules\express\lib\router\layer.js:95:5)
    at trim_prefix (C:\Users\USUARIO\Desktop\sos-semana4\back_sos911\node_modules\express\lib\router\index.js:328:13)
    at C:\Users\USUARIO\Desktop\sos-semana4\back_sos911\node_modules\express\lib\router\index.js:286:9
[2025-06-30 15:10:18] [WARN]: Error de validación CSRF
[2025-06-30 15:11:02] [INFO]: [USUARIO] Solicitud de listado de usuarios
[2025-06-30 15:11:09] [INFO]: [CLIENTE] Solicitud de listado de clientes
[2025-06-30 15:12:04] [INFO]: [USUARIO] Solicitud de listado de usuarios
[2025-06-30 15:12:07] [INFO]: [USUARIOS_NUMEROS] Solicitud de listado de usuarios_numeros
[2025-06-30 15:12:13] [INFO]: [ROL] Solicitud de listado de roles
[2025-06-30 15:12:16] [INFO]: [CLIENTE] Solicitud de listado de clientes
[2025-06-30 15:12:32] [INFO]: [CLIENTE] Solicitud de listado de clientes
[2025-06-30 15:12:36] [ERROR]: invalid csrf token
STACK:
ForbiddenError: invalid csrf token
    at csrf (C:\Users\USUARIO\Desktop\sos-semana4\back_sos911\node_modules\csurf\index.js:112:19)
    at Layer.handle [as handle_request] (C:\Users\USUARIO\Desktop\sos-semana4\back_sos911\node_modules\express\lib\router\layer.js:95:5)
    at trim_prefix (C:\Users\USUARIO\Desktop\sos-semana4\back_sos911\node_modules\express\lib\router\index.js:328:13)
    at C:\Users\USUARIO\Desktop\sos-semana4\back_sos911\node_modules\express\lib\router\index.js:286:9
    at Function.process_params (C:\Users\USUARIO\Desktop\sos-semana4\back_sos911\node_modules\express\lib\router\index.js:346:12)
    at next (C:\Users\USUARIO\Desktop\sos-semana4\back_sos911\node_modules\express\lib\router\index.js:280:10)
    at C:\Users\USUARIO\Desktop\sos-semana4\back_sos911\src\app.js:127:5
    at Layer.handle [as handle_request] (C:\Users\USUARIO\Desktop\sos-semana4\back_sos911\node_modules\express\lib\router\layer.js:95:5)
    at trim_prefix (C:\Users\USUARIO\Desktop\sos-semana4\back_sos911\node_modules\express\lib\router\index.js:328:13)
    at C:\Users\USUARIO\Desktop\sos-semana4\back_sos911\node_modules\express\lib\router\index.js:286:9
[2025-06-30 15:12:36] [WARN]: Error de validación CSRF
[2025-06-30 15:12:42] [ERROR]: invalid csrf token
STACK:
ForbiddenError: invalid csrf token
    at csrf (C:\Users\USUARIO\Desktop\sos-semana4\back_sos911\node_modules\csurf\index.js:112:19)
    at Layer.handle [as handle_request] (C:\Users\USUARIO\Desktop\sos-semana4\back_sos911\node_modules\express\lib\router\layer.js:95:5)
    at trim_prefix (C:\Users\USUARIO\Desktop\sos-semana4\back_sos911\node_modules\express\lib\router\index.js:328:13)
    at C:\Users\USUARIO\Desktop\sos-semana4\back_sos911\node_modules\express\lib\router\index.js:286:9
    at Function.process_params (C:\Users\USUARIO\Desktop\sos-semana4\back_sos911\node_modules\express\lib\router\index.js:346:12)
    at next (C:\Users\USUARIO\Desktop\sos-semana4\back_sos911\node_modules\express\lib\router\index.js:280:10)
    at C:\Users\USUARIO\Desktop\sos-semana4\back_sos911\src\app.js:127:5
    at Layer.handle [as handle_request] (C:\Users\USUARIO\Desktop\sos-semana4\back_sos911\node_modules\express\lib\router\layer.js:95:5)
    at trim_prefix (C:\Users\USUARIO\Desktop\sos-semana4\back_sos911\node_modules\express\lib\router\index.js:328:13)
    at C:\Users\USUARIO\Desktop\sos-semana4\back_sos911\node_modules\express\lib\router\index.js:286:9
[2025-06-30 15:12:42] [WARN]: Error de validación CSRF
[2025-06-30 15:14:54] [INFO]: [CLIENTE] Solicitud de listado de clientes
[2025-06-30 15:15:06] [ERROR]: invalid csrf token
STACK:
ForbiddenError: invalid csrf token
    at csrf (C:\Users\USUARIO\Desktop\sos-semana4\back_sos911\node_modules\csurf\index.js:112:19)
    at Layer.handle [as handle_request] (C:\Users\USUARIO\Desktop\sos-semana4\back_sos911\node_modules\express\lib\router\layer.js:95:5)
    at trim_prefix (C:\Users\USUARIO\Desktop\sos-semana4\back_sos911\node_modules\express\lib\router\index.js:328:13)
    at C:\Users\USUARIO\Desktop\sos-semana4\back_sos911\node_modules\express\lib\router\index.js:286:9
    at Function.process_params (C:\Users\USUARIO\Desktop\sos-semana4\back_sos911\node_modules\express\lib\router\index.js:346:12)
    at next (C:\Users\USUARIO\Desktop\sos-semana4\back_sos911\node_modules\express\lib\router\index.js:280:10)
    at C:\Users\USUARIO\Desktop\sos-semana4\back_sos911\src\app.js:127:5
    at Layer.handle [as handle_request] (C:\Users\USUARIO\Desktop\sos-semana4\back_sos911\node_modules\express\lib\router\layer.js:95:5)
    at trim_prefix (C:\Users\USUARIO\Desktop\sos-semana4\back_sos911\node_modules\express\lib\router\index.js:328:13)
    at C:\Users\USUARIO\Desktop\sos-semana4\back_sos911\node_modules\express\lib\router\index.js:286:9
[2025-06-30 15:15:06] [WARN]: Error de validación CSRF
[2025-06-30 15:15:11] [INFO]: [USUARIO] Solicitud de listado de usuarios
[2025-06-30 15:15:26] [INFO]: [USUARIO] Actualización de usuario: id=3
[2025-06-30 15:15:26] [INFO]: [USUARIO] Usuario actualizado correctamente: id=3
[2025-06-30 15:15:30] [INFO]: [USUARIO] Solicitud de listado de usuarios
[2025-06-30 15:15:34] [INFO]: [USUARIO] Actualización de usuario: id=3
[2025-06-30 15:15:34] [INFO]: [USUARIO] Usuario actualizado correctamente: id=3
[2025-06-30 15:15:36] [INFO]: [ROL] Solicitud de listado de roles
[2025-06-30 15:15:37] [INFO]: [CLIENTE] Solicitud de listado de clientes
[2025-06-30 15:15:44] [INFO]: [CLIENTE] Solicitud de listado de clientes
[2025-06-30 15:17:09] [INFO]: [USUARIO] Solicitud de listado de usuarios
[2025-06-30 15:17:46] [INFO]: [USUARIOS_NUMEROS] Solicitud de listado de usuarios_numeros
[2025-06-30 15:17:47] [INFO]: [USUARIO] Solicitud de listado de usuarios
[2025-06-30 15:18:40] [INFO]: [CLIENTE] Solicitud de listado de clientes
[2025-06-30 15:18:47] [INFO]: [CLIENTE] Solicitud de listado de clientes
[2025-06-30 15:19:08] [INFO]: [CLIENTE] Solicitud de listado de clientes
[2025-06-30 15:19:15] [INFO]: [USUARIOS_NUMEROS] Solicitud de listado de usuarios_numeros
[2025-06-30 15:22:39] [INFO]: [CLIENTE] Solicitud de listado de clientes
[2025-06-30 15:27:04] [INFO]: [USUARIO] Solicitud de listado de usuarios
[2025-06-30 15:27:07] [INFO]: [USUARIOS_NUMEROS] Solicitud de listado de usuarios_numeros
[2025-06-30 15:27:11] [INFO]: [ROL] Solicitud de listado de roles
[2025-06-30 15:27:15] [INFO]: [CLIENTE] Solicitud de listado de clientes
[2025-06-30 15:29:07] [INFO]: [CLIENTE] Solicitud de listado de clientes
[2025-06-30 15:33:52] [INFO]: [USUARIOS_NUMEROS] Solicitud de listado de usuarios_numeros
[2025-06-30 15:33:58] [INFO]: [CLIENTE] Solicitud de listado de clientes
[2025-06-30 15:34:05] [INFO]: [USUARIOS_NUMEROS] Solicitud de listado de usuarios_numeros
[2025-06-30 15:34:20] [INFO]: [USUARIOS_NUMEROS] Solicitud de listado de usuarios_numeros
[2025-06-30 15:34:58] [INFO]: [CLIENTE] Solicitud de listado de clientes
[2025-06-30 15:35:04] [INFO]: [USUARIOS_NUMEROS] Solicitud de listado de usuarios_numeros
[2025-06-30 15:35:29] [INFO]: [ROL] Solicitud de listado de roles
[2025-06-30 15:35:30] [INFO]: [CLIENTE] Solicitud de listado de clientes
[2025-06-30 15:38:37] [INFO]: [USUARIOS_NUMEROS] Solicitud de listado de usuarios_numeros
[2025-06-30 15:40:23] [INFO]: [ROL] Solicitud de listado de roles
[2025-06-30 15:40:26] [INFO]: [CLIENTE] Solicitud de listado de clientes
[2025-06-30 15:42:01] [INFO]: [USUARIO] Solicitud de usuario por ID: 1
[2025-06-30 15:42:05] [INFO]: [USUARIO] Solicitud de listado de usuarios
[2025-06-30 15:42:10] [INFO]: [USUARIOS_NUMEROS] Solicitud de listado de usuarios_numeros
[2025-06-30 15:42:14] [INFO]: [ROL] Solicitud de listado de roles
[2025-06-30 15:42:17] [INFO]: [ROL] Actualización de rol: id=2
[2025-06-30 15:42:17] [INFO]: [ROL] Rol actualizado correctamente: id=2
[2025-06-30 15:42:17] [INFO]: [ROL] Actualización de rol: id=2
[2025-06-30 15:42:17] [INFO]: [ROL] Solicitud de rol por ID: 2
[2025-06-30 15:42:17] [INFO]: [ROL] Rol actualizado correctamente: id=2
[2025-06-30 15:42:20] [INFO]: [CLIENTE] Solicitud de listado de clientes
[2025-06-30 15:42:26] [ERROR]: invalid csrf token
STACK:
ForbiddenError: invalid csrf token
    at csrf (C:\Users\USUARIO\Desktop\sos-semana4\back_sos911\node_modules\csurf\index.js:112:19)
    at Layer.handle [as handle_request] (C:\Users\USUARIO\Desktop\sos-semana4\back_sos911\node_modules\express\lib\router\layer.js:95:5)
    at trim_prefix (C:\Users\USUARIO\Desktop\sos-semana4\back_sos911\node_modules\express\lib\router\index.js:328:13)
    at C:\Users\USUARIO\Desktop\sos-semana4\back_sos911\node_modules\express\lib\router\index.js:286:9
    at Function.process_params (C:\Users\USUARIO\Desktop\sos-semana4\back_sos911\node_modules\express\lib\router\index.js:346:12)
    at next (C:\Users\USUARIO\Desktop\sos-semana4\back_sos911\node_modules\express\lib\router\index.js:280:10)
    at C:\Users\USUARIO\Desktop\sos-semana4\back_sos911\src\app.js:127:5
    at Layer.handle [as handle_request] (C:\Users\USUARIO\Desktop\sos-semana4\back_sos911\node_modules\express\lib\router\layer.js:95:5)
    at trim_prefix (C:\Users\USUARIO\Desktop\sos-semana4\back_sos911\node_modules\express\lib\router\index.js:328:13)
    at C:\Users\USUARIO\Desktop\sos-semana4\back_sos911\node_modules\express\lib\router\index.js:286:9
[2025-06-30 15:42:26] [WARN]: Error de validación CSRF
[2025-06-30 15:44:32] [INFO]: [USUARIO] Solicitud de usuario por ID: 1
[2025-06-30 15:44:34] [INFO]: [USUARIO] Solicitud de listado de usuarios
[2025-06-30 15:44:37] [INFO]: [USUARIOS_NUMEROS] Solicitud de listado de usuarios_numeros
[2025-06-30 15:44:41] [INFO]: [ROL] Solicitud de listado de roles
[2025-06-30 15:44:44] [INFO]: [ROL] Actualización de rol: id=2
[2025-06-30 15:44:44] [INFO]: [ROL] Rol actualizado correctamente: id=2
[2025-06-30 15:44:44] [INFO]: [ROL] Actualización de rol: id=2
[2025-06-30 15:44:44] [INFO]: [ROL] Solicitud de rol por ID: 2
[2025-06-30 15:44:44] [INFO]: [ROL] Rol actualizado correctamente: id=2
[2025-06-30 15:44:46] [INFO]: [CLIENTE] Solicitud de listado de clientes
[2025-06-30 15:44:52] [ERROR]: invalid csrf token
STACK:
ForbiddenError: invalid csrf token
    at csrf (C:\Users\USUARIO\Desktop\sos-semana4\back_sos911\node_modules\csurf\index.js:112:19)
    at Layer.handle [as handle_request] (C:\Users\USUARIO\Desktop\sos-semana4\back_sos911\node_modules\express\lib\router\layer.js:95:5)
    at trim_prefix (C:\Users\USUARIO\Desktop\sos-semana4\back_sos911\node_modules\express\lib\router\index.js:328:13)
    at C:\Users\USUARIO\Desktop\sos-semana4\back_sos911\node_modules\express\lib\router\index.js:286:9
    at Function.process_params (C:\Users\USUARIO\Desktop\sos-semana4\back_sos911\node_modules\express\lib\router\index.js:346:12)
    at next (C:\Users\USUARIO\Desktop\sos-semana4\back_sos911\node_modules\express\lib\router\index.js:280:10)
    at C:\Users\USUARIO\Desktop\sos-semana4\back_sos911\src\app.js:127:5
    at Layer.handle [as handle_request] (C:\Users\USUARIO\Desktop\sos-semana4\back_sos911\node_modules\express\lib\router\layer.js:95:5)
    at trim_prefix (C:\Users\USUARIO\Desktop\sos-semana4\back_sos911\node_modules\express\lib\router\index.js:328:13)
    at C:\Users\USUARIO\Desktop\sos-semana4\back_sos911\node_modules\express\lib\router\index.js:286:9
[2025-06-30 15:44:52] [WARN]: Error de validación CSRF
[2025-06-30 15:47:08] [INFO]: [CLIENTE] Solicitud de listado de clientes
[2025-06-30 16:08:32] [INFO]: [USUARIO] Solicitud de listado de usuarios
[2025-06-30 16:09:25] [INFO]: DEBUG - Correo recibido: isma@gmaill.com
[2025-06-30 16:09:25] [INFO]: DEBUG - Hash para búsqueda: 421de86180987645ddcfe306f2eb5127935bd97c773b32086b8e4a460f388006
[2025-06-30 16:09:25] [INFO]: DEBUG - Usuario NO encontrado con ese hash
[2025-06-30 16:09:30] [INFO]: DEBUG - Correo recibido: isma@gmaill.com
[2025-06-30 16:09:30] [INFO]: DEBUG - Hash para búsqueda: 421de86180987645ddcfe306f2eb5127935bd97c773b32086b8e4a460f388006
[2025-06-30 16:09:31] [INFO]: DEBUG - Usuario NO encontrado con ese hash
[2025-06-30 16:09:44] [INFO]: DEBUG - Correo recibido: sofia@gmail.com
[2025-06-30 16:09:44] [INFO]: DEBUG - Hash para búsqueda: bdd8ef419d30192fb4540ab45d1156a9a66b0723014f0131a9368543a3361d61
[2025-06-30 16:09:44] [INFO]: DEBUG - Usuario encontrado: 3
[2025-06-30 16:09:44] [INFO]: DEBUG - Password match: true
[2025-06-30 16:09:59] [INFO]: DEBUG - Correo recibido: sofia@gmail.com
[2025-06-30 16:09:59] [INFO]: DEBUG - Hash para búsqueda: bdd8ef419d30192fb4540ab45d1156a9a66b0723014f0131a9368543a3361d61
[2025-06-30 16:09:59] [INFO]: DEBUG - Usuario encontrado: 3
[2025-06-30 16:09:59] [INFO]: DEBUG - Password match: true
[2025-06-30 16:10:02] [INFO]: [USUARIO] Solicitud de listado de usuarios
[2025-06-30 16:10:14] [INFO]: DEBUG - Correo recibido: isma@gmail.com
[2025-06-30 16:10:14] [INFO]: DEBUG - Hash para búsqueda: 96ab28e8a64c85023ffffdeddeb13b7993e509fcf0e8c55ef3be066db55019f2
[2025-06-30 16:10:14] [INFO]: DEBUG - Usuario encontrado: 1
[2025-06-30 16:10:14] [INFO]: DEBUG - Password match: true
[2025-06-30 16:10:22] [INFO]: DEBUG - Correo recibido: isma@gmail.com
[2025-06-30 16:10:22] [INFO]: DEBUG - Hash para búsqueda: 96ab28e8a64c85023ffffdeddeb13b7993e509fcf0e8c55ef3be066db55019f2
[2025-06-30 16:10:22] [INFO]: DEBUG - Usuario encontrado: 1
[2025-06-30 16:10:22] [INFO]: DEBUG - Password match: true
[2025-06-30 16:10:28] [INFO]: [USUARIO] Solicitud de listado de usuarios
[2025-06-30 16:10:32] [INFO]: [USUARIOS_NUMEROS] Solicitud de listado de usuarios_numeros
[2025-06-30 16:10:35] [INFO]: [ROL] Solicitud de listado de roles
[2025-06-30 16:10:38] [INFO]: [CLIENTE] Solicitud de listado de clientes
[2025-06-30 17:23:24] [INFO]: [USUARIO] Solicitud de listado de usuarios
[2025-06-30 17:23:25] [INFO]: [USUARIOS_NUMEROS] Solicitud de listado de usuarios_numeros
[2025-06-30 17:23:27] [INFO]: [USUARIO] Solicitud de listado de usuarios
[2025-06-30 17:23:31] [INFO]: [USUARIOS_NUMEROS] Solicitud de listado de usuarios_numeros
[2025-06-30 17:23:33] [INFO]: [USUARIO] Solicitud de listado de usuarios
[2025-06-30 17:25:35] [INFO]: [CLIENTE] Solicitud de listado de clientes
[2025-06-30 17:30:18] [INFO]: [CLIENTE] Solicitud de listado de clientes
[2025-06-30 17:42:04] [INFO]: [USUARIO] Solicitud de usuario por ID: 1
[2025-06-30 17:42:09] [INFO]: [USUARIO] Solicitud de listado de usuarios
[2025-06-30 17:42:12] [INFO]: [USUARIOS_NUMEROS] Solicitud de listado de usuarios_numeros
[2025-06-30 17:42:18] [INFO]: [ROL] Solicitud de listado de roles
[2025-06-30 17:42:24] [INFO]: [CLIENTE] Solicitud de listado de clientes
[2025-06-30 19:53:17] [INFO]: [USUARIO] Solicitud de listado de usuarios
[2025-06-30 19:53:18] [INFO]: [USUARIOS_NUMEROS] Solicitud de listado de usuarios_numeros
[2025-06-30 19:53:19] [INFO]: [USUARIO] Solicitud de listado de usuarios
[2025-06-30 19:55:55] [INFO]: [USUARIO] Solicitud de listado de usuarios
[2025-06-30 19:56:11] [INFO]: [USUARIO] Solicitud de listado de usuarios
[2025-06-30 19:56:21] [INFO]: [USUARIO] Solicitud de listado de usuarios
[2025-06-30 19:57:29] [INFO]: [USUARIO] Solicitud de usuario por ID: 1
[2025-06-30 19:57:32] [INFO]: [USUARIO] Solicitud de listado de usuarios
[2025-06-30 19:57:33] [INFO]: [ROL] Solicitud de listado de roles
[2025-06-30 19:57:33] [INFO]: [CLIENTE] Solicitud de listado de clientes
[2025-06-30 20:14:26] [INFO]: [CLIENTE] Solicitud de listado de clientes
[2025-06-30 20:18:18] [INFO]: [ROL] Solicitud de listado de roles
[2025-06-30 20:18:27] [INFO]: [ROL] Solicitud de listado de roles
[2025-06-30 20:18:34] [INFO]: [CLIENTE] Solicitud de listado de clientes
[2025-06-30 20:57:01] [INFO]: [USUARIO] Solicitud de listado de usuarios
[2025-06-30 20:57:06] [INFO]: [USUARIOS_NUMEROS] Solicitud de listado de usuarios_numeros
[2025-06-30 20:57:09] [INFO]: [ROL] Solicitud de listado de roles
[2025-06-30 20:57:10] [INFO]: [CLIENTE] Solicitud de listado de clientes
[2025-06-30 20:57:42] [INFO]: [USUARIO] Solicitud de usuario por ID: 1
[2025-07-01 09:49:44] [INFO]: El servidor está escuchando en el puerto 9000
[2025-07-01 09:49:44] [INFO]: Conexión exitosa a MongoDB
[2025-07-01 09:49:47] [INFO]: Base de datos conectada
[2025-07-01 09:49:47] [INFO]: Conexión establecida con la base de datos
[2025-07-01 09:50:09] [INFO]: Database synchronized
[2025-07-01 09:51:27] [INFO]: DEBUG - Correo recibido: isma@gmail.com
[2025-07-01 09:51:27] [INFO]: DEBUG - Hash para búsqueda: 96ab28e8a64c85023ffffdeddeb13b7993e509fcf0e8c55ef3be066db55019f2
[2025-07-01 09:51:27] [INFO]: DEBUG - Usuario encontrado: 1
[2025-07-01 09:51:27] [INFO]: DEBUG - Password match: true
[2025-07-01 09:51:42] [INFO]: DEBUG - Correo recibido: isma@gmail.com
[2025-07-01 09:51:42] [INFO]: DEBUG - Hash para búsqueda: 96ab28e8a64c85023ffffdeddeb13b7993e509fcf0e8c55ef3be066db55019f2
[2025-07-01 09:51:42] [INFO]: DEBUG - Usuario encontrado: 1
[2025-07-01 09:51:42] [INFO]: DEBUG - Password match: true
[2025-07-01 09:51:49] [INFO]: [USUARIO] Solicitud de usuario por ID: 1
[2025-07-01 09:51:52] [INFO]: [USUARIO] Solicitud de listado de usuarios
[2025-07-01 09:51:57] [INFO]: [USUARIOS_NUMEROS] Solicitud de listado de usuarios_numeros
[2025-07-01 09:52:07] [INFO]: [USUARIO] Solicitud de listado de usuarios
[2025-07-01 09:52:08] [INFO]: [ROL] Solicitud de listado de roles
[2025-07-01 09:52:09] [INFO]: [CLIENTE] Solicitud de listado de clientes
[2025-07-01 09:58:28] [INFO]: [USUARIO] Solicitud de listado de usuarios
[2025-07-01 09:58:33] [INFO]: [USUARIOS_NUMEROS] Solicitud de listado de usuarios_numeros
[2025-07-01 09:58:36] [INFO]: [ROL] Solicitud de listado de roles
[2025-07-01 09:58:40] [INFO]: [CLIENTE] Solicitud de listado de clientes
[2025-07-01 10:06:57] [INFO]: DEBUG - Correo recibido: isma@gmail.com
[2025-07-01 10:06:57] [INFO]: DEBUG - Hash para búsqueda: 96ab28e8a64c85023ffffdeddeb13b7993e509fcf0e8c55ef3be066db55019f2
[2025-07-01 10:06:57] [INFO]: DEBUG - Usuario encontrado: 1
[2025-07-01 10:06:57] [INFO]: DEBUG - Password match: true
[2025-07-01 10:47:36] [INFO]: [USUARIO] Solicitud de listado de usuarios
[2025-07-01 10:47:48] [INFO]: [USUARIO] Actualización de usuario: id=1
[2025-07-01 10:47:48] [INFO]: [USUARIO] Usuario actualizado correctamente: id=1
[2025-07-01 10:47:51] [INFO]: [USUARIOS_NUMEROS] Solicitud de listado de usuarios_numeros
[2025-07-01 10:47:54] [INFO]: [ROL] Solicitud de listado de roles
[2025-07-01 10:47:54] [INFO]: [CLIENTE] Solicitud de listado de clientes
[2025-07-01 10:48:06] [ERROR]: invalid csrf token
STACK:
ForbiddenError: invalid csrf token
    at csrf (C:\Users\USUARIO\Desktop\sos-semana4\back_sos911\node_modules\csurf\index.js:112:19)
    at Layer.handle [as handle_request] (C:\Users\USUARIO\Desktop\sos-semana4\back_sos911\node_modules\express\lib\router\layer.js:95:5)
    at trim_prefix (C:\Users\USUARIO\Desktop\sos-semana4\back_sos911\node_modules\express\lib\router\index.js:328:13)
    at C:\Users\USUARIO\Desktop\sos-semana4\back_sos911\node_modules\express\lib\router\index.js:286:9
    at Function.process_params (C:\Users\USUARIO\Desktop\sos-semana4\back_sos911\node_modules\express\lib\router\index.js:346:12)
    at next (C:\Users\USUARIO\Desktop\sos-semana4\back_sos911\node_modules\express\lib\router\index.js:280:10)
    at C:\Users\USUARIO\Desktop\sos-semana4\back_sos911\src\app.js:127:5
    at Layer.handle [as handle_request] (C:\Users\USUARIO\Desktop\sos-semana4\back_sos911\node_modules\express\lib\router\layer.js:95:5)
    at trim_prefix (C:\Users\USUARIO\Desktop\sos-semana4\back_sos911\node_modules\express\lib\router\index.js:328:13)
    at C:\Users\USUARIO\Desktop\sos-semana4\back_sos911\node_modules\express\lib\router\index.js:286:9
[2025-07-01 10:48:06] [WARN]: Error de validación CSRF
[2025-07-01 10:48:18] [ERROR]: invalid csrf token
STACK:
ForbiddenError: invalid csrf token
    at csrf (C:\Users\USUARIO\Desktop\sos-semana4\back_sos911\node_modules\csurf\index.js:112:19)
    at Layer.handle [as handle_request] (C:\Users\USUARIO\Desktop\sos-semana4\back_sos911\node_modules\express\lib\router\layer.js:95:5)
    at trim_prefix (C:\Users\USUARIO\Desktop\sos-semana4\back_sos911\node_modules\express\lib\router\index.js:328:13)
    at C:\Users\USUARIO\Desktop\sos-semana4\back_sos911\node_modules\express\lib\router\index.js:286:9
    at Function.process_params (C:\Users\USUARIO\Desktop\sos-semana4\back_sos911\node_modules\express\lib\router\index.js:346:12)
    at next (C:\Users\USUARIO\Desktop\sos-semana4\back_sos911\node_modules\express\lib\router\index.js:280:10)
    at C:\Users\USUARIO\Desktop\sos-semana4\back_sos911\src\app.js:127:5
    at Layer.handle [as handle_request] (C:\Users\USUARIO\Desktop\sos-semana4\back_sos911\node_modules\express\lib\router\layer.js:95:5)
    at trim_prefix (C:\Users\USUARIO\Desktop\sos-semana4\back_sos911\node_modules\express\lib\router\index.js:328:13)
    at C:\Users\USUARIO\Desktop\sos-semana4\back_sos911\node_modules\express\lib\router\index.js:286:9
[2025-07-01 10:48:18] [WARN]: Error de validación CSRF
[2025-07-01 10:50:02] [INFO]: [CLIENTE] Solicitud de listado de clientes
[2025-07-01 10:50:08] [INFO]: [USUARIO] Solicitud de listado de usuarios
[2025-07-01 10:50:10] [INFO]: [USUARIO] Solicitud de usuario por ID: 1
[2025-07-01 10:54:18] [INFO]: [CLIENTE] Solicitud de listado de clientes
[2025-07-01 10:54:24] [ERROR]: invalid csrf token
STACK:
ForbiddenError: invalid csrf token
    at csrf (C:\Users\USUARIO\Desktop\sos-semana4\back_sos911\node_modules\csurf\index.js:112:19)
    at Layer.handle [as handle_request] (C:\Users\USUARIO\Desktop\sos-semana4\back_sos911\node_modules\express\lib\router\layer.js:95:5)
    at trim_prefix (C:\Users\USUARIO\Desktop\sos-semana4\back_sos911\node_modules\express\lib\router\index.js:328:13)
    at C:\Users\USUARIO\Desktop\sos-semana4\back_sos911\node_modules\express\lib\router\index.js:286:9
    at Function.process_params (C:\Users\USUARIO\Desktop\sos-semana4\back_sos911\node_modules\express\lib\router\index.js:346:12)
    at next (C:\Users\USUARIO\Desktop\sos-semana4\back_sos911\node_modules\express\lib\router\index.js:280:10)
    at C:\Users\USUARIO\Desktop\sos-semana4\back_sos911\src\app.js:127:5
    at Layer.handle [as handle_request] (C:\Users\USUARIO\Desktop\sos-semana4\back_sos911\node_modules\express\lib\router\layer.js:95:5)
    at trim_prefix (C:\Users\USUARIO\Desktop\sos-semana4\back_sos911\node_modules\express\lib\router\index.js:328:13)
    at C:\Users\USUARIO\Desktop\sos-semana4\back_sos911\node_modules\express\lib\router\index.js:286:9
[2025-07-01 10:54:24] [WARN]: Error de validación CSRF
[2025-07-01 10:54:57] [INFO]: [USUARIO] Solicitud de usuario por ID: 1
[2025-07-01 10:55:41] [INFO]: [ROL] Solicitud de listado de roles
[2025-07-01 10:58:05] [INFO]: [USUARIO] Solicitud de listado de usuarios
[2025-07-01 10:58:07] [INFO]: [USUARIOS_NUMEROS] Solicitud de listado de usuarios_numeros
[2025-07-01 10:58:27] [INFO]: [CLIENTE] Solicitud de listado de clientes
[2025-07-01 10:58:29] [INFO]: [USUARIOS_NUMEROS] Solicitud de listado de usuarios_numeros
[2025-07-01 10:58:31] [INFO]: [ROL] Solicitud de listado de roles
[2025-07-01 10:58:33] [INFO]: [USUARIOS_NUMEROS] Solicitud de listado de usuarios_numeros
[2025-07-01 11:05:57] [INFO]: [USUARIOS_NUMEROS] Solicitud de listado de usuarios_numeros
[2025-07-01 11:06:03] [INFO]: [USUARIOS_NUMEROS] Solicitud de listado de usuarios_numeros
[2025-07-01 11:10:24] [INFO]: [ROL] Solicitud de listado de roles
[2025-07-01 11:14:45] [INFO]: [USUARIOS_NUMEROS] Solicitud de listado de usuarios_numeros
[2025-07-01 11:14:50] [INFO]: [ROL] Solicitud de listado de roles
[2025-07-01 11:15:48] [INFO]: [ROL] Solicitud de listado de roles
[2025-07-01 11:16:58] [INFO]: DEBUG - Correo recibido: isma@gmail.com
[2025-07-01 11:16:58] [INFO]: DEBUG - Hash para búsqueda: 96ab28e8a64c85023ffffdeddeb13b7993e509fcf0e8c55ef3be066db55019f2
[2025-07-01 11:16:58] [INFO]: DEBUG - Usuario encontrado: 1
[2025-07-01 11:16:58] [INFO]: DEBUG - Password match: true
[2025-07-01 11:17:03] [INFO]: [ROL] Solicitud de listado de roles
[2025-07-01 11:17:08] [INFO]: [ROL] Intento de registro: usuario_id=1, nombre=d
[2025-07-01 11:17:09] [INFO]: [ROL] Registro exitoso: id=3, usuario_id=1
[2025-07-01 11:17:16] [INFO]: [ROL] Actualización de rol: id=1
[2025-07-01 11:17:16] [INFO]: [ROL] Actualización de rol: id=1
[2025-07-01 11:17:17] [INFO]: [ROL] Rol actualizado correctamente: id=1
[2025-07-01 11:17:17] [INFO]: [ROL] Rol actualizado correctamente: id=1
[2025-07-01 11:17:17] [INFO]: [ROL] Solicitud de rol por ID: 1
[2025-07-01 11:18:17] [INFO]: [ROL] Solicitud de listado de roles
[2025-07-01 11:18:17] [INFO]: [USUARIO] Solicitud de usuario por ID: me
[2025-07-01 11:18:17] [WARN]: [USUARIO] Usuario no encontrado: id=me
[2025-07-01 11:18:28] [INFO]: [ROL] Solicitud de listado de roles
[2025-07-01 11:18:28] [INFO]: [USUARIO] Solicitud de usuario por ID: me
[2025-07-01 11:18:28] [WARN]: [USUARIO] Usuario no encontrado: id=me
[2025-07-01 11:18:43] [INFO]: [ROL] Solicitud de listado de roles
[2025-07-01 11:18:43] [INFO]: [USUARIO] Solicitud de usuario por ID: me
[2025-07-01 11:18:43] [WARN]: [USUARIO] Usuario no encontrado: id=me
[2025-07-01 11:18:48] [INFO]: [ROL] Eliminación de rol: id=3
[2025-07-01 11:18:48] [INFO]: [ROL] Rol marcado como eliminado: id=3
[2025-07-01 11:18:55] [INFO]: [ROL] Actualización de rol: id=1
[2025-07-01 11:18:55] [INFO]: [ROL] Rol actualizado correctamente: id=1
[2025-07-01 11:18:55] [INFO]: [ROL] Actualización de rol: id=1
[2025-07-01 11:18:55] [INFO]: [ROL] Solicitud de rol por ID: 1
[2025-07-01 11:18:55] [INFO]: [ROL] Rol actualizado correctamente: id=1
[2025-07-01 11:20:35] [INFO]: [USUARIO] Solicitud de usuario por ID: 1
[2025-07-01 11:20:37] [INFO]: [ROL] Solicitud de listado de roles
[2025-07-01 11:20:37] [INFO]: [USUARIO] Solicitud de usuario por ID: me
[2025-07-01 11:20:37] [WARN]: [USUARIO] Usuario no encontrado: id=me
[2025-07-01 11:21:45] [INFO]: [ROL] Solicitud de listado de roles
[2025-07-01 11:21:45] [INFO]: [USUARIO] Solicitud de usuario por ID: me
[2025-07-01 11:21:45] [WARN]: [USUARIO] Usuario no encontrado: id=me
[2025-07-01 11:21:58] [INFO]: [ROL] Solicitud de listado de roles
[2025-07-01 11:21:58] [INFO]: [USUARIO] Solicitud de usuario por ID: me
[2025-07-01 11:21:58] [WARN]: [USUARIO] Usuario no encontrado: id=me
[2025-07-01 11:22:11] [INFO]: [ROL] Intento de registro: usuario_id=undefined, nombre=Servidor
[2025-07-01 11:22:11] [WARN]: [ROL] Registro fallido: usuario no existe (usuario_id=undefined)
[2025-07-01 11:22:18] [INFO]: [ROL] Solicitud de listado de roles
[2025-07-01 11:22:18] [INFO]: [USUARIO] Solicitud de usuario por ID: me
[2025-07-01 11:22:18] [WARN]: [USUARIO] Usuario no encontrado: id=me
[2025-07-01 11:22:26] [INFO]: [ROL] Solicitud de listado de roles
[2025-07-01 11:22:26] [INFO]: [USUARIO] Solicitud de usuario por ID: me
[2025-07-01 11:22:27] [WARN]: [USUARIO] Usuario no encontrado: id=me
[2025-07-01 11:22:33] [INFO]: [USUARIO] Solicitud de usuario por ID: 1
[2025-07-01 11:22:38] [INFO]: [ROL] Solicitud de listado de roles
[2025-07-01 11:22:38] [INFO]: [USUARIO] Solicitud de usuario por ID: me
[2025-07-01 11:22:38] [WARN]: [USUARIO] Usuario no encontrado: id=me
[2025-07-01 11:24:29] [INFO]: [ROL] Solicitud de listado de roles
[2025-07-01 11:24:29] [INFO]: [USUARIO] Solicitud de usuario por ID: 1
[2025-07-01 11:24:42] [INFO]: [ROL] Solicitud de listado de roles
[2025-07-01 11:24:42] [INFO]: [USUARIO] Solicitud de usuario por ID: 1
[2025-07-01 11:24:49] [INFO]: [ROL] Intento de registro: usuario_id=1, nombre=Servidor
[2025-07-01 11:24:49] [INFO]: [ROL] Registro exitoso: id=4, usuario_id=1
[2025-07-01 11:25:54] [INFO]: [ROL] Actualización de rol: id=2
[2025-07-01 11:25:54] [INFO]: [ROL] Actualización de rol: id=2
[2025-07-01 11:25:54] [INFO]: [ROL] Rol actualizado correctamente: id=2
[2025-07-01 11:25:54] [INFO]: [ROL] Rol actualizado correctamente: id=2
[2025-07-01 11:25:54] [INFO]: [ROL] Solicitud de rol por ID: 2
[2025-07-01 11:25:57] [INFO]: [ROL] Solicitud de listado de roles
[2025-07-01 11:25:57] [INFO]: [USUARIO] Solicitud de usuario por ID: 1
[2025-07-01 11:26:06] [INFO]: [ROL] Actualización de rol: id=2
[2025-07-01 11:26:06] [INFO]: [ROL] Rol actualizado correctamente: id=2
[2025-07-01 11:26:06] [INFO]: [ROL] Actualización de rol: id=2
[2025-07-01 11:26:06] [INFO]: [ROL] Solicitud de rol por ID: 2
[2025-07-01 11:26:06] [INFO]: [ROL] Rol actualizado correctamente: id=2
[2025-07-01 11:26:09] [INFO]: [ROL] Solicitud de listado de roles
[2025-07-01 11:26:09] [INFO]: [USUARIO] Solicitud de usuario por ID: 1
[2025-07-01 11:26:14] [INFO]: [ROL] Actualización de rol: id=2
[2025-07-01 11:26:14] [INFO]: [ROL] Rol actualizado correctamente: id=2
[2025-07-01 11:26:14] [INFO]: [ROL] Actualización de rol: id=2
[2025-07-01 11:26:14] [INFO]: [ROL] Solicitud de rol por ID: 2
[2025-07-01 11:26:15] [INFO]: [ROL] Rol actualizado correctamente: id=2
[2025-07-01 11:26:17] [INFO]: [ROL] Solicitud de listado de roles
[2025-07-01 11:26:17] [INFO]: [USUARIO] Solicitud de usuario por ID: 1
[2025-07-01 11:26:18] [INFO]: [ROL] Solicitud de listado de roles
[2025-07-01 11:26:18] [INFO]: [USUARIO] Solicitud de usuario por ID: 1
[2025-07-01 11:26:27] [INFO]: [ROL] Solicitud de listado de roles
[2025-07-01 11:26:27] [INFO]: [USUARIO] Solicitud de usuario por ID: 1
[2025-07-01 11:26:36] [INFO]: [ROL] Actualización de rol: id=2
[2025-07-01 11:26:36] [INFO]: [ROL] Rol actualizado correctamente: id=2
[2025-07-01 11:26:37] [INFO]: [ROL] Actualización de rol: id=2
[2025-07-01 11:26:37] [INFO]: [ROL] Solicitud de rol por ID: 2
[2025-07-01 11:26:37] [INFO]: [ROL] Rol actualizado correctamente: id=2
[2025-07-01 11:26:47] [INFO]: [ROL] Actualización de rol: id=2
[2025-07-01 11:26:47] [INFO]: [ROL] Rol actualizado correctamente: id=2
[2025-07-01 11:26:47] [INFO]: [ROL] Actualización de rol: id=2
[2025-07-01 11:26:47] [INFO]: [ROL] Solicitud de rol por ID: 2
[2025-07-01 11:26:48] [INFO]: [ROL] Rol actualizado correctamente: id=2
[2025-07-01 11:26:53] [INFO]: [ROL] Actualización de rol: id=1
[2025-07-01 11:26:54] [INFO]: [ROL] Rol actualizado correctamente: id=1
[2025-07-01 11:26:54] [INFO]: [ROL] Actualización de rol: id=1
[2025-07-01 11:26:54] [INFO]: [ROL] Solicitud de rol por ID: 1
[2025-07-01 11:26:54] [INFO]: [ROL] Rol actualizado correctamente: id=1
[2025-07-01 11:27:00] [INFO]: [ROL] Actualización de rol: id=1
[2025-07-01 11:27:00] [INFO]: [ROL] Rol actualizado correctamente: id=1
[2025-07-01 11:27:00] [INFO]: [ROL] Actualización de rol: id=1
[2025-07-01 11:27:00] [INFO]: [ROL] Solicitud de rol por ID: 1
[2025-07-01 11:27:00] [INFO]: [ROL] Rol actualizado correctamente: id=1
[2025-07-01 11:28:26] [INFO]: [USUARIOS_NUMEROS] Solicitud de listado de usuarios_numeros
[2025-07-01 11:28:27] [INFO]: [ROL] Solicitud de listado de roles
[2025-07-01 11:28:27] [INFO]: [USUARIO] Solicitud de usuario por ID: 1
[2025-07-01 11:28:31] [INFO]: [ROL] Eliminación de rol: id=2
[2025-07-01 11:28:31] [INFO]: [ROL] Rol marcado como eliminado: id=2
[2025-07-01 11:28:50] [INFO]: [ROL] Solicitud de listado de roles
[2025-07-01 11:28:50] [INFO]: [USUARIO] Solicitud de usuario por ID: 1
[2025-07-01 11:29:44] [INFO]: [ROL] Solicitud de listado de roles
[2025-07-01 11:29:44] [INFO]: [USUARIO] Solicitud de usuario por ID: 1
[2025-07-01 11:29:52] [INFO]: [ROL] Solicitud de listado de roles
[2025-07-01 11:29:52] [INFO]: [USUARIO] Solicitud de usuario por ID: 1
[2025-07-01 11:30:00] [INFO]: [ROL] Eliminación de rol: id=4
[2025-07-01 11:30:00] [INFO]: [ROL] Rol marcado como eliminado: id=4
[2025-07-01 11:30:51] [INFO]: [ROL] Solicitud de listado de roles
[2025-07-01 11:30:51] [INFO]: [USUARIO] Solicitud de usuario por ID: 1
[2025-07-01 11:31:38] [INFO]: [ROL] Actualización de rol: id=2
[2025-07-01 11:31:38] [INFO]: [ROL] Actualización de rol: id=2
[2025-07-01 11:31:38] [INFO]: [ROL] Rol actualizado correctamente: id=2
[2025-07-01 11:31:38] [INFO]: [ROL] Rol actualizado correctamente: id=2
[2025-07-01 11:31:38] [INFO]: [ROL] Solicitud de rol por ID: 2
[2025-07-01 11:32:07] [INFO]: [ROL] Solicitud de listado de roles
[2025-07-01 11:32:07] [INFO]: [USUARIO] Solicitud de usuario por ID: 1
[2025-07-01 11:32:13] [INFO]: [USUARIO] Solicitud de usuario por ID: 1
[2025-07-01 11:32:13] [INFO]: [ROL] Solicitud de listado de roles
[2025-07-01 11:32:19] [INFO]: [ROL] Solicitud de listado de roles
[2025-07-01 11:32:19] [INFO]: [USUARIO] Solicitud de usuario por ID: 1
[2025-07-01 11:32:40] [INFO]: [CLIENTE] Solicitud de listado de clientes
[2025-07-01 11:32:42] [INFO]: [ROL] Solicitud de listado de roles
[2025-07-01 11:32:42] [INFO]: [USUARIO] Solicitud de usuario por ID: 1
[2025-07-01 11:32:53] [INFO]: [ROL] Actualización de rol: id=2
[2025-07-01 11:32:53] [INFO]: [ROL] Rol actualizado correctamente: id=2
[2025-07-01 11:32:53] [INFO]: [ROL] Actualización de rol: id=2
[2025-07-01 11:32:53] [INFO]: [ROL] Solicitud de rol por ID: 2
[2025-07-01 11:32:53] [INFO]: [ROL] Rol actualizado correctamente: id=2
[2025-07-01 11:32:58] [INFO]: [ROL] Eliminación de rol: id=2
[2025-07-01 11:32:58] [INFO]: [ROL] Rol marcado como eliminado: id=2
[2025-07-01 11:33:06] [INFO]: [ROL] Solicitud de listado de roles
[2025-07-01 11:33:06] [INFO]: [USUARIO] Solicitud de usuario por ID: 1
[2025-07-01 11:33:28] [INFO]: [ROL] Solicitud de listado de roles
[2025-07-01 11:33:28] [INFO]: [USUARIO] Solicitud de usuario por ID: 1
[2025-07-01 11:34:10] [INFO]: [USUARIOS_NUMEROS] Solicitud de listado de usuarios_numeros
[2025-07-01 11:34:14] [INFO]: [USUARIOS_NUMEROS] Actualización de usuario_numero: id=1
[2025-07-01 11:34:14] [INFO]: [USUARIOS_NUMEROS] Usuario_numero actualizado correctamente: id=1
[2025-07-01 11:34:17] [INFO]: [ROL] Solicitud de listado de roles
[2025-07-01 11:34:17] [INFO]: [USUARIO] Solicitud de usuario por ID: 1
[2025-07-01 11:36:14] [INFO]: [ROL] Intento de registro: usuario_id=1, nombre=Monitoreo
[2025-07-01 11:36:14] [INFO]: [ROL] Registro exitoso: id=5, usuario_id=1
[2025-07-01 11:36:22] [INFO]: [ROL] Solicitud de listado de roles
[2025-07-01 11:36:22] [INFO]: [USUARIO] Solicitud de usuario por ID: 1
[2025-07-01 11:36:39] [INFO]: [ROL] Eliminación de rol: id=5
[2025-07-01 11:36:39] [INFO]: [ROL] Rol marcado como eliminado: id=5
[2025-07-01 11:36:46] [INFO]: [USUARIOS_NUMEROS] Solicitud de listado de usuarios_numeros
[2025-07-01 11:39:49] [INFO]: [USUARIO] Solicitud de usuario por ID: 1
[2025-07-01 11:39:49] [INFO]: [USUARIOS_NUMEROS] Solicitud de listado de usuarios_numeros
[2025-07-01 11:40:11] [INFO]: [USUARIO] Solicitud de usuario por ID: 1
[2025-07-01 11:40:11] [INFO]: [USUARIOS_NUMEROS] Solicitud de listado de usuarios_numeros
[2025-07-01 11:40:25] [INFO]: [USUARIOS_NUMEROS] Intento de registro: nombre=Lina Quilca, numero=0968004859, usuario_id=1
[2025-07-01 11:40:25] [INFO]: [USUARIOS_NUMEROS] Registro exitoso: id=4, usuario_id=1
[2025-07-01 11:41:20] [INFO]: [USUARIOS_NUMEROS] Actualización de usuario_numero: id=4
[2025-07-01 11:41:20] [INFO]: [USUARIOS_NUMEROS] Usuario_numero actualizado correctamente: id=4
[2025-07-01 11:41:29] [INFO]: [ROL] Solicitud de listado de roles
[2025-07-01 11:41:29] [INFO]: [USUARIO] Solicitud de usuario por ID: 1
[2025-07-01 11:41:30] [INFO]: [ROL] Solicitud de listado de roles
[2025-07-01 11:41:30] [INFO]: [USUARIO] Solicitud de usuario por ID: 1
[2025-07-01 11:41:31] [INFO]: [USUARIOS_NUMEROS] Solicitud de listado de usuarios_numeros
[2025-07-01 11:41:31] [INFO]: [USUARIO] Solicitud de usuario por ID: 1
[2025-07-01 11:41:48] [INFO]: [USUARIO] Solicitud de listado de usuarios
[2025-07-01 11:41:53] [INFO]: [USUARIOS_NUMEROS] Solicitud de listado de usuarios_numeros
[2025-07-01 11:41:53] [INFO]: [USUARIO] Solicitud de usuario por ID: 1
[2025-07-01 11:43:04] [INFO]: [USUARIO] Solicitud de listado de usuarios
[2025-07-01 11:46:01] [INFO]: [USUARIO] Solicitud de usuario por ID: 1
[2025-07-01 11:46:01] [INFO]: [USUARIOS_NUMEROS] Solicitud de listado de usuarios_numeros
[2025-07-01 11:46:08] [INFO]: [USUARIO] Solicitud de usuario por ID: 1
[2025-07-01 11:46:08] [INFO]: [USUARIOS_NUMEROS] Solicitud de listado de usuarios_numeros
[2025-07-01 11:46:28] [INFO]: [USUARIO] Solicitud de listado de usuarios
[2025-07-01 11:46:31] [INFO]: [USUARIO] Solicitud de usuario por ID: 1
[2025-07-01 11:46:31] [INFO]: [USUARIOS_NUMEROS] Solicitud de listado de usuarios_numeros
[2025-07-01 11:46:43] [INFO]: [ROL] Solicitud de listado de roles
[2025-07-01 11:46:43] [INFO]: [USUARIO] Solicitud de usuario por ID: 1
[2025-07-01 11:46:46] [INFO]: [USUARIO] Solicitud de usuario por ID: 1
[2025-07-01 11:46:46] [INFO]: [USUARIOS_NUMEROS] Solicitud de listado de usuarios_numeros
[2025-07-01 11:48:18] [INFO]: [USUARIO] Solicitud de usuario por ID: 1
[2025-07-01 11:48:18] [INFO]: [USUARIOS_NUMEROS] Solicitud de listado de usuarios_numeros
[2025-07-01 11:49:11] [INFO]: [ROL] Solicitud de listado de roles
[2025-07-01 11:49:11] [INFO]: [USUARIO] Solicitud de usuario por ID: 1
[2025-07-01 11:51:24] [INFO]: [USUARIOS_NUMEROS] Solicitud de listado de usuarios_numeros
[2025-07-01 11:51:24] [INFO]: [USUARIO] Solicitud de usuario por ID: 1
[2025-07-01 11:51:31] [INFO]: [USUARIO] Solicitud de listado de usuarios
[2025-07-01 11:51:33] [INFO]: [USUARIOS_NUMEROS] Solicitud de listado de usuarios_numeros
[2025-07-01 11:51:33] [INFO]: [USUARIO] Solicitud de usuario por ID: 1
[2025-07-01 11:51:47] [INFO]: [USUARIO] Solicitud de usuario por ID: 1
[2025-07-01 11:51:47] [INFO]: [USUARIOS_NUMEROS] Solicitud de listado de usuarios_numeros
[2025-07-01 11:52:40] [INFO]: [USUARIO] Solicitud de usuario por ID: 1
[2025-07-01 11:52:40] [INFO]: [USUARIOS_NUMEROS] Solicitud de listado de usuarios_numeros
[2025-07-01 11:53:17] [INFO]: [USUARIO] Solicitud de listado de usuarios
[2025-07-01 11:53:21] [INFO]: [USUARIOS_NUMEROS] Solicitud de listado de usuarios_numeros
[2025-07-01 11:53:21] [INFO]: [USUARIO] Solicitud de usuario por ID: 1
[2025-07-01 11:53:23] [INFO]: [ROL] Solicitud de listado de roles
[2025-07-01 11:53:23] [INFO]: [USUARIO] Solicitud de usuario por ID: 1
[2025-07-01 11:53:25] [INFO]: [CLIENTE] Solicitud de listado de clientes
[2025-07-01 11:54:00] [INFO]: [USUARIO] Solicitud de usuario por ID: 1
[2025-07-01 11:54:00] [INFO]: [USUARIOS_NUMEROS] Solicitud de listado de usuarios_numeros
[2025-07-01 11:54:11] [INFO]: [ROL] Solicitud de listado de roles
[2025-07-01 11:54:11] [INFO]: [USUARIO] Solicitud de usuario por ID: 1
[2025-07-01 11:54:19] [INFO]: [CLIENTE] Solicitud de listado de clientes
[2025-07-01 11:55:00] [INFO]: [CLIENTE] Solicitud de listado de clientes
[2025-07-01 11:55:42] [INFO]: [USUARIO] Solicitud de usuario por ID: 1
[2025-07-01 11:55:59] [INFO]: [USUARIO] Solicitud de usuario por ID: 1
[2025-07-01 11:56:02] [INFO]: [USUARIO] Solicitud de listado de usuarios
[2025-07-01 11:56:03] [INFO]: [USUARIO] Solicitud de usuario por ID: 1
[2025-07-01 11:56:03] [INFO]: [USUARIOS_NUMEROS] Solicitud de listado de usuarios_numeros
[2025-07-01 11:56:05] [INFO]: [USUARIO] Solicitud de listado de usuarios
[2025-07-01 12:02:03] [INFO]: [USUARIO] Solicitud de listado de usuarios
[2025-07-01 12:02:08] [INFO]: [ROL] Solicitud de listado de roles
[2025-07-01 12:02:08] [INFO]: [USUARIO] Solicitud de usuario por ID: 1
[2025-07-01 12:02:12] [INFO]: [USUARIO] Solicitud de usuario por ID: 1
[2025-07-01 12:02:12] [INFO]: [USUARIOS_NUMEROS] Solicitud de listado de usuarios_numeros
[2025-07-01 12:02:33] [INFO]: [USUARIO] Solicitud de usuario por ID: 1
[2025-07-01 12:02:34] [INFO]: [USUARIO] Solicitud de listado de usuarios
[2025-07-01 12:09:13] [INFO]: [ROL] Solicitud de listado de roles
[2025-07-01 12:09:13] [INFO]: [USUARIO] Solicitud de usuario por ID: 1
[2025-07-01 12:09:48] [INFO]: [USUARIO] Solicitud de listado de usuarios
[2025-07-01 12:09:50] [INFO]: [USUARIO] Solicitud de usuario por ID: 1
[2025-07-01 12:09:50] [INFO]: [USUARIOS_NUMEROS] Solicitud de listado de usuarios_numeros
[2025-07-01 12:09:58] [INFO]: [USUARIO] Solicitud de usuario por ID: 1
[2025-07-01 12:09:58] [INFO]: [USUARIOS_NUMEROS] Solicitud de listado de usuarios_numeros
[2025-07-01 12:10:02] [INFO]: [USUARIO] Solicitud de listado de usuarios
[2025-07-01 12:10:04] [INFO]: [USUARIO] Solicitud de listado de usuarios
[2025-07-01 12:10:09] [INFO]: [USUARIO] Actualización de usuario: id=3
[2025-07-01 12:10:09] [INFO]: [USUARIO] Usuario actualizado correctamente: id=3
[2025-07-01 12:10:19] [INFO]: [USUARIO] Solicitud de usuario por ID: 1
[2025-07-01 12:10:19] [INFO]: [USUARIOS_NUMEROS] Solicitud de listado de usuarios_numeros
[2025-07-01 12:10:28] [INFO]: [ROL] Solicitud de listado de roles
[2025-07-01 12:10:28] [INFO]: [USUARIO] Solicitud de usuario por ID: 1
[2025-07-01 12:10:33] [INFO]: [CLIENTE] Solicitud de listado de clientes
[2025-07-01 12:43:13] [INFO]: [USUARIO] Solicitud de usuario por ID: 1
[2025-07-01 12:43:22] [INFO]: [USUARIO] Solicitud de listado de usuarios
[2025-07-01 12:43:26] [INFO]: [USUARIO] Actualización de usuario: id=3
[2025-07-01 12:43:26] [INFO]: [USUARIO] Usuario actualizado correctamente: id=3
[2025-07-01 12:43:30] [INFO]: [USUARIO] Solicitud de listado de usuarios
[2025-07-01 12:44:13] [INFO]: [CLIENTE] Intento de login: correo=lenin@gmail.com
[2025-07-01 12:44:13] [INFO]: [CLIENTE] Hash para búsqueda: 317d9b4b4ba87dae99d44ea18f6ab581310b2a21dbe437d0a2ca5cc77de4d5bc
[2025-07-01 12:44:13] [INFO]: [CLIENTE] Usuario encontrado: 1
[2025-07-01 12:44:13] [INFO]: [CLIENTE] Password match: true
[2025-07-01 12:50:15] [INFO]: [CLIENTE] Solicitud de listado de clientes
[2025-07-01 14:35:27] [INFO]: [CLIENTE] Solicitud de listado de clientes
[2025-07-01 15:49:06] [INFO]: DEBUG - Correo recibido: isma@gmail.com
[2025-07-01 15:49:06] [INFO]: DEBUG - Hash para búsqueda: 96ab28e8a64c85023ffffdeddeb13b7993e509fcf0e8c55ef3be066db55019f2
[2025-07-01 15:49:06] [INFO]: DEBUG - Usuario encontrado: 1
[2025-07-01 15:49:06] [INFO]: DEBUG - Password match: false
[2025-07-01 15:49:06] [INFO]: DEBUG - Correo recibido: isma@gmail.com
[2025-07-01 15:49:06] [INFO]: DEBUG - Hash para búsqueda: 96ab28e8a64c85023ffffdeddeb13b7993e509fcf0e8c55ef3be066db55019f2
[2025-07-01 15:49:06] [INFO]: DEBUG - Usuario encontrado: 1
[2025-07-01 15:49:06] [INFO]: DEBUG - Password match: false
[2025-07-01 15:49:11] [INFO]: DEBUG - Correo recibido: isma@gmail.com
[2025-07-01 15:49:11] [INFO]: DEBUG - Hash para búsqueda: 96ab28e8a64c85023ffffdeddeb13b7993e509fcf0e8c55ef3be066db55019f2
[2025-07-01 15:49:11] [INFO]: DEBUG - Usuario encontrado: 1
[2025-07-01 15:49:11] [INFO]: DEBUG - Password match: true
[2025-07-01 15:49:22] [INFO]: DEBUG - Correo recibido: isma@gmail.com
[2025-07-01 15:49:22] [INFO]: DEBUG - Hash para búsqueda: 96ab28e8a64c85023ffffdeddeb13b7993e509fcf0e8c55ef3be066db55019f2
[2025-07-01 15:49:22] [INFO]: DEBUG - Usuario encontrado: 1
[2025-07-01 15:49:22] [INFO]: DEBUG - Password match: true
[2025-07-01 16:00:12] [INFO]: [CLIENTE] Intento de login: correo=lenin@gmail.com
[2025-07-01 16:00:12] [INFO]: [CLIENTE] Hash para búsqueda: 317d9b4b4ba87dae99d44ea18f6ab581310b2a21dbe437d0a2ca5cc77de4d5bc
[2025-07-01 16:00:12] [INFO]: [CLIENTE] Usuario encontrado: 1
[2025-07-01 16:00:12] [INFO]: [CLIENTE] Password match: true
[2025-07-01 16:02:06] [INFO]: [CLIENTE] Intento de login: correo=lenin@gmail.com
[2025-07-01 16:02:06] [INFO]: [CLIENTE] Hash para búsqueda: 317d9b4b4ba87dae99d44ea18f6ab581310b2a21dbe437d0a2ca5cc77de4d5bc
[2025-07-01 16:02:06] [INFO]: [CLIENTE] Usuario encontrado: 1
[2025-07-01 16:02:06] [INFO]: [CLIENTE] Password match: true
[2025-07-01 16:02:53] [INFO]: [CLIENTE] Intento de login: correo=lenin@gmail.com
[2025-07-01 16:02:53] [INFO]: [CLIENTE] Hash para búsqueda: 317d9b4b4ba87dae99d44ea18f6ab581310b2a21dbe437d0a2ca5cc77de4d5bc
[2025-07-01 16:02:53] [INFO]: [CLIENTE] Usuario encontrado: 1
[2025-07-01 16:02:54] [INFO]: [CLIENTE] Password match: true
[2025-07-01 16:07:11] [INFO]: DEBUG - Correo recibido: siusi@gmail.com
[2025-07-01 16:07:11] [INFO]: DEBUG - Hash para búsqueda: 99ee2f73d3ec910bd31cb526d5fee4ad7c11d9c0f6787dc574fbccf85e01a48f
[2025-07-01 16:07:11] [INFO]: DEBUG - Usuario NO encontrado con ese hash
[2025-07-01 16:07:20] [INFO]: DEBUG - Correo recibido: isma@gmail.com
[2025-07-01 16:07:20] [INFO]: DEBUG - Hash para búsqueda: 96ab28e8a64c85023ffffdeddeb13b7993e509fcf0e8c55ef3be066db55019f2
[2025-07-01 16:07:20] [INFO]: DEBUG - Usuario encontrado: 1
[2025-07-01 16:07:20] [INFO]: DEBUG - Password match: true
[2025-07-01 16:07:31] [INFO]: DEBUG - Correo recibido: isma@gmail.com
[2025-07-01 16:07:31] [INFO]: DEBUG - Hash para búsqueda: 96ab28e8a64c85023ffffdeddeb13b7993e509fcf0e8c55ef3be066db55019f2
[2025-07-01 16:07:31] [INFO]: DEBUG - Usuario encontrado: 1
[2025-07-01 16:07:31] [INFO]: DEBUG - Password match: true
[2025-07-01 16:07:37] [INFO]: [USUARIO] Solicitud de listado de usuarios
[2025-07-01 16:31:22] [INFO]: [CLIENTE] Intento de login: correo=lenin@gmail.com
[2025-07-01 16:31:22] [INFO]: [CLIENTE] Hash para búsqueda: 317d9b4b4ba87dae99d44ea18f6ab581310b2a21dbe437d0a2ca5cc77de4d5bc
[2025-07-01 16:31:22] [INFO]: [CLIENTE] Usuario encontrado: 1
[2025-07-01 16:31:22] [INFO]: [CLIENTE] Password match: true
[2025-07-01 18:22:26] [INFO]: [USUARIO] Solicitud de usuario por ID: 1
[2025-07-01 18:35:31] [INFO]: [CLIENTE] Intento de login: correo=lenin@gmail.com
[2025-07-01 18:35:31] [INFO]: [CLIENTE] Hash para búsqueda: 317d9b4b4ba87dae99d44ea18f6ab581310b2a21dbe437d0a2ca5cc77de4d5bc
[2025-07-01 18:35:31] [INFO]: [CLIENTE] Usuario encontrado: 1
[2025-07-01 18:35:31] [INFO]: [CLIENTE] Password match: true
[2025-07-01 18:36:59] [INFO]: [CLIENTE] Intento de login: correo=lenin@gmail.com
[2025-07-01 18:36:59] [INFO]: [CLIENTE] Hash para búsqueda: 317d9b4b4ba87dae99d44ea18f6ab581310b2a21dbe437d0a2ca5cc77de4d5bc
[2025-07-01 18:36:59] [INFO]: [CLIENTE] Usuario encontrado: 1
[2025-07-01 18:36:59] [INFO]: [CLIENTE] Password match: true
[2025-07-01 18:58:47] [INFO]: [CLIENTE] Intento de login: correo=lenin@gmail.com
[2025-07-01 18:58:47] [INFO]: [CLIENTE] Hash para búsqueda: 317d9b4b4ba87dae99d44ea18f6ab581310b2a21dbe437d0a2ca5cc77de4d5bc
[2025-07-01 18:58:48] [INFO]: [CLIENTE] Usuario encontrado: 1
[2025-07-01 18:58:48] [INFO]: [CLIENTE] Password match: true
[2025-07-01 19:12:52] [INFO]: [CLIENTE] Intento de login: correo=lenin@gmail.com
[2025-07-01 19:12:52] [INFO]: [CLIENTE] Hash para búsqueda: 317d9b4b4ba87dae99d44ea18f6ab581310b2a21dbe437d0a2ca5cc77de4d5bc
[2025-07-01 19:12:52] [INFO]: [CLIENTE] Usuario encontrado: 1
[2025-07-01 19:12:52] [INFO]: [CLIENTE] Password match: true
[2025-07-01 19:17:37] [INFO]: [CLIENTE] Intento de login: correo=lenin@gmail.com
[2025-07-01 19:17:37] [INFO]: [CLIENTE] Hash para búsqueda: 317d9b4b4ba87dae99d44ea18f6ab581310b2a21dbe437d0a2ca5cc77de4d5bc
[2025-07-01 19:17:37] [INFO]: [CLIENTE] Usuario encontrado: 1
[2025-07-01 19:17:37] [INFO]: [CLIENTE] Password match: true
[2025-07-01 19:22:23] [INFO]: [CLIENTE] Intento de login: correo=lenin@gmail.com
[2025-07-01 19:22:23] [INFO]: [CLIENTE] Hash para búsqueda: 317d9b4b4ba87dae99d44ea18f6ab581310b2a21dbe437d0a2ca5cc77de4d5bc
[2025-07-01 19:22:23] [INFO]: [CLIENTE] Usuario encontrado: 1
[2025-07-01 19:22:24] [INFO]: [CLIENTE] Password match: true
[2025-07-01 19:31:06] [INFO]: [CLIENTE] Intento de login: correo=lenin@gmail.com
[2025-07-01 19:31:06] [INFO]: [CLIENTE] Hash para búsqueda: 317d9b4b4ba87dae99d44ea18f6ab581310b2a21dbe437d0a2ca5cc77de4d5bc
[2025-07-01 19:31:06] [INFO]: [CLIENTE] Usuario encontrado: 1
[2025-07-01 19:31:06] [INFO]: [CLIENTE] Password match: false
[2025-07-01 19:31:06] [WARN]: [CLIENTE] Login fallido: contraseña incorrecta para usuario id=1
[2025-07-01 19:31:08] [INFO]: [CLIENTE] Intento de login: correo=lenin@gmail.com
[2025-07-01 19:31:08] [INFO]: [CLIENTE] Hash para búsqueda: 317d9b4b4ba87dae99d44ea18f6ab581310b2a21dbe437d0a2ca5cc77de4d5bc
[2025-07-01 19:31:08] [INFO]: [CLIENTE] Usuario encontrado: 1
[2025-07-01 19:31:08] [INFO]: [CLIENTE] Password match: true
[2025-07-01 19:33:45] [INFO]: [CLIENTE] Intento de login: correo=lenin@gmail.com
[2025-07-01 19:33:45] [INFO]: [CLIENTE] Hash para búsqueda: 317d9b4b4ba87dae99d44ea18f6ab581310b2a21dbe437d0a2ca5cc77de4d5bc
[2025-07-01 19:33:45] [INFO]: [CLIENTE] Usuario encontrado: 1
[2025-07-01 19:33:45] [INFO]: [CLIENTE] Password match: true
[2025-07-01 19:43:42] [INFO]: [CLIENTE] Intento de login: correo=lenin@gmail.com
[2025-07-01 19:43:42] [INFO]: [CLIENTE] Hash para búsqueda: 317d9b4b4ba87dae99d44ea18f6ab581310b2a21dbe437d0a2ca5cc77de4d5bc
[2025-07-01 19:43:42] [INFO]: [CLIENTE] Usuario encontrado: 1
[2025-07-01 19:43:42] [INFO]: [CLIENTE] Password match: true
[2025-07-01 19:54:50] [INFO]: [USUARIO] Solicitud de listado de usuarios
[2025-07-01 19:54:51] [INFO]: [USUARIO] Solicitud de usuario por ID: 1
[2025-07-01 19:54:51] [INFO]: [USUARIOS_NUMEROS] Solicitud de listado de usuarios_numeros
[2025-07-01 19:54:52] [INFO]: [USUARIO] Solicitud de listado de usuarios
[2025-07-01 19:54:58] [INFO]: [USUARIO] Solicitud de usuario por ID: 1
[2025-07-01 19:54:58] [INFO]: [USUARIOS_NUMEROS] Solicitud de listado de usuarios_numeros
[2025-07-01 19:55:06] [INFO]: [USUARIO] Solicitud de usuario por ID: 1
[2025-07-01 19:55:06] [INFO]: [ROL] Solicitud de listado de roles
[2025-07-01 19:55:11] [INFO]: [CLIENTE] Solicitud de listado de clientes
[2025-07-01 19:56:12] [INFO]: [USUARIO] Solicitud de usuario por ID: 1
[2025-07-01 20:17:59] [INFO]: [CLIENTE] Intento de login: correo=lenin@gmail.com
[2025-07-01 20:17:59] [INFO]: [CLIENTE] Hash para búsqueda: 317d9b4b4ba87dae99d44ea18f6ab581310b2a21dbe437d0a2ca5cc77de4d5bc
[2025-07-01 20:17:59] [INFO]: [CLIENTE] Usuario encontrado: 1
[2025-07-01 20:17:59] [INFO]: [CLIENTE] Password match: true
[2025-07-01 20:48:34] [INFO]: [CLIENTE] Intento de login: correo=lenin@gmail.com
[2025-07-01 20:48:34] [INFO]: [CLIENTE] Hash para búsqueda: 317d9b4b4ba87dae99d44ea18f6ab581310b2a21dbe437d0a2ca5cc77de4d5bc
[2025-07-01 20:48:34] [INFO]: [CLIENTE] Usuario encontrado: 1
[2025-07-01 20:48:34] [INFO]: [CLIENTE] Password match: true
[2025-07-01 20:51:24] [INFO]: [USUARIO] Solicitud de listado de usuarios
[2025-07-01 20:51:25] [INFO]: [USUARIO] Solicitud de usuario por ID: 1
[2025-07-01 20:51:25] [INFO]: [USUARIOS_NUMEROS] Solicitud de listado de usuarios_numeros
[2025-07-01 20:51:26] [INFO]: [USUARIO] Solicitud de listado de usuarios
[2025-07-01 20:51:32] [INFO]: [USUARIO] Solicitud de usuario por ID: 1
[2025-07-01 20:51:32] [INFO]: [USUARIOS_NUMEROS] Solicitud de listado de usuarios_numeros
[2025-07-01 20:51:36] [INFO]: [USUARIO] Solicitud de usuario por ID: 1
[2025-07-01 20:51:36] [INFO]: [ROL] Solicitud de listado de roles
[2025-07-01 20:51:45] [INFO]: [ROL] Actualización de rol: id=2
[2025-07-01 20:51:45] [INFO]: [ROL] Actualización de rol: id=2
[2025-07-01 20:51:46] [INFO]: [ROL] Rol actualizado correctamente: id=2
[2025-07-01 20:51:46] [INFO]: [ROL] Rol actualizado correctamente: id=2
[2025-07-01 20:51:46] [INFO]: [ROL] Solicitud de rol por ID: 2
[2025-07-01 20:51:54] [INFO]: [CLIENTE] Solicitud de listado de clientes
[2025-07-01 21:04:14] [INFO]: [CLIENTE] Intento de login: correo=lenin@gmail.com
[2025-07-01 21:04:14] [INFO]: [CLIENTE] Hash para búsqueda: 317d9b4b4ba87dae99d44ea18f6ab581310b2a21dbe437d0a2ca5cc77de4d5bc
[2025-07-01 21:04:14] [INFO]: [CLIENTE] Usuario encontrado: 1
[2025-07-01 21:04:14] [INFO]: [CLIENTE] Password match: true
[2025-07-01 21:11:32] [INFO]: [CLIENTE] Intento de login: correo=lenin@gmail.com
[2025-07-01 21:11:32] [INFO]: [CLIENTE] Hash para búsqueda: 317d9b4b4ba87dae99d44ea18f6ab581310b2a21dbe437d0a2ca5cc77de4d5bc
[2025-07-01 21:11:32] [INFO]: [CLIENTE] Usuario encontrado: 1
[2025-07-01 21:11:32] [INFO]: [CLIENTE] Password match: true
[2025-07-01 21:43:54] [INFO]: DEBUG - Correo recibido: isma@gmail.com
[2025-07-01 21:43:54] [INFO]: DEBUG - Hash para búsqueda: 96ab28e8a64c85023ffffdeddeb13b7993e509fcf0e8c55ef3be066db55019f2
[2025-07-01 21:43:54] [INFO]: DEBUG - Usuario encontrado: 1
[2025-07-01 21:43:54] [INFO]: DEBUG - Password match: true
[2025-07-01 21:44:07] [INFO]: DEBUG - Correo recibido: isma@gmail.com
[2025-07-01 21:44:07] [INFO]: DEBUG - Hash para búsqueda: 96ab28e8a64c85023ffffdeddeb13b7993e509fcf0e8c55ef3be066db55019f2
[2025-07-01 21:44:07] [INFO]: DEBUG - Usuario encontrado: 1
[2025-07-01 21:44:08] [INFO]: DEBUG - Password match: true
[2025-07-01 21:44:22] [INFO]: [USUARIO] Solicitud de usuario por ID: 1
[2025-07-01 21:44:24] [INFO]: [USUARIO] Solicitud de listado de usuarios
[2025-07-02 09:43:25] [INFO]: El servidor está escuchando en el puerto 9000
[2025-07-02 09:43:25] [INFO]: Conexión exitosa a MongoDB
[2025-07-02 09:43:27] [INFO]: Base de datos conectada
[2025-07-02 09:43:28] [INFO]: Conexión establecida con la base de datos
[2025-07-02 09:43:52] [INFO]: Database synchronized
[2025-07-02 09:45:19] [INFO]: DEBUG - Correo recibido: isma@gmail.com
[2025-07-02 09:45:19] [INFO]: DEBUG - Hash para búsqueda: 96ab28e8a64c85023ffffdeddeb13b7993e509fcf0e8c55ef3be066db55019f2
[2025-07-02 09:45:19] [INFO]: DEBUG - Usuario encontrado: 1
[2025-07-02 09:45:19] [INFO]: DEBUG - Password match: true
[2025-07-02 09:45:29] [INFO]: DEBUG - Correo recibido: isma@gmail.com
[2025-07-02 09:45:29] [INFO]: DEBUG - Hash para búsqueda: 96ab28e8a64c85023ffffdeddeb13b7993e509fcf0e8c55ef3be066db55019f2
[2025-07-02 09:45:29] [INFO]: DEBUG - Usuario encontrado: 1
[2025-07-02 09:45:29] [INFO]: DEBUG - Password match: true
[2025-07-02 09:46:06] [INFO]: DEBUG - Correo recibido: isma@gmail.com
[2025-07-02 09:46:06] [INFO]: DEBUG - Hash para búsqueda: 96ab28e8a64c85023ffffdeddeb13b7993e509fcf0e8c55ef3be066db55019f2
[2025-07-02 09:46:06] [INFO]: DEBUG - Usuario encontrado: 1
[2025-07-02 09:46:07] [INFO]: DEBUG - Password match: true
[2025-07-02 09:46:27] [INFO]: El servidor está escuchando en el puerto 9000
[2025-07-02 09:46:27] [INFO]: Conexión exitosa a MongoDB
[2025-07-02 09:46:27] [INFO]: Base de datos conectada
[2025-07-02 09:46:28] [INFO]: Conexión establecida con la base de datos
[2025-07-02 09:46:44] [INFO]: DEBUG - Correo recibido: isma@gmail.com
[2025-07-02 09:46:44] [INFO]: DEBUG - Hash para búsqueda: 96ab28e8a64c85023ffffdeddeb13b7993e509fcf0e8c55ef3be066db55019f2
[2025-07-02 09:46:44] [INFO]: DEBUG - Usuario encontrado: 1
[2025-07-02 09:46:44] [INFO]: DEBUG - Password match: true
[2025-07-02 09:46:47] [INFO]: Database synchronized
[2025-07-02 09:47:04] [INFO]: [CLIENTE] Solicitud de listado de clientes
[2025-07-02 09:47:06] [INFO]: [USUARIO] Solicitud de usuario por ID: 1
[2025-07-02 10:18:06] [INFO]: [USUARIO] Solicitud de listado de usuarios
[2025-07-02 10:23:22] [INFO]: [USUARIO] Actualización de usuario: id=2
[2025-07-02 10:23:22] [INFO]: [USUARIO] Usuario actualizado correctamente: id=2
[2025-07-02 10:23:25] [INFO]: [USUARIO] Solicitud de usuario por ID: 1
[2025-07-02 10:23:25] [INFO]: [USUARIOS_NUMEROS] Solicitud de listado de usuarios_numeros
[2025-07-02 10:23:35] [INFO]: [USUARIO] Solicitud de usuario por ID: 1
[2025-07-02 10:23:35] [INFO]: [ROL] Solicitud de listado de roles
[2025-07-02 10:23:50] [INFO]: [ROL] Intento de registro: usuario_id=1, nombre=Servidor
[2025-07-02 10:23:51] [INFO]: [ROL] Registro exitoso: id=6, usuario_id=1
[2025-07-02 10:24:01] [INFO]: [CLIENTE] Solicitud de listado de clientes
[2025-07-02 10:24:27] [INFO]: [CLIENTE] Solicitud de listado de clientes
[2025-07-02 10:26:24] [INFO]: [CLIENTE] Solicitud de listado de clientes
[2025-07-02 10:29:05] [INFO]: [USUARIO] Solicitud de usuario por ID: 1
[2025-07-02 10:29:08] [INFO]: [USUARIO] Solicitud de listado de usuarios
[2025-07-02 10:29:15] [INFO]: [USUARIO] Actualización de usuario: id=2
[2025-07-02 10:29:15] [INFO]: [USUARIO] Usuario actualizado correctamente: id=2
[2025-07-02 10:40:34] [INFO]: [CLIENTE] Intento de login: correo=lenin@gmail.com
[2025-07-02 10:40:34] [INFO]: [CLIENTE] Hash para búsqueda: 317d9b4b4ba87dae99d44ea18f6ab581310b2a21dbe437d0a2ca5cc77de4d5bc
[2025-07-02 10:40:34] [INFO]: [CLIENTE] Usuario encontrado: 1
[2025-07-02 10:40:34] [INFO]: [CLIENTE] Password match: true
[2025-07-02 10:43:12] [INFO]: [USUARIO] Solicitud de usuario por ID: 1
[2025-07-02 10:43:12] [INFO]: [USUARIOS_NUMEROS] Solicitud de listado de usuarios_numeros
[2025-07-02 10:43:15] [INFO]: [USUARIO] Solicitud de listado de usuarios
[2025-07-02 10:43:18] [INFO]: [USUARIO] Solicitud de usuario por ID: 1
[2025-07-02 10:43:25] [INFO]: [USUARIO] Solicitud de listado de usuarios
[2025-07-02 10:51:51] [INFO]: [CLIENTE] Solicitud de listado de clientes
[2025-07-02 10:51:58] [INFO]: [USUARIO] Solicitud de usuario por ID: 1
[2025-07-02 10:52:10] [INFO]: [USUARIO] Solicitud de usuario por ID: 1
[2025-07-02 10:52:10] [INFO]: [USUARIOS_NUMEROS] Solicitud de listado de usuarios_numeros
[2025-07-02 10:52:18] [INFO]: [ROL] Solicitud de listado de roles
[2025-07-02 10:52:18] [INFO]: [USUARIO] Solicitud de usuario por ID: 1
[2025-07-02 10:52:22] [INFO]: [CLIENTE] Solicitud de listado de clientes
[2025-07-02 10:52:47] [INFO]: [USUARIO] Solicitud de usuario por ID: 1
[2025-07-02 10:53:42] [INFO]: [ROL] Solicitud de listado de roles
[2025-07-02 10:53:42] [INFO]: [USUARIO] Solicitud de usuario por ID: 1
[2025-07-02 10:55:58] [INFO]: [CLIENTE] Intento de login: correo=lenin@gmail.com
[2025-07-02 10:55:58] [INFO]: [CLIENTE] Hash para búsqueda: 317d9b4b4ba87dae99d44ea18f6ab581310b2a21dbe437d0a2ca5cc77de4d5bc
[2025-07-02 10:55:58] [INFO]: [CLIENTE] Usuario encontrado: 1
[2025-07-02 10:55:58] [INFO]: [CLIENTE] Password match: true
[2025-07-02 11:27:22] [INFO]: [CLIENTE] Intento de login: correo=lenin@gmail.com
[2025-07-02 11:27:22] [INFO]: [CLIENTE] Hash para búsqueda: 317d9b4b4ba87dae99d44ea18f6ab581310b2a21dbe437d0a2ca5cc77de4d5bc
[2025-07-02 11:27:23] [INFO]: [CLIENTE] Usuario encontrado: 1
[2025-07-02 11:27:23] [INFO]: [CLIENTE] Password match: true
[2025-07-02 11:27:42] [INFO]: [CLIENTE] Intento de login: correo=lenin@gmail.com
[2025-07-02 11:27:42] [INFO]: [CLIENTE] Hash para búsqueda: 317d9b4b4ba87dae99d44ea18f6ab581310b2a21dbe437d0a2ca5cc77de4d5bc
[2025-07-02 11:27:42] [INFO]: [CLIENTE] Usuario encontrado: 1
[2025-07-02 11:27:42] [INFO]: [CLIENTE] Password match: true
[2025-07-02 11:40:08] [INFO]: DEBUG - Correo recibido: isma@gmail.com
[2025-07-02 11:40:08] [INFO]: DEBUG - Hash para búsqueda: 96ab28e8a64c85023ffffdeddeb13b7993e509fcf0e8c55ef3be066db55019f2
[2025-07-02 11:40:09] [INFO]: DEBUG - Usuario encontrado: 1
[2025-07-02 11:40:09] [INFO]: DEBUG - Password match: true
[2025-07-02 11:41:59] [INFO]: [CLIENTE] Intento de login: correo=lenin@gmail.com
[2025-07-02 11:41:59] [INFO]: [CLIENTE] Hash para búsqueda: 317d9b4b4ba87dae99d44ea18f6ab581310b2a21dbe437d0a2ca5cc77de4d5bc
[2025-07-02 11:42:00] [INFO]: [CLIENTE] Usuario encontrado: 1
[2025-07-02 11:42:00] [INFO]: [CLIENTE] Password match: true
[2025-07-02 11:55:44] [INFO]: [CLIENTE] Intento de login: correo=lenin@gmail.com
[2025-07-02 11:55:44] [INFO]: [CLIENTE] Hash para búsqueda: 317d9b4b4ba87dae99d44ea18f6ab581310b2a21dbe437d0a2ca5cc77de4d5bc
[2025-07-02 11:55:44] [INFO]: [CLIENTE] Usuario encontrado: 1
[2025-07-02 11:55:44] [INFO]: [CLIENTE] Password match: true
[2025-07-02 11:56:38] [INFO]: [CLIENTE] Intento de login: correo=lenin@gmail.com
[2025-07-02 11:56:38] [INFO]: [CLIENTE] Hash para búsqueda: 317d9b4b4ba87dae99d44ea18f6ab581310b2a21dbe437d0a2ca5cc77de4d5bc
[2025-07-02 11:56:38] [INFO]: [CLIENTE] Usuario encontrado: 1
[2025-07-02 11:56:38] [INFO]: [CLIENTE] Password match: true
[2025-07-02 11:57:13] [INFO]: [CLIENTE] Intento de login: correo=lenin@gmail.com
[2025-07-02 11:57:13] [INFO]: [CLIENTE] Hash para búsqueda: 317d9b4b4ba87dae99d44ea18f6ab581310b2a21dbe437d0a2ca5cc77de4d5bc
[2025-07-02 11:57:13] [INFO]: [CLIENTE] Usuario encontrado: 1
[2025-07-02 11:57:13] [INFO]: [CLIENTE] Password match: true
[2025-07-02 11:57:47] [INFO]: [CLIENTE] Intento de login: correo=lenin@gmail.com
[2025-07-02 11:57:47] [INFO]: [CLIENTE] Hash para búsqueda: 317d9b4b4ba87dae99d44ea18f6ab581310b2a21dbe437d0a2ca5cc77de4d5bc
[2025-07-02 11:57:47] [INFO]: [CLIENTE] Usuario encontrado: 1
[2025-07-02 11:57:47] [INFO]: [CLIENTE] Password match: true
[2025-07-02 11:59:04] [INFO]: [CLIENTE] Intento de login: correo=lenin@gmail.com
[2025-07-02 11:59:04] [INFO]: [CLIENTE] Hash para búsqueda: 317d9b4b4ba87dae99d44ea18f6ab581310b2a21dbe437d0a2ca5cc77de4d5bc
[2025-07-02 11:59:04] [INFO]: [CLIENTE] Usuario encontrado: 1
[2025-07-02 11:59:05] [INFO]: [CLIENTE] Password match: true
[2025-07-02 11:59:27] [INFO]: [CLIENTE] Intento de login: correo=lenin@gmail.com
[2025-07-02 11:59:27] [INFO]: [CLIENTE] Hash para búsqueda: 317d9b4b4ba87dae99d44ea18f6ab581310b2a21dbe437d0a2ca5cc77de4d5bc
[2025-07-02 11:59:27] [INFO]: [CLIENTE] Usuario encontrado: 1
[2025-07-02 11:59:27] [INFO]: [CLIENTE] Password match: true
[2025-07-02 12:03:53] [INFO]: [CLIENTE] Intento de login: correo=lenin@gmail.com
[2025-07-02 12:03:53] [INFO]: [CLIENTE] Hash para búsqueda: 317d9b4b4ba87dae99d44ea18f6ab581310b2a21dbe437d0a2ca5cc77de4d5bc
[2025-07-02 12:03:53] [INFO]: [CLIENTE] Usuario encontrado: 1
[2025-07-02 12:03:53] [INFO]: [CLIENTE] Password match: true
[2025-07-02 12:06:09] [INFO]: [CLIENTE] Intento de login: correo=lenin@gmail.com
[2025-07-02 12:06:09] [INFO]: [CLIENTE] Hash para búsqueda: 317d9b4b4ba87dae99d44ea18f6ab581310b2a21dbe437d0a2ca5cc77de4d5bc
[2025-07-02 12:06:09] [INFO]: [CLIENTE] Usuario encontrado: 1
[2025-07-02 12:06:09] [INFO]: [CLIENTE] Password match: true
[2025-07-02 12:22:34] [INFO]: DEBUG - Correo recibido: isma@gmail.com
[2025-07-02 12:22:34] [INFO]: DEBUG - Hash para búsqueda: 96ab28e8a64c85023ffffdeddeb13b7993e509fcf0e8c55ef3be066db55019f2
[2025-07-02 12:22:34] [INFO]: DEBUG - Usuario encontrado: 1
[2025-07-02 12:22:35] [INFO]: DEBUG - Password match: true
[2025-07-02 12:22:40] [INFO]: [CLIENTE] Solicitud de listado de clientes
[2025-07-02 12:22:47] [INFO]: [CLIENTE] Solicitud de listado de clientes
[2025-07-02 12:23:44] [INFO]: [CLIENTE] Solicitud de listado de clientes
[2025-07-02 12:24:20] [INFO]: [CLIENTE] Intento de login: correo=lenin@gmail.com
[2025-07-02 12:24:20] [INFO]: [CLIENTE] Hash para búsqueda: 317d9b4b4ba87dae99d44ea18f6ab581310b2a21dbe437d0a2ca5cc77de4d5bc
[2025-07-02 12:24:20] [INFO]: [CLIENTE] Usuario encontrado: 1
[2025-07-02 12:24:20] [INFO]: [CLIENTE] Password match: true
[2025-07-02 13:37:07] [INFO]: El servidor está escuchando en el puerto 9000
[2025-07-02 13:37:07] [INFO]: Conexión exitosa a MongoDB
[2025-07-02 13:37:08] [INFO]: Base de datos conectada
[2025-07-02 13:37:08] [INFO]: Conexión establecida con la base de datos
[2025-07-02 13:37:32] [INFO]: Database synchronized
[2025-07-02 13:41:53] [INFO]: El servidor está escuchando en el puerto 9000
[2025-07-02 13:41:54] [INFO]: Conexión exitosa a MongoDB
[2025-07-02 13:41:54] [INFO]: Base de datos conectada
[2025-07-02 13:41:54] [INFO]: Conexión establecida con la base de datos
[2025-07-02 13:42:18] [INFO]: Database synchronized
[2025-07-02 13:48:26] [INFO]: El servidor está escuchando en el puerto 9000
[2025-07-02 13:48:26] [INFO]: Conexión exitosa a MongoDB
[2025-07-02 13:48:26] [INFO]: Base de datos conectada
[2025-07-02 13:48:27] [INFO]: Conexión establecida con la base de datos
[2025-07-02 13:48:49] [INFO]: Database synchronized
[2025-07-02 13:49:37] [INFO]: DEBUG - Correo recibido: isma@gmail.com
[2025-07-02 13:49:37] [INFO]: DEBUG - Hash para búsqueda: 96ab28e8a64c85023ffffdeddeb13b7993e509fcf0e8c55ef3be066db55019f2
[2025-07-02 13:49:37] [INFO]: DEBUG - Usuario encontrado: 1
[2025-07-02 13:49:38] [INFO]: DEBUG - Password match: true
[2025-07-02 13:49:49] [INFO]: DEBUG - Correo recibido: isma@gmail.com
[2025-07-02 13:49:49] [INFO]: DEBUG - Hash para búsqueda: 96ab28e8a64c85023ffffdeddeb13b7993e509fcf0e8c55ef3be066db55019f2
[2025-07-02 13:49:49] [INFO]: DEBUG - Usuario encontrado: 1
[2025-07-02 13:49:49] [INFO]: DEBUG - Password match: true
[2025-07-02 13:56:28] [INFO]: [CLIENTE] Solicitud de listado de clientes
[2025-07-02 13:56:29] [INFO]: [ROL] Solicitud de listado de roles
[2025-07-02 13:56:29] [INFO]: [USUARIO] Solicitud de usuario por ID: 1
[2025-07-02 14:03:46] [INFO]: [USUARIO] Solicitud de listado de usuarios
[2025-07-02 14:03:48] [INFO]: [USUARIO] Solicitud de usuario por ID: 1
[2025-07-02 14:03:48] [INFO]: [USUARIOS_NUMEROS] Solicitud de listado de usuarios_numeros
[2025-07-02 14:03:50] [INFO]: [ROL] Solicitud de listado de roles
[2025-07-02 14:03:50] [INFO]: [USUARIO] Solicitud de usuario por ID: 1
[2025-07-02 14:03:52] [INFO]: [CLIENTE] Solicitud de listado de clientes
[2025-07-02 14:17:30] [INFO]: [USUARIO] Solicitud de usuario por ID: 1
[2025-07-02 14:17:30] [INFO]: [USUARIOS_NUMEROS] Solicitud de listado de usuarios_numeros
[2025-07-02 14:23:02] [INFO]: [USUARIO] Solicitud de listado de usuarios
[2025-07-02 14:23:03] [INFO]: [USUARIOS_NUMEROS] Solicitud de listado de usuarios_numeros
[2025-07-02 14:23:03] [INFO]: [USUARIO] Solicitud de usuario por ID: 1
[2025-07-02 14:23:03] [INFO]: [ROL] Solicitud de listado de roles
[2025-07-02 14:23:03] [INFO]: [USUARIO] Solicitud de usuario por ID: 1
[2025-07-02 14:38:42] [INFO]: [ROL] Solicitud de listado de roles
[2025-07-02 14:38:42] [INFO]: [USUARIO] Solicitud de usuario por ID: 1
[2025-07-02 14:45:43] [INFO]: [CLIENTE] Solicitud de listado de clientes
[2025-07-02 14:46:22] [INFO]: [USUARIO] Solicitud de usuario por ID: 1
[2025-07-02 14:46:22] [INFO]: [USUARIOS_NUMEROS] Solicitud de listado de usuarios_numeros
[2025-07-02 14:46:22] [INFO]: [USUARIO] Solicitud de listado de usuarios
[2025-07-02 15:02:29] [INFO]: [USUARIO] Solicitud de usuario por ID: 1
[2025-07-02 15:02:29] [INFO]: [USUARIOS_NUMEROS] Solicitud de listado de usuarios_numeros
[2025-07-02 15:05:08] [INFO]: [CLIENTE] Solicitud de listado de clientes
[2025-07-02 15:10:19] [INFO]: [USUARIO] Solicitud de usuario por ID: 1
[2025-07-02 15:10:19] [INFO]: [USUARIOS_NUMEROS] Solicitud de listado de usuarios_numeros
[2025-07-02 15:10:21] [INFO]: [CLIENTE] Solicitud de listado de clientes
[2025-07-02 15:10:58] [INFO]: [USUARIO] Solicitud de listado de usuarios
[2025-07-02 15:10:59] [INFO]: [USUARIOS_NUMEROS] Solicitud de listado de usuarios_numeros
[2025-07-02 15:10:59] [INFO]: [USUARIO] Solicitud de usuario por ID: 1
[2025-07-02 15:11:14] [INFO]: [ROL] Solicitud de listado de roles
[2025-07-02 15:11:14] [INFO]: [USUARIO] Solicitud de usuario por ID: 1
[2025-07-02 15:11:15] [INFO]: [CLIENTE] Solicitud de listado de clientes
[2025-07-02 15:11:19] [INFO]: [CLIENTE] Solicitud de listado de clientes
[2025-07-02 15:13:19] [INFO]: [CLIENTE] Solicitud de listado de clientes
[2025-07-02 15:27:39] [INFO]: [CLIENTE] Solicitud de listado de clientes
[2025-07-02 15:29:40] [ERROR]: invalid csrf token
STACK:
ForbiddenError: invalid csrf token
    at csrf (C:\Users\USUARIO\Desktop\sos-semana4\back_sos911\node_modules\csurf\index.js:112:19)
    at Layer.handle [as handle_request] (C:\Users\USUARIO\Desktop\sos-semana4\back_sos911\node_modules\express\lib\router\layer.js:95:5)
    at trim_prefix (C:\Users\USUARIO\Desktop\sos-semana4\back_sos911\node_modules\express\lib\router\index.js:328:13)
    at C:\Users\USUARIO\Desktop\sos-semana4\back_sos911\node_modules\express\lib\router\index.js:286:9
    at Function.process_params (C:\Users\USUARIO\Desktop\sos-semana4\back_sos911\node_modules\express\lib\router\index.js:346:12)
    at next (C:\Users\USUARIO\Desktop\sos-semana4\back_sos911\node_modules\express\lib\router\index.js:280:10)
    at C:\Users\USUARIO\Desktop\sos-semana4\back_sos911\src\app.js:127:5
    at Layer.handle [as handle_request] (C:\Users\USUARIO\Desktop\sos-semana4\back_sos911\node_modules\express\lib\router\layer.js:95:5)
    at trim_prefix (C:\Users\USUARIO\Desktop\sos-semana4\back_sos911\node_modules\express\lib\router\index.js:328:13)
    at C:\Users\USUARIO\Desktop\sos-semana4\back_sos911\node_modules\express\lib\router\index.js:286:9
[2025-07-02 15:29:40] [WARN]: Error de validación CSRF
[2025-07-02 15:30:55] [ERROR]: invalid csrf token
STACK:
ForbiddenError: invalid csrf token
    at csrf (C:\Users\USUARIO\Desktop\sos-semana4\back_sos911\node_modules\csurf\index.js:112:19)
    at Layer.handle [as handle_request] (C:\Users\USUARIO\Desktop\sos-semana4\back_sos911\node_modules\express\lib\router\layer.js:95:5)
    at trim_prefix (C:\Users\USUARIO\Desktop\sos-semana4\back_sos911\node_modules\express\lib\router\index.js:328:13)
    at C:\Users\USUARIO\Desktop\sos-semana4\back_sos911\node_modules\express\lib\router\index.js:286:9
    at Function.process_params (C:\Users\USUARIO\Desktop\sos-semana4\back_sos911\node_modules\express\lib\router\index.js:346:12)
    at next (C:\Users\USUARIO\Desktop\sos-semana4\back_sos911\node_modules\express\lib\router\index.js:280:10)
    at C:\Users\USUARIO\Desktop\sos-semana4\back_sos911\src\app.js:127:5
    at Layer.handle [as handle_request] (C:\Users\USUARIO\Desktop\sos-semana4\back_sos911\node_modules\express\lib\router\layer.js:95:5)
    at trim_prefix (C:\Users\USUARIO\Desktop\sos-semana4\back_sos911\node_modules\express\lib\router\index.js:328:13)
    at C:\Users\USUARIO\Desktop\sos-semana4\back_sos911\node_modules\express\lib\router\index.js:286:9
[2025-07-02 15:30:55] [WARN]: Error de validación CSRF
[2025-07-02 15:31:54] [ERROR]: invalid csrf token
STACK:
ForbiddenError: invalid csrf token
    at csrf (C:\Users\USUARIO\Desktop\sos-semana4\back_sos911\node_modules\csurf\index.js:112:19)
    at Layer.handle [as handle_request] (C:\Users\USUARIO\Desktop\sos-semana4\back_sos911\node_modules\express\lib\router\layer.js:95:5)
    at trim_prefix (C:\Users\USUARIO\Desktop\sos-semana4\back_sos911\node_modules\express\lib\router\index.js:328:13)
    at C:\Users\USUARIO\Desktop\sos-semana4\back_sos911\node_modules\express\lib\router\index.js:286:9
    at Function.process_params (C:\Users\USUARIO\Desktop\sos-semana4\back_sos911\node_modules\express\lib\router\index.js:346:12)
    at next (C:\Users\USUARIO\Desktop\sos-semana4\back_sos911\node_modules\express\lib\router\index.js:280:10)
    at C:\Users\USUARIO\Desktop\sos-semana4\back_sos911\src\app.js:127:5
    at Layer.handle [as handle_request] (C:\Users\USUARIO\Desktop\sos-semana4\back_sos911\node_modules\express\lib\router\layer.js:95:5)
    at trim_prefix (C:\Users\USUARIO\Desktop\sos-semana4\back_sos911\node_modules\express\lib\router\index.js:328:13)
    at C:\Users\USUARIO\Desktop\sos-semana4\back_sos911\node_modules\express\lib\router\index.js:286:9
[2025-07-02 15:31:54] [WARN]: Error de validación CSRF
[2025-07-02 15:31:55] [ERROR]: invalid csrf token
STACK:
ForbiddenError: invalid csrf token
    at csrf (C:\Users\USUARIO\Desktop\sos-semana4\back_sos911\node_modules\csurf\index.js:112:19)
    at Layer.handle [as handle_request] (C:\Users\USUARIO\Desktop\sos-semana4\back_sos911\node_modules\express\lib\router\layer.js:95:5)
    at trim_prefix (C:\Users\USUARIO\Desktop\sos-semana4\back_sos911\node_modules\express\lib\router\index.js:328:13)
    at C:\Users\USUARIO\Desktop\sos-semana4\back_sos911\node_modules\express\lib\router\index.js:286:9
    at Function.process_params (C:\Users\USUARIO\Desktop\sos-semana4\back_sos911\node_modules\express\lib\router\index.js:346:12)
    at next (C:\Users\USUARIO\Desktop\sos-semana4\back_sos911\node_modules\express\lib\router\index.js:280:10)
    at C:\Users\USUARIO\Desktop\sos-semana4\back_sos911\src\app.js:127:5
    at Layer.handle [as handle_request] (C:\Users\USUARIO\Desktop\sos-semana4\back_sos911\node_modules\express\lib\router\layer.js:95:5)
    at trim_prefix (C:\Users\USUARIO\Desktop\sos-semana4\back_sos911\node_modules\express\lib\router\index.js:328:13)
    at C:\Users\USUARIO\Desktop\sos-semana4\back_sos911\node_modules\express\lib\router\index.js:286:9
[2025-07-02 15:31:55] [WARN]: Error de validación CSRF
[2025-07-02 15:36:16] [INFO]: El servidor está escuchando en el puerto 9000
[2025-07-02 15:36:16] [INFO]: Conexión exitosa a MongoDB
[2025-07-02 15:36:16] [INFO]: Base de datos conectada
[2025-07-02 15:36:17] [INFO]: Conexión establecida con la base de datos
[2025-07-02 15:36:40] [INFO]: Database synchronized
[2025-07-02 15:37:30] [ERROR]: Error en el registro del número de cliente: Data too long for column 'numero' at row 1
[2025-07-02 15:41:47] [INFO]: El servidor está escuchando en el puerto 9000
[2025-07-02 15:41:47] [INFO]: Conexión exitosa a MongoDB
[2025-07-02 15:41:47] [INFO]: Base de datos conectada
[2025-07-02 15:41:48] [INFO]: Conexión establecida con la base de datos
[2025-07-02 15:41:57] [ERROR]: Error synchronizing the database: SequelizeDatabaseError: Too many keys specified; max 64 keys allowed
[2025-07-02 15:44:27] [INFO]: El servidor está escuchando en el puerto 9000
[2025-07-02 15:44:27] [INFO]: Conexión exitosa a MongoDB
[2025-07-02 15:44:27] [INFO]: Base de datos conectada
[2025-07-02 15:44:28] [INFO]: Conexión establecida con la base de datos
[2025-07-02 15:44:39] [INFO]: Database synchronized
[2025-07-02 15:44:56] [INFO]: [CLIENTE] Solicitud de listado de clientes
[2025-07-02 15:44:58] [INFO]: [USUARIO] Solicitud de listado de usuarios
[2025-07-02 15:45:00] [INFO]: [USUARIO] Solicitud de usuario por ID: 1
[2025-07-02 15:45:00] [INFO]: [ROL] Solicitud de listado de roles
[2025-07-02 15:45:00] [WARN]: [USUARIO] Usuario no encontrado: id=1
[2025-07-02 15:45:02] [INFO]: [USUARIO] Solicitud de usuario por ID: 1
[2025-07-02 15:45:02] [WARN]: [USUARIO] Usuario no encontrado: id=1
[2025-07-02 15:45:33] [INFO]: [USUARIO] Intento de registro: correo=isma@gmail.com, nombre=Ismael Willian
[2025-07-02 15:45:34] [INFO]: [USUARIO] Registro exitoso: id=1, correo=isma@gmail.com
[2025-07-02 15:45:50] [INFO]: DEBUG - Correo recibido: isma@gmail.com
[2025-07-02 15:45:50] [INFO]: DEBUG - Hash para búsqueda: 96ab28e8a64c85023ffffdeddeb13b7993e509fcf0e8c55ef3be066db55019f2
[2025-07-02 15:45:50] [INFO]: DEBUG - Usuario encontrado: 1
[2025-07-02 15:45:50] [INFO]: DEBUG - Password match: true
[2025-07-02 15:46:02] [INFO]: DEBUG - Correo recibido: isma@gmail.com
[2025-07-02 15:46:02] [INFO]: DEBUG - Hash para búsqueda: 96ab28e8a64c85023ffffdeddeb13b7993e509fcf0e8c55ef3be066db55019f2
[2025-07-02 15:46:02] [INFO]: DEBUG - Usuario encontrado: 1
[2025-07-02 15:46:02] [INFO]: DEBUG - Password match: true
[2025-07-02 15:46:14] [INFO]: DEBUG - Correo recibido: isma@gmail.com
[2025-07-02 15:46:14] [INFO]: DEBUG - Hash para búsqueda: 96ab28e8a64c85023ffffdeddeb13b7993e509fcf0e8c55ef3be066db55019f2
[2025-07-02 15:46:14] [INFO]: DEBUG - Usuario encontrado: 1
[2025-07-02 15:46:14] [INFO]: DEBUG - Password match: true
[2025-07-02 15:46:17] [INFO]: [USUARIO] Solicitud de usuario por ID: 1
[2025-07-02 15:46:19] [INFO]: [USUARIO] Solicitud de listado de usuarios
[2025-07-02 15:46:20] [INFO]: [USUARIO] Solicitud de usuario por ID: 1
[2025-07-02 15:46:20] [INFO]: [USUARIOS_NUMEROS] Solicitud de listado de usuarios_numeros
[2025-07-02 15:46:21] [INFO]: [CLIENTE] Solicitud de listado de clientes
[2025-07-02 15:47:11] [INFO]: [CLIENTE] Intento de registro: correo=lenin@gmail.com, nombre=Lenin Rea
[2025-07-02 15:47:12] [INFO]: [CLIENTE] Registro exitoso: id=1, correo=lenin@gmail.com
[2025-07-02 15:47:18] [INFO]: [CLIENTE] Intento de login: correo=lenin@gmail.com
[2025-07-02 15:47:18] [INFO]: [CLIENTE] Hash para búsqueda: 317d9b4b4ba87dae99d44ea18f6ab581310b2a21dbe437d0a2ca5cc77de4d5bc
[2025-07-02 15:47:19] [INFO]: [CLIENTE] Usuario encontrado: 1
[2025-07-02 15:47:19] [INFO]: [CLIENTE] Password match: true
[2025-07-02 15:47:22] [INFO]: [CLIENTE] Solicitud de listado de clientes
[2025-07-02 15:50:26] [INFO]: El servidor está escuchando en el puerto 9000
[2025-07-02 15:50:26] [INFO]: Conexión exitosa a MongoDB
[2025-07-02 15:50:26] [INFO]: Base de datos conectada
[2025-07-02 15:50:27] [INFO]: Conexión establecida con la base de datos
[2025-07-02 15:50:49] [INFO]: Database synchronized
[2025-07-02 15:56:46] [INFO]: [USUARIO] Solicitud de listado de usuarios
[2025-07-02 15:56:52] [INFO]: [CLIENTE] Solicitud de listado de clientes
[2025-07-02 16:06:27] [INFO]: [USUARIO] Solicitud de listado de usuarios
[2025-07-02 16:06:31] [INFO]: [USUARIOS_NUMEROS] Solicitud de listado de usuarios_numeros
[2025-07-02 16:06:31] [INFO]: [USUARIO] Solicitud de usuario por ID: 1
[2025-07-02 16:06:42] [INFO]: [USUARIOS_NUMEROS] Intento de registro: nombre=Juan, numero=0968004859, usuario_id=1
[2025-07-02 16:06:42] [INFO]: [USUARIOS_NUMEROS] Registro exitoso: id=1, usuario_id=1
[2025-07-02 16:06:45] [INFO]: [USUARIO] Solicitud de usuario por ID: 1
[2025-07-02 16:06:45] [INFO]: [ROL] Solicitud de listado de roles
[2025-07-02 16:06:54] [INFO]: [ROL] Intento de registro: usuario_id=1, nombre=Administrador
[2025-07-02 16:06:54] [INFO]: [ROL] Registro exitoso: id=1, usuario_id=1
[2025-07-02 16:07:01] [INFO]: [ROL] Intento de registro: usuario_id=1, nombre=Cliente
[2025-07-02 16:07:01] [INFO]: [ROL] Registro exitoso: id=2, usuario_id=1
[2025-07-02 16:07:04] [INFO]: [CLIENTE] Solicitud de listado de clientes
[2025-07-02 16:07:07] [INFO]: [CLIENTE] Solicitud de listado de clientes
[2025-07-02 16:10:19] [ERROR]: invalid csrf token
STACK:
ForbiddenError: invalid csrf token
    at csrf (C:\Users\USUARIO\Desktop\sos-semana4\back_sos911\node_modules\csurf\index.js:112:19)
    at Layer.handle [as handle_request] (C:\Users\USUARIO\Desktop\sos-semana4\back_sos911\node_modules\express\lib\router\layer.js:95:5)
    at trim_prefix (C:\Users\USUARIO\Desktop\sos-semana4\back_sos911\node_modules\express\lib\router\index.js:328:13)
    at C:\Users\USUARIO\Desktop\sos-semana4\back_sos911\node_modules\express\lib\router\index.js:286:9
    at Function.process_params (C:\Users\USUARIO\Desktop\sos-semana4\back_sos911\node_modules\express\lib\router\index.js:346:12)
    at next (C:\Users\USUARIO\Desktop\sos-semana4\back_sos911\node_modules\express\lib\router\index.js:280:10)
    at C:\Users\USUARIO\Desktop\sos-semana4\back_sos911\src\app.js:127:5
    at Layer.handle [as handle_request] (C:\Users\USUARIO\Desktop\sos-semana4\back_sos911\node_modules\express\lib\router\layer.js:95:5)
    at trim_prefix (C:\Users\USUARIO\Desktop\sos-semana4\back_sos911\node_modules\express\lib\router\index.js:328:13)
    at C:\Users\USUARIO\Desktop\sos-semana4\back_sos911\node_modules\express\lib\router\index.js:286:9
[2025-07-02 16:10:19] [WARN]: Error de validación CSRF
[2025-07-02 16:10:56] [INFO]: [CLIENTE] Solicitud de listado de clientes
[2025-07-02 16:12:02] [INFO]: [USUARIO] Solicitud de listado de usuarios
[2025-07-02 16:12:06] [INFO]: [USUARIOS_NUMEROS] Solicitud de listado de usuarios_numeros
[2025-07-02 16:12:06] [INFO]: [USUARIO] Solicitud de usuario por ID: 1
[2025-07-02 16:12:08] [INFO]: [CLIENTE] Solicitud de listado de clientes
[2025-07-02 16:12:22] [INFO]: [USUARIO] Solicitud de listado de usuarios
[2025-07-02 16:12:25] [INFO]: [USUARIO] Solicitud de usuario por ID: 1
[2025-07-02 16:12:25] [INFO]: [USUARIOS_NUMEROS] Solicitud de listado de usuarios_numeros
[2025-07-02 16:12:26] [INFO]: [ROL] Solicitud de listado de roles
[2025-07-02 16:12:26] [INFO]: [USUARIO] Solicitud de usuario por ID: 1
[2025-07-02 16:12:26] [INFO]: [CLIENTE] Solicitud de listado de clientes
[2025-07-02 16:13:19] [INFO]: [USUARIO] Solicitud de listado de usuarios
[2025-07-02 16:13:27] [INFO]: [USUARIOS_NUMEROS] Solicitud de listado de usuarios_numeros
[2025-07-02 16:13:27] [INFO]: [USUARIO] Solicitud de usuario por ID: 1
[2025-07-02 16:13:38] [INFO]: [USUARIOS_NUMEROS] Actualización de usuario_numero: id=1
[2025-07-02 16:13:38] [INFO]: [USUARIOS_NUMEROS] Usuario_numero actualizado correctamente: id=1
[2025-07-02 16:13:59] [INFO]: [USUARIO] Solicitud de listado de usuarios
[2025-07-02 16:14:00] [INFO]: [USUARIOS_NUMEROS] Solicitud de listado de usuarios_numeros
[2025-07-02 16:14:00] [INFO]: [USUARIO] Solicitud de usuario por ID: 1
[2025-07-02 16:14:12] [INFO]: [USUARIO] Solicitud de listado de usuarios
[2025-07-02 16:15:49] [INFO]: [CLIENTE] Solicitud de listado de clientes
[2025-07-02 16:16:21] [ERROR]: invalid csrf token
STACK:
ForbiddenError: invalid csrf token
    at csrf (C:\Users\USUARIO\Desktop\sos-semana4\back_sos911\node_modules\csurf\index.js:112:19)
    at Layer.handle [as handle_request] (C:\Users\USUARIO\Desktop\sos-semana4\back_sos911\node_modules\express\lib\router\layer.js:95:5)
    at trim_prefix (C:\Users\USUARIO\Desktop\sos-semana4\back_sos911\node_modules\express\lib\router\index.js:328:13)
    at C:\Users\USUARIO\Desktop\sos-semana4\back_sos911\node_modules\express\lib\router\index.js:286:9
    at Function.process_params (C:\Users\USUARIO\Desktop\sos-semana4\back_sos911\node_modules\express\lib\router\index.js:346:12)
    at next (C:\Users\USUARIO\Desktop\sos-semana4\back_sos911\node_modules\express\lib\router\index.js:280:10)
    at C:\Users\USUARIO\Desktop\sos-semana4\back_sos911\src\app.js:127:5
    at Layer.handle [as handle_request] (C:\Users\USUARIO\Desktop\sos-semana4\back_sos911\node_modules\express\lib\router\layer.js:95:5)
    at trim_prefix (C:\Users\USUARIO\Desktop\sos-semana4\back_sos911\node_modules\express\lib\router\index.js:328:13)
    at C:\Users\USUARIO\Desktop\sos-semana4\back_sos911\node_modules\express\lib\router\index.js:286:9
[2025-07-02 16:16:21] [WARN]: Error de validación CSRF
[2025-07-02 16:19:34] [ERROR]: invalid csrf token
STACK:
ForbiddenError: invalid csrf token
    at csrf (C:\Users\USUARIO\Desktop\sos-semana4\back_sos911\node_modules\csurf\index.js:112:19)
    at Layer.handle [as handle_request] (C:\Users\USUARIO\Desktop\sos-semana4\back_sos911\node_modules\express\lib\router\layer.js:95:5)
    at trim_prefix (C:\Users\USUARIO\Desktop\sos-semana4\back_sos911\node_modules\express\lib\router\index.js:328:13)
    at C:\Users\USUARIO\Desktop\sos-semana4\back_sos911\node_modules\express\lib\router\index.js:286:9
    at Function.process_params (C:\Users\USUARIO\Desktop\sos-semana4\back_sos911\node_modules\express\lib\router\index.js:346:12)
    at next (C:\Users\USUARIO\Desktop\sos-semana4\back_sos911\node_modules\express\lib\router\index.js:280:10)
    at C:\Users\USUARIO\Desktop\sos-semana4\back_sos911\src\app.js:127:5
    at Layer.handle [as handle_request] (C:\Users\USUARIO\Desktop\sos-semana4\back_sos911\node_modules\express\lib\router\layer.js:95:5)
    at trim_prefix (C:\Users\USUARIO\Desktop\sos-semana4\back_sos911\node_modules\express\lib\router\index.js:328:13)
    at C:\Users\USUARIO\Desktop\sos-semana4\back_sos911\node_modules\express\lib\router\index.js:286:9
[2025-07-02 16:19:34] [WARN]: Error de validación CSRF
[2025-07-02 16:20:35] [INFO]: [USUARIO] Solicitud de listado de usuarios
[2025-07-02 16:20:39] [INFO]: [USUARIOS_NUMEROS] Solicitud de listado de usuarios_numeros
[2025-07-02 16:20:39] [INFO]: [USUARIO] Solicitud de usuario por ID: 1
[2025-07-02 16:20:40] [INFO]: [CLIENTE] Solicitud de listado de clientes
[2025-07-02 16:23:15] [INFO]: [USUARIO] Solicitud de listado de usuarios
[2025-07-02 16:24:27] [INFO]: [USUARIOS_NUMEROS] Solicitud de listado de usuarios_numeros
[2025-07-02 16:24:27] [INFO]: [USUARIO] Solicitud de usuario por ID: 1
[2025-07-02 16:24:42] [INFO]: [USUARIOS_NUMEROS] Actualización de usuario_numero: id=1
[2025-07-02 16:24:42] [INFO]: [USUARIOS_NUMEROS] Usuario_numero actualizado correctamente: id=1
[2025-07-02 16:24:56] [INFO]: [USUARIO] Solicitud de listado de usuarios
[2025-07-02 16:26:03] [INFO]: [USUARIO] Solicitud de listado de usuarios
[2025-07-02 16:26:07] [INFO]: [USUARIO] Actualización de usuario: id=1
[2025-07-02 16:26:07] [INFO]: [USUARIO] Usuario actualizado correctamente: id=1
[2025-07-02 16:26:11] [INFO]: [USUARIO] Solicitud de listado de usuarios
[2025-07-02 16:26:14] [INFO]: [USUARIO] Actualización de usuario: id=1
[2025-07-02 16:26:14] [INFO]: [USUARIO] Usuario actualizado correctamente: id=1
[2025-07-02 16:27:48] [INFO]: [USUARIO] Actualización de usuario: id=1
[2025-07-02 16:27:48] [INFO]: [USUARIO] Usuario actualizado correctamente: id=1
[2025-07-02 16:27:52] [INFO]: [USUARIO] Actualización de usuario: id=1
[2025-07-02 16:27:52] [INFO]: [USUARIO] Usuario actualizado correctamente: id=1
[2025-07-02 16:27:59] [INFO]: [USUARIO] Solicitud de listado de usuarios
[2025-07-02 16:28:10] [INFO]: [CLIENTE] Solicitud de listado de clientes
[2025-07-02 16:28:19] [INFO]: [USUARIO] Solicitud de listado de usuarios
[2025-07-02 16:29:56] [INFO]: [USUARIO] Solicitud de usuario por ID: 1
[2025-07-02 16:29:56] [INFO]: [USUARIOS_NUMEROS] Solicitud de listado de usuarios_numeros
[2025-07-02 16:30:00] [INFO]: [USUARIO] Solicitud de usuario por ID: 1
[2025-07-02 16:30:00] [INFO]: [ROL] Solicitud de listado de roles
[2025-07-02 16:30:06] [INFO]: [ROL] Actualización de rol: id=1
[2025-07-02 16:30:06] [INFO]: [ROL] Actualización de rol: id=1
[2025-07-02 16:30:07] [INFO]: [ROL] Rol actualizado correctamente: id=1
[2025-07-02 16:30:07] [INFO]: [ROL] Solicitud de rol por ID: 1
[2025-07-02 16:30:07] [INFO]: [ROL] Rol actualizado correctamente: id=1
[2025-07-02 16:30:09] [INFO]: [CLIENTE] Solicitud de listado de clientes
[2025-07-02 16:30:44] [INFO]: [USUARIO] Solicitud de usuario por ID: 1
[2025-07-02 16:35:50] [INFO]: [USUARIO] Solicitud de listado de usuarios
[2025-07-02 16:35:52] [INFO]: [USUARIO] Solicitud de listado de usuarios
[2025-07-02 16:37:17] [INFO]: [USUARIO] Intento de registro: correo=sofia@gmail.com, nombre=Sofia Vera
[2025-07-02 16:37:17] [INFO]: [USUARIO] Registro exitoso: id=2, correo=sofia@gmail.com
[2025-07-02 16:37:29] [INFO]: DEBUG - Correo recibido: sofi@gmail.com
[2025-07-02 16:37:29] [INFO]: DEBUG - Hash para búsqueda: 0da90153d7e9866a39d471292ac9401d08e1fb73e1f7fa1c55e4c533610f5b7f
[2025-07-02 16:37:29] [INFO]: DEBUG - Usuario NO encontrado con ese hash
[2025-07-02 16:37:33] [INFO]: DEBUG - Correo recibido: sofi@gmail.com
[2025-07-02 16:37:33] [INFO]: DEBUG - Hash para búsqueda: 0da90153d7e9866a39d471292ac9401d08e1fb73e1f7fa1c55e4c533610f5b7f
[2025-07-02 16:37:33] [INFO]: DEBUG - Usuario NO encontrado con ese hash
[2025-07-02 16:37:42] [INFO]: DEBUG - Correo recibido: sofi@gmail.com
[2025-07-02 16:37:42] [INFO]: DEBUG - Hash para búsqueda: 0da90153d7e9866a39d471292ac9401d08e1fb73e1f7fa1c55e4c533610f5b7f
[2025-07-02 16:37:42] [INFO]: DEBUG - Usuario NO encontrado con ese hash
[2025-07-02 16:37:49] [INFO]: DEBUG - Correo recibido: sofia@gmail.com
[2025-07-02 16:37:49] [INFO]: DEBUG - Hash para búsqueda: bdd8ef419d30192fb4540ab45d1156a9a66b0723014f0131a9368543a3361d61
[2025-07-02 16:37:49] [INFO]: DEBUG - Usuario encontrado: 2
[2025-07-02 16:37:49] [INFO]: DEBUG - Password match: true
[2025-07-02 16:38:01] [INFO]: DEBUG - Correo recibido: sofia@gmail.com
[2025-07-02 16:38:01] [INFO]: DEBUG - Hash para búsqueda: bdd8ef419d30192fb4540ab45d1156a9a66b0723014f0131a9368543a3361d61
[2025-07-02 16:38:01] [INFO]: DEBUG - Usuario encontrado: 2
[2025-07-02 16:38:02] [INFO]: DEBUG - Password match: true
[2025-07-02 16:39:36] [INFO]: [USUARIO] Solicitud de usuario por ID: 2
[2025-07-02 16:39:39] [INFO]: [USUARIO] Solicitud de listado de usuarios
[2025-07-02 16:39:39] [INFO]: [USUARIOS_NUMEROS] Solicitud de listado de usuarios_numeros
[2025-07-02 16:39:39] [INFO]: [USUARIO] Solicitud de usuario por ID: 2
[2025-07-02 16:39:40] [INFO]: [USUARIO] Solicitud de listado de usuarios
[2025-07-02 16:40:00] [INFO]: [USUARIOS_NUMEROS] Solicitud de listado de usuarios_numeros
[2025-07-02 16:40:00] [INFO]: [USUARIO] Solicitud de usuario por ID: 2
[2025-07-02 16:40:02] [INFO]: [USUARIO] Solicitud de usuario por ID: 2
[2025-07-02 16:40:02] [INFO]: [ROL] Solicitud de listado de roles
[2025-07-02 16:40:15] [INFO]: [CLIENTE] Solicitud de listado de clientes
[2025-07-02 16:41:10] [INFO]: [USUARIO] Solicitud de usuario por ID: 2
[2025-07-02 16:41:12] [INFO]: [CLIENTE] Solicitud de listado de clientes
[2025-07-02 16:41:43] [INFO]: [USUARIO] Solicitud de listado de usuarios
[2025-07-02 16:51:48] [INFO]: [CLIENTE] Intento de login: correo=lenin@gmail.com
[2025-07-02 16:51:48] [INFO]: [CLIENTE] Hash para búsqueda: 317d9b4b4ba87dae99d44ea18f6ab581310b2a21dbe437d0a2ca5cc77de4d5bc
[2025-07-02 16:51:48] [INFO]: [CLIENTE] Usuario encontrado: 1
[2025-07-02 16:51:49] [INFO]: [CLIENTE] Password match: true
[2025-07-02 16:57:17] [INFO]: [CLIENTE] Solicitud de listado de clientes
[2025-07-02 17:08:02] [INFO]: [CLIENTE] Intento de login: correo=lenin@gmail.com
[2025-07-02 17:08:02] [INFO]: [CLIENTE] Hash para búsqueda: 317d9b4b4ba87dae99d44ea18f6ab581310b2a21dbe437d0a2ca5cc77de4d5bc
[2025-07-02 17:08:02] [INFO]: [CLIENTE] Usuario encontrado: 1
[2025-07-02 17:08:02] [INFO]: [CLIENTE] Password match: true
[2025-07-02 17:14:54] [INFO]: [CLIENTE] Intento de login: correo=lenin@gmail.com
[2025-07-02 17:14:54] [INFO]: [CLIENTE] Hash para búsqueda: 317d9b4b4ba87dae99d44ea18f6ab581310b2a21dbe437d0a2ca5cc77de4d5bc
[2025-07-02 17:14:54] [INFO]: [CLIENTE] Usuario encontrado: 1
[2025-07-02 17:14:54] [INFO]: [CLIENTE] Password match: true
[2025-07-02 17:16:15] [INFO]: [CLIENTE] Intento de login: correo=lenin@gmail.com
[2025-07-02 17:16:15] [INFO]: [CLIENTE] Hash para búsqueda: 317d9b4b4ba87dae99d44ea18f6ab581310b2a21dbe437d0a2ca5cc77de4d5bc
[2025-07-02 17:16:15] [INFO]: [CLIENTE] Usuario encontrado: 1
[2025-07-02 17:16:15] [INFO]: [CLIENTE] Password match: true
[2025-07-02 17:22:22] [INFO]: [CLIENTE] Intento de login: correo=lenin@gmail.com
[2025-07-02 17:22:22] [INFO]: [CLIENTE] Hash para búsqueda: 317d9b4b4ba87dae99d44ea18f6ab581310b2a21dbe437d0a2ca5cc77de4d5bc
[2025-07-02 17:22:22] [INFO]: [CLIENTE] Usuario encontrado: 1
[2025-07-02 17:22:22] [INFO]: [CLIENTE] Password match: true
[2025-07-02 17:23:11] [INFO]: [CLIENTE] Solicitud de listado de clientes
[2025-07-02 17:23:22] [INFO]: [CLIENTE] Solicitud de cliente por ID: 1
[2025-07-02 17:23:26] [INFO]: [CLIENTE] Solicitud de cliente por ID: 2
[2025-07-02 17:23:26] [WARN]: [CLIENTE] Cliente no encontrado: id=2
[2025-07-02 17:23:30] [INFO]: [CLIENTE] Solicitud de cliente por ID: 1
[2025-07-02 17:29:33] [INFO]: [CLIENTE] Intento de login: correo=lenin@gmail.com
[2025-07-02 17:29:33] [INFO]: [CLIENTE] Hash para búsqueda: 317d9b4b4ba87dae99d44ea18f6ab581310b2a21dbe437d0a2ca5cc77de4d5bc
[2025-07-02 17:29:33] [INFO]: [CLIENTE] Usuario encontrado: 1
[2025-07-02 17:29:33] [INFO]: [CLIENTE] Password match: false
[2025-07-02 17:29:33] [WARN]: [CLIENTE] Login fallido: contraseña incorrecta para usuario id=1
[2025-07-02 17:29:35] [INFO]: [CLIENTE] Intento de login: correo=lenin@gmail.com
[2025-07-02 17:29:35] [INFO]: [CLIENTE] Hash para búsqueda: 317d9b4b4ba87dae99d44ea18f6ab581310b2a21dbe437d0a2ca5cc77de4d5bc
[2025-07-02 17:29:35] [INFO]: [CLIENTE] Usuario encontrado: 1
[2025-07-02 17:29:35] [INFO]: [CLIENTE] Password match: true
[2025-07-02 17:37:41] [INFO]: [CLIENTE] Intento de login: correo=lenin@gmail.com
[2025-07-02 17:37:41] [INFO]: [CLIENTE] Hash para búsqueda: 317d9b4b4ba87dae99d44ea18f6ab581310b2a21dbe437d0a2ca5cc77de4d5bc
[2025-07-02 17:37:41] [INFO]: [CLIENTE] Usuario encontrado: 1
[2025-07-02 17:37:41] [INFO]: [CLIENTE] Password match: true
[2025-07-02 17:52:15] [INFO]: [CLIENTE] Intento de login: correo=lenin@gmail.com
[2025-07-02 17:52:15] [INFO]: [CLIENTE] Hash para búsqueda: 317d9b4b4ba87dae99d44ea18f6ab581310b2a21dbe437d0a2ca5cc77de4d5bc
[2025-07-02 17:52:15] [INFO]: [CLIENTE] Usuario encontrado: 1
[2025-07-02 17:52:15] [INFO]: [CLIENTE] Password match: true
[2025-07-02 17:57:46] [INFO]: [CLIENTE] Intento de login: correo=lenin@gmail.com
[2025-07-02 17:57:46] [INFO]: [CLIENTE] Hash para búsqueda: 317d9b4b4ba87dae99d44ea18f6ab581310b2a21dbe437d0a2ca5cc77de4d5bc
[2025-07-02 17:57:46] [INFO]: [CLIENTE] Usuario encontrado: 1
[2025-07-02 17:57:46] [INFO]: [CLIENTE] Password match: true
[2025-07-02 18:08:12] [INFO]: [CLIENTE] Intento de login: correo=lenin@gmail.com
[2025-07-02 18:08:12] [INFO]: [CLIENTE] Hash para búsqueda: 317d9b4b4ba87dae99d44ea18f6ab581310b2a21dbe437d0a2ca5cc77de4d5bc
[2025-07-02 18:08:12] [INFO]: [CLIENTE] Usuario encontrado: 1
[2025-07-02 18:08:12] [INFO]: [CLIENTE] Password match: true
[2025-07-02 18:18:45] [INFO]: [CLIENTE] Intento de login: correo=lenin@gmail.com
[2025-07-02 18:18:45] [INFO]: [CLIENTE] Hash para búsqueda: 317d9b4b4ba87dae99d44ea18f6ab581310b2a21dbe437d0a2ca5cc77de4d5bc
[2025-07-02 18:18:45] [INFO]: [CLIENTE] Usuario encontrado: 1
[2025-07-02 18:18:45] [INFO]: [CLIENTE] Password match: true
[2025-07-02 18:38:34] [INFO]: [USUARIO] Solicitud de listado de usuarios
[2025-07-02 19:00:42] [INFO]: [CLIENTE] Intento de login: correo=lenin@gmail.com
[2025-07-02 19:00:42] [INFO]: [CLIENTE] Hash para búsqueda: 317d9b4b4ba87dae99d44ea18f6ab581310b2a21dbe437d0a2ca5cc77de4d5bc
[2025-07-02 19:00:42] [INFO]: [CLIENTE] Usuario encontrado: 1
[2025-07-02 19:00:42] [INFO]: [CLIENTE] Password match: true
[2025-07-02 19:02:26] [INFO]: El servidor está escuchando en el puerto 9000
[2025-07-02 19:02:26] [INFO]: Conexión exitosa a MongoDB
[2025-07-02 19:02:26] [INFO]: Base de datos conectada
[2025-07-02 19:02:27] [INFO]: Conexión establecida con la base de datos
[2025-07-02 19:02:50] [INFO]: Database synchronized
[2025-07-02 19:03:13] [INFO]: [CLIENTE] Intento de login: correo=lenin@gmail.com
[2025-07-02 19:03:13] [INFO]: [CLIENTE] Hash para búsqueda: 317d9b4b4ba87dae99d44ea18f6ab581310b2a21dbe437d0a2ca5cc77de4d5bc
[2025-07-02 19:03:13] [INFO]: [CLIENTE] Usuario encontrado: 1
[2025-07-02 19:03:13] [INFO]: [CLIENTE] Password match: true
[2025-07-02 19:05:19] [INFO]: [USUARIO] Solicitud de usuario por ID: 2
[2025-07-02 19:05:19] [INFO]: [USUARIOS_NUMEROS] Solicitud de listado de usuarios_numeros
[2025-07-02 19:29:42] [INFO]: [CLIENTE] Intento de login: correo=lenin@gmail.com
[2025-07-02 19:29:42] [INFO]: [CLIENTE] Hash para búsqueda: 317d9b4b4ba87dae99d44ea18f6ab581310b2a21dbe437d0a2ca5cc77de4d5bc
[2025-07-02 19:29:42] [INFO]: [CLIENTE] Usuario encontrado: 1
[2025-07-02 19:29:42] [INFO]: [CLIENTE] Password match: true
[2025-07-02 19:31:30] [INFO]: [CLIENTE] Intento de login: correo=lenin@gmail.com
[2025-07-02 19:31:30] [INFO]: [CLIENTE] Hash para búsqueda: 317d9b4b4ba87dae99d44ea18f6ab581310b2a21dbe437d0a2ca5cc77de4d5bc
[2025-07-02 19:31:30] [INFO]: [CLIENTE] Usuario encontrado: 1
[2025-07-02 19:31:30] [INFO]: [CLIENTE] Password match: true
[2025-07-02 19:34:56] [INFO]: [CLIENTE] Intento de login: correo=lenin@gmail.com
[2025-07-02 19:34:56] [INFO]: [CLIENTE] Hash para búsqueda: 317d9b4b4ba87dae99d44ea18f6ab581310b2a21dbe437d0a2ca5cc77de4d5bc
[2025-07-02 19:34:56] [INFO]: [CLIENTE] Usuario encontrado: 1
[2025-07-02 19:34:56] [INFO]: [CLIENTE] Password match: true
[2025-07-02 20:52:41] [INFO]: [USUARIO] Solicitud de usuario por ID: 2
[2025-07-02 20:52:41] [INFO]: [USUARIOS_NUMEROS] Solicitud de listado de usuarios_numeros
[2025-07-02 20:52:42] [INFO]: [USUARIO] Solicitud de usuario por ID: 2
[2025-07-02 20:52:42] [INFO]: [ROL] Solicitud de listado de roles
[2025-07-02 20:52:43] [INFO]: [USUARIO] Solicitud de usuario por ID: 2
[2025-07-02 20:52:43] [INFO]: [USUARIOS_NUMEROS] Solicitud de listado de usuarios_numeros
[2025-07-02 20:52:44] [INFO]: [ROL] Solicitud de listado de roles
[2025-07-02 20:52:44] [INFO]: [USUARIO] Solicitud de usuario por ID: 2
[2025-07-02 20:52:45] [INFO]: [USUARIO] Solicitud de usuario por ID: 2
[2025-07-02 20:52:45] [INFO]: [USUARIOS_NUMEROS] Solicitud de listado de usuarios_numeros
[2025-07-02 20:52:45] [INFO]: [USUARIO] Solicitud de listado de usuarios
[2025-07-02 20:52:46] [INFO]: [ROL] Solicitud de listado de roles
[2025-07-02 20:52:46] [INFO]: [USUARIO] Solicitud de usuario por ID: 2
[2025-07-02 20:52:47] [INFO]: [CLIENTE] Solicitud de listado de clientes
[2025-07-02 20:52:49] [INFO]: [CLIENTE] Solicitud de listado de clientes
[2025-07-02 20:53:38] [INFO]: [USUARIO] Solicitud de usuario por ID: 2
[2025-07-02 21:04:14] [INFO]: [CLIENTE] Intento de login: correo=lenin@gmail.com
[2025-07-02 21:04:14] [INFO]: [CLIENTE] Hash para búsqueda: 317d9b4b4ba87dae99d44ea18f6ab581310b2a21dbe437d0a2ca5cc77de4d5bc
[2025-07-02 21:04:15] [INFO]: [CLIENTE] Usuario encontrado: 1
[2025-07-02 21:04:15] [INFO]: [CLIENTE] Password match: true
[2025-07-02 21:12:32] [INFO]: [USUARIO] Solicitud de usuario por ID: 2
[2025-07-02 21:12:32] [INFO]: [USUARIOS_NUMEROS] Solicitud de listado de usuarios_numeros
[2025-07-02 21:12:33] [INFO]: [USUARIO] Solicitud de listado de usuarios
[2025-07-02 21:12:33] [INFO]: [USUARIO] Solicitud de usuario por ID: 2
[2025-07-02 21:12:33] [INFO]: [USUARIOS_NUMEROS] Solicitud de listado de usuarios_numeros
[2025-07-02 21:12:36] [INFO]: [USUARIO] Solicitud de usuario por ID: 2
[2025-07-02 21:13:28] [INFO]: DEBUG - Correo recibido: isma@gmail.com
[2025-07-02 21:13:28] [INFO]: DEBUG - Hash para búsqueda: 96ab28e8a64c85023ffffdeddeb13b7993e509fcf0e8c55ef3be066db55019f2
[2025-07-02 21:13:28] [INFO]: DEBUG - Usuario encontrado: 1
[2025-07-02 21:13:28] [INFO]: DEBUG - Password match: true
[2025-07-02 21:13:43] [INFO]: DEBUG - Correo recibido: isma@gmail.com
[2025-07-02 21:13:43] [INFO]: DEBUG - Hash para búsqueda: 96ab28e8a64c85023ffffdeddeb13b7993e509fcf0e8c55ef3be066db55019f2
[2025-07-02 21:13:43] [INFO]: DEBUG - Usuario encontrado: 1
[2025-07-02 21:13:43] [INFO]: DEBUG - Password match: true
[2025-07-02 21:13:58] [INFO]: DEBUG - Correo recibido: isma@gmail.com
[2025-07-02 21:13:58] [INFO]: DEBUG - Hash para búsqueda: 96ab28e8a64c85023ffffdeddeb13b7993e509fcf0e8c55ef3be066db55019f2
[2025-07-02 21:13:58] [INFO]: DEBUG - Usuario encontrado: 1
[2025-07-02 21:13:58] [INFO]: DEBUG - Password match: true
[2025-07-02 21:14:06] [INFO]: DEBUG - Correo recibido: isma@gmail.com
[2025-07-02 21:14:06] [INFO]: DEBUG - Hash para búsqueda: 96ab28e8a64c85023ffffdeddeb13b7993e509fcf0e8c55ef3be066db55019f2
[2025-07-02 21:14:06] [INFO]: DEBUG - Usuario encontrado: 1
[2025-07-02 21:14:06] [INFO]: DEBUG - Password match: true
[2025-07-02 21:14:18] [INFO]: DEBUG - Correo recibido: isma@gmail.com
[2025-07-02 21:14:18] [INFO]: DEBUG - Hash para búsqueda: 96ab28e8a64c85023ffffdeddeb13b7993e509fcf0e8c55ef3be066db55019f2
[2025-07-02 21:14:18] [INFO]: DEBUG - Usuario encontrado: 1
[2025-07-02 21:14:18] [INFO]: DEBUG - Password match: true
[2025-07-02 21:14:40] [INFO]: [USUARIO] Solicitud de listado de usuarios
[2025-07-02 21:14:54] [INFO]: [USUARIO] Actualización de usuario: id=2
[2025-07-02 21:14:54] [INFO]: [USUARIO] Usuario actualizado correctamente: id=2
[2025-07-02 21:14:58] [INFO]: [USUARIO] Solicitud de listado de usuarios
[2025-07-02 21:15:04] [INFO]: [USUARIO] Actualización de usuario: id=2
[2025-07-02 21:15:04] [INFO]: [USUARIO] Usuario actualizado correctamente: id=2
[2025-07-02 21:15:06] [INFO]: [USUARIO] Solicitud de usuario por ID: 1
[2025-07-02 21:15:06] [INFO]: [USUARIOS_NUMEROS] Solicitud de listado de usuarios_numeros
[2025-07-02 21:15:15] [INFO]: [USUARIO] Solicitud de usuario por ID: 1
[2025-07-02 21:15:15] [INFO]: [ROL] Solicitud de listado de roles
[2025-07-02 21:15:24] [INFO]: [CLIENTE] Solicitud de listado de clientes
[2025-07-02 21:17:13] [INFO]: [USUARIO] Solicitud de usuario por ID: 1
[2025-07-02 21:17:16] [INFO]: [USUARIO] Solicitud de listado de usuarios
[2025-07-02 21:17:17] [INFO]: [USUARIOS_NUMEROS] Solicitud de listado de usuarios_numeros
[2025-07-02 21:17:17] [INFO]: [USUARIO] Solicitud de usuario por ID: 1
[2025-07-02 21:26:54] [INFO]: DEBUG - Correo recibido: isma@gmail.com
[2025-07-02 21:26:54] [INFO]: DEBUG - Hash para búsqueda: 96ab28e8a64c85023ffffdeddeb13b7993e509fcf0e8c55ef3be066db55019f2
[2025-07-02 21:26:54] [INFO]: DEBUG - Usuario encontrado: 1
[2025-07-02 21:26:54] [INFO]: DEBUG - Password match: true
[2025-07-02 21:27:07] [INFO]: [USUARIO] Solicitud de listado de usuarios
[2025-07-02 21:27:08] [INFO]: [USUARIO] Solicitud de usuario por ID: 1
[2025-07-02 21:27:08] [INFO]: [USUARIOS_NUMEROS] Solicitud de listado de usuarios_numeros
[2025-07-02 21:27:09] [INFO]: [ROL] Solicitud de listado de roles
[2025-07-02 21:27:09] [INFO]: [USUARIO] Solicitud de usuario por ID: 1
[2025-07-02 21:27:11] [INFO]: [CLIENTE] Solicitud de listado de clientes
[2025-07-02 21:29:05] [INFO]: DEBUG - Correo recibido: isma@gmail.com
[2025-07-02 21:29:05] [INFO]: DEBUG - Hash para búsqueda: 96ab28e8a64c85023ffffdeddeb13b7993e509fcf0e8c55ef3be066db55019f2
[2025-07-02 21:29:05] [INFO]: DEBUG - Usuario encontrado: 1
[2025-07-02 21:29:05] [INFO]: DEBUG - Password match: true
[2025-07-02 21:29:08] [INFO]: [USUARIO] Solicitud de listado de usuarios
[2025-07-02 21:29:13] [INFO]: [USUARIO] Solicitud de usuario por ID: 1
[2025-07-02 21:29:13] [INFO]: [USUARIOS_NUMEROS] Solicitud de listado de usuarios_numeros
[2025-07-02 21:29:15] [INFO]: [ROL] Solicitud de listado de roles
[2025-07-02 21:29:15] [INFO]: [USUARIO] Solicitud de usuario por ID: 1
[2025-07-02 21:29:18] [INFO]: [CLIENTE] Solicitud de listado de clientes
[2025-07-03 09:54:43] [INFO]: El servidor está escuchando en el puerto 9000
[2025-07-03 09:54:43] [INFO]: Conexión exitosa a MongoDB
[2025-07-03 09:54:46] [INFO]: Base de datos conectada
[2025-07-03 09:54:46] [INFO]: Conexión establecida con la base de datos
[2025-07-03 09:55:11] [INFO]: Database synchronized
[2025-07-03 09:57:09] [INFO]: DEBUG - Correo recibido: isma@gmail.com
[2025-07-03 09:57:09] [INFO]: DEBUG - Hash para búsqueda: 96ab28e8a64c85023ffffdeddeb13b7993e509fcf0e8c55ef3be066db55019f2
[2025-07-03 09:57:09] [INFO]: DEBUG - Usuario encontrado: 1
[2025-07-03 09:57:09] [INFO]: DEBUG - Password match: true
[2025-07-03 10:19:42] [INFO]: El servidor está escuchando en el puerto 9000
[2025-07-03 10:19:42] [INFO]: Conexión exitosa a MongoDB
[2025-07-03 10:19:43] [INFO]: Base de datos conectada
[2025-07-03 10:19:43] [INFO]: Conexión establecida con la base de datos
[2025-07-03 10:20:08] [INFO]: Database synchronized
[2025-07-03 10:37:29] [ERROR]: invalid csrf token
STACK:
ForbiddenError: invalid csrf token
    at csrf (C:\Users\USUARIO\Desktop\sos-semana4\back_sos911\node_modules\csurf\index.js:112:19)
    at Layer.handle [as handle_request] (C:\Users\USUARIO\Desktop\sos-semana4\back_sos911\node_modules\express\lib\router\layer.js:95:5)
    at trim_prefix (C:\Users\USUARIO\Desktop\sos-semana4\back_sos911\node_modules\express\lib\router\index.js:328:13)
    at C:\Users\USUARIO\Desktop\sos-semana4\back_sos911\node_modules\express\lib\router\index.js:286:9
    at Function.process_params (C:\Users\USUARIO\Desktop\sos-semana4\back_sos911\node_modules\express\lib\router\index.js:346:12)
    at next (C:\Users\USUARIO\Desktop\sos-semana4\back_sos911\node_modules\express\lib\router\index.js:280:10)
    at C:\Users\USUARIO\Desktop\sos-semana4\back_sos911\src\app.js:127:5
    at Layer.handle [as handle_request] (C:\Users\USUARIO\Desktop\sos-semana4\back_sos911\node_modules\express\lib\router\layer.js:95:5)
    at trim_prefix (C:\Users\USUARIO\Desktop\sos-semana4\back_sos911\node_modules\express\lib\router\index.js:328:13)
    at C:\Users\USUARIO\Desktop\sos-semana4\back_sos911\node_modules\express\lib\router\index.js:286:9
[2025-07-03 10:37:29] [WARN]: Error de validación CSRF
[2025-07-03 10:37:32] [ERROR]: invalid csrf token
STACK:
ForbiddenError: invalid csrf token
    at csrf (C:\Users\USUARIO\Desktop\sos-semana4\back_sos911\node_modules\csurf\index.js:112:19)
    at Layer.handle [as handle_request] (C:\Users\USUARIO\Desktop\sos-semana4\back_sos911\node_modules\express\lib\router\layer.js:95:5)
    at trim_prefix (C:\Users\USUARIO\Desktop\sos-semana4\back_sos911\node_modules\express\lib\router\index.js:328:13)
    at C:\Users\USUARIO\Desktop\sos-semana4\back_sos911\node_modules\express\lib\router\index.js:286:9
    at Function.process_params (C:\Users\USUARIO\Desktop\sos-semana4\back_sos911\node_modules\express\lib\router\index.js:346:12)
    at next (C:\Users\USUARIO\Desktop\sos-semana4\back_sos911\node_modules\express\lib\router\index.js:280:10)
    at C:\Users\USUARIO\Desktop\sos-semana4\back_sos911\src\app.js:127:5
    at Layer.handle [as handle_request] (C:\Users\USUARIO\Desktop\sos-semana4\back_sos911\node_modules\express\lib\router\layer.js:95:5)
    at trim_prefix (C:\Users\USUARIO\Desktop\sos-semana4\back_sos911\node_modules\express\lib\router\index.js:328:13)
    at C:\Users\USUARIO\Desktop\sos-semana4\back_sos911\node_modules\express\lib\router\index.js:286:9
[2025-07-03 10:37:32] [WARN]: Error de validación CSRF
[2025-07-03 10:38:53] [INFO]: [CLIENTE] Solicitud de cliente por ID: 1
[2025-07-03 10:43:28] [INFO]: El servidor está escuchando en el puerto 9000
[2025-07-03 10:43:28] [INFO]: Conexión exitosa a MongoDB
[2025-07-03 10:43:28] [INFO]: Base de datos conectada
[2025-07-03 10:43:29] [INFO]: Conexión establecida con la base de datos
[2025-07-03 10:43:55] [INFO]: Database synchronized
[2025-07-03 10:44:17] [INFO]: El servidor está escuchando en el puerto 9000
[2025-07-03 10:44:17] [INFO]: Conexión exitosa a MongoDB
[2025-07-03 10:44:17] [INFO]: Base de datos conectada
[2025-07-03 10:44:18] [INFO]: Conexión establecida con la base de datos
[2025-07-03 10:44:43] [INFO]: Database synchronized
[2025-07-03 10:53:53] [INFO]: El servidor está escuchando en el puerto 9000
[2025-07-03 10:53:53] [INFO]: Conexión exitosa a MongoDB
[2025-07-03 10:53:53] [INFO]: Base de datos conectada
[2025-07-03 10:53:54] [INFO]: Conexión establecida con la base de datos
[2025-07-03 10:54:17] [INFO]: Database synchronized
[2025-07-03 10:54:50] [INFO]: [USUARIO] Solicitud de listado de usuarios
[2025-07-03 10:54:56] [INFO]: [USUARIO] Solicitud de usuario por ID: 1
[2025-07-03 10:54:58] [INFO]: [USUARIO] Solicitud de listado de usuarios
[2025-07-03 10:54:59] [INFO]: [USUARIO] Solicitud de usuario por ID: 1
[2025-07-03 10:54:59] [INFO]: [USUARIOS_NUMEROS] Solicitud de listado de usuarios_numeros
[2025-07-03 10:55:02] [INFO]: [CLIENTE] Solicitud de listado de clientes
[2025-07-03 10:55:10] [INFO]: [USUARIO] Solicitud de listado de usuarios
[2025-07-03 10:55:12] [INFO]: [USUARIO] Solicitud de usuario por ID: 1
[2025-07-03 10:55:12] [INFO]: [ROL] Solicitud de listado de roles
[2025-07-03 11:03:22] [INFO]: El servidor está escuchando en el puerto 9000
[2025-07-03 11:03:22] [INFO]: Conexión exitosa a MongoDB
[2025-07-03 11:03:22] [INFO]: Base de datos conectada
[2025-07-03 11:03:23] [INFO]: Conexión establecida con la base de datos
[2025-07-03 11:03:49] [INFO]: Database synchronized
[2025-07-03 16:04:31] [INFO]: [GET] /api/mobile_content 404 1.393 ms - IP: ::ffff:192.168.1.31 - Agent: PostmanRuntime/7.44.1
[2025-07-03 16:04:37] [INFO]: [GET] /api/mobile_content 404 0.277 ms - IP: ::ffff:192.168.1.31 - Agent: PostmanRuntime/7.44.1
[2025-07-03 11:05:26] [INFO]: El servidor está escuchando en el puerto 9000
[2025-07-03 11:05:26] [INFO]: Conexión exitosa a MongoDB
[2025-07-03 11:05:27] [INFO]: Base de datos conectada
[2025-07-03 11:05:27] [INFO]: Conexión establecida con la base de datos
[2025-07-03 11:05:50] [INFO]: Database synchronized
[2025-07-03 11:16:05] [INFO]: El servidor está escuchando en el puerto 9000
[2025-07-03 11:16:05] [INFO]: Conexión exitosa a MongoDB
[2025-07-03 11:16:06] [INFO]: Base de datos conectada
[2025-07-03 11:16:06] [INFO]: Conexión establecida con la base de datos
[2025-07-03 11:16:31] [INFO]: Database synchronized
[2025-07-03 11:20:35] [INFO]: El servidor está escuchando en el puerto 9000
[2025-07-03 11:20:35] [INFO]: Conexión exitosa a MongoDB
[2025-07-03 11:20:36] [INFO]: Base de datos conectada
[2025-07-03 11:20:36] [INFO]: Conexión establecida con la base de datos
[2025-07-03 11:20:57] [INFO]: Creando documento por defecto con secciones: [object Object],[object Object],[object Object]
[2025-07-03 11:20:57] [ERROR]: Error al crear o buscar contenido: ValidationError: sections.0.content: Path `content` is required., sections.1.content: Path `content` is required., sections.2.content: Path `content` is required.
[2025-07-03 11:21:02] [INFO]: Database synchronized
[2025-07-03 11:26:48] [INFO]: El servidor está escuchando en el puerto 9000
[2025-07-03 11:26:48] [INFO]: Conexión exitosa a MongoDB
[2025-07-03 11:26:48] [INFO]: Base de datos conectada
[2025-07-03 11:26:49] [INFO]: Conexión establecida con la base de datos
[2025-07-03 11:27:13] [INFO]: Database synchronized
[2025-07-03 16:27:19] [INFO]: [GET] /api/mobile_content 404 1.900 ms - IP: ::ffff:192.168.1.31 - Agent: PostmanRuntime/7.44.1
[2025-07-03 11:27:26] [INFO]: Creando documento por defecto con secciones: [object Object],[object Object],[object Object]
[2025-07-03 11:27:26] [ERROR]: Error al crear o buscar contenido: ValidationError: sections.0.content: Path `content` is required., sections.1.content: Path `content` is required., sections.2.content: Path `content` is required.
[2025-07-03 11:30:36] [INFO]: El servidor está escuchando en el puerto 9000
[2025-07-03 11:30:36] [INFO]: Conexión exitosa a MongoDB
[2025-07-03 11:30:36] [INFO]: Base de datos conectada
[2025-07-03 11:30:37] [INFO]: Conexión establecida con la base de datos
[2025-07-03 11:31:00] [INFO]: Database synchronized
[2025-07-03 11:31:01] [INFO]: Creando documento por defecto con secciones: [object Object],[object Object],[object Object]
[2025-07-03 11:31:01] [ERROR]: Error al crear o buscar contenido: ValidationError: sections.0.content: Path `content` is required., sections.1.content: Path `content` is required., sections.2.content: Path `content` is required.
[2025-07-03 11:31:43] [INFO]: Creando documento por defecto con secciones: [object Object],[object Object],[object Object]
[2025-07-03 11:31:43] [ERROR]: Error al crear o buscar contenido: ValidationError: sections.0.content: Path `content` is required., sections.1.content: Path `content` is required., sections.2.content: Path `content` is required.
[2025-07-03 11:38:27] [INFO]: El servidor está escuchando en el puerto 9000
[2025-07-03 11:38:27] [INFO]: Conexión exitosa a MongoDB
[2025-07-03 11:38:28] [INFO]: Base de datos conectada
[2025-07-03 11:38:28] [INFO]: Conexión establecida con la base de datos
[2025-07-03 11:38:33] [INFO]: Creando documento por defecto con secciones: [object Object],[object Object],[object Object]
[2025-07-03 11:38:33] [ERROR]: Error al crear o buscar contenido: ValidationError: sections.0.content: Path `content` is required., sections.1.content: Path `content` is required., sections.2.content: Path `content` is required.
[2025-07-03 11:38:35] [INFO]: Creando documento por defecto con secciones: [object Object],[object Object],[object Object]
[2025-07-03 11:38:35] [ERROR]: Error al crear o buscar contenido: ValidationError: sections.0.content: Path `content` is required., sections.1.content: Path `content` is required., sections.2.content: Path `content` is required.
[2025-07-03 11:38:53] [INFO]: Database synchronized
[2025-07-03 11:40:58] [INFO]: Creando documento por defecto con secciones: [object Object],[object Object],[object Object]
[2025-07-03 11:40:58] [ERROR]: Error al crear o buscar contenido: ValidationError: sections.0.content: Path `content` is required., sections.1.content: Path `content` is required., sections.2.content: Path `content` is required.
[2025-07-03 11:44:42] [INFO]: El servidor está escuchando en el puerto 9000
[2025-07-03 11:44:42] [INFO]: Conexión exitosa a MongoDB
[2025-07-03 11:44:42] [INFO]: Base de datos conectada
[2025-07-03 11:44:43] [INFO]: Conexión establecida con la base de datos
[2025-07-03 11:45:00] [INFO]: Creando documento por defecto con secciones: [object Object],[object Object],[object Object]
[2025-07-03 11:45:08] [INFO]: Database synchronized
